date,week_number,sku_id,sku_name,category,warehouse_id,warehouse_name,unit_price,lead_time_days,festival_flag,promo_flag,demand_units,available_stock_units,fulfilled_units,stockout_flag
2024-01-07,1,SKU01,Lager 650ml,Beer,WH01,North DC,120,5,0,0,1395,2254,1395,0
2024-01-14,2,SKU01,Lager 650ml,Beer,WH01,North DC,120,5,0,0,1674,3435,1674,0
2024-01-21,3,SKU01,Lager 650ml,Beer,WH01,North DC,120,5,0,1,2085,4337,2085,0
2024-01-28,4,SKU01,Lager 650ml,Beer,WH01,North DC,120,5,0,0,1812,2252,1812,0
2024-02-04,5,SKU01,Lager 650ml,Beer,WH01,North DC,120,5,0,1,1881,3016,1881,0
2024-02-11,6,SKU01,Lager 650ml,Beer,WH01,North DC,120,5,0,0,1517,3711,1517,0
2024-02-18,7,SKU01,Lager 650ml,Beer,WH01,North DC,120,5,0,0,1113,2194,1113,0
2024-02-25,8,SKU01,Lager 650ml,Beer,WH01,North DC,120,5,0,0,1808,3657,1808,0
2024-03-03,9,SKU01,Lager 650ml,Beer,WH01,North DC,120,5,0,0,1773,4425,1773,0
2024-03-10,10,SKU01,Lager 650ml,Beer,WH01,North DC,120,5,1,0,2727,2652,2652,1
2024-03-17,11,SKU01,Lager 650ml,Beer,WH01,North DC,120,5,1,0,2771,2576,2576,1
2024-03-24,12,SKU01,Lager 650ml,Beer,WH01,North DC,120,5,1,0,3216,2576,2576,1
2024-03-31,13,SKU01,Lager 650ml,Beer,WH01,North DC,120,5,0,0,1905,2576,1905,0
2024-04-07,14,SKU01,Lager 650ml,Beer,WH01,North DC,120,5,0,0,2070,3247,2070,0
2024-04-14,15,SKU01,Lager 650ml,Beer,WH01,North DC,120,5,0,1,2562,3753,2562,0
2024-04-21,16,SKU01,Lager 650ml,Beer,WH01,North DC,120,5,0,0,2463,3767,2463,0
2024-04-28,17,SKU01,Lager 650ml,Beer,WH01,North DC,120,5,0,0,1943,3880,1943,0
2024-05-05,18,SKU01,Lager 650ml,Beer,WH01,North DC,120,5,0,0,2174,1937,1937,1
2024-05-12,19,SKU01,Lager 650ml,Beer,WH01,North DC,120,5,0,1,2697,2576,2576,1
2024-05-19,20,SKU01,Lager 650ml,Beer,WH01,North DC,120,5,0,0,2325,2576,2325,0
2024-05-26,21,SKU01,Lager 650ml,Beer,WH01,North DC,120,5,0,0,2966,2827,2827,1
2024-06-02,22,SKU01,Lager 650ml,Beer,WH01,North DC,120,5,0,0,2546,2576,2546,0
2024-06-09,23,SKU01,Lager 650ml,Beer,WH01,North DC,120,5,0,0,2288,2606,2288,0
2024-06-16,24,SKU01,Lager 650ml,Beer,WH01,North DC,120,5,0,0,2468,2894,2468,0
2024-06-23,25,SKU01,Lager 650ml,Beer,WH01,North DC,120,5,0,0,1964,3002,1964,0
2024-06-30,26,SKU01,Lager 650ml,Beer,WH01,North DC,120,5,0,0,1812,3614,1812,0
2024-07-07,27,SKU01,Lager 650ml,Beer,WH01,North DC,120,5,0,0,1599,4378,1599,0
2024-07-14,28,SKU01,Lager 650ml,Beer,WH01,North DC,120,5,0,0,1708,2779,1708,0
2024-07-21,29,SKU01,Lager 650ml,Beer,WH01,North DC,120,5,0,0,2045,3647,2045,0
2024-07-28,30,SKU01,Lager 650ml,Beer,WH01,North DC,120,5,0,0,2118,4178,2118,0
2024-08-04,31,SKU01,Lager 650ml,Beer,WH01,North DC,120,5,0,0,1625,2060,1625,0
2024-08-11,32,SKU01,Lager 650ml,Beer,WH01,North DC,120,5,0,0,1543,3011,1543,0
2024-08-18,33,SKU01,Lager 650ml,Beer,WH01,North DC,120,5,0,0,1368,4044,1368,0
2024-08-25,34,SKU01,Lager 650ml,Beer,WH01,North DC,120,5,0,1,2366,2676,2366,0
2024-09-01,35,SKU01,Lager 650ml,Beer,WH01,North DC,120,5,0,0,1911,2886,1911,0
2024-09-08,36,SKU01,Lager 650ml,Beer,WH01,North DC,120,5,0,0,1495,3551,1495,0
2024-09-15,37,SKU01,Lager 650ml,Beer,WH01,North DC,120,5,0,0,1469,2056,1469,0
2024-09-22,38,SKU01,Lager 650ml,Beer,WH01,North DC,120,5,0,0,1664,3163,1664,0
2024-09-29,39,SKU01,Lager 650ml,Beer,WH01,North DC,120,5,0,0,1983,4075,1983,0
2024-10-06,40,SKU01,Lager 650ml,Beer,WH01,North DC,120,5,1,0,3153,2092,2092,1
2024-10-13,41,SKU01,Lager 650ml,Beer,WH01,North DC,120,5,1,0,2888,2576,2576,1
2024-10-20,42,SKU01,Lager 650ml,Beer,WH01,North DC,120,5,1,0,3014,2576,2576,1
2024-10-27,43,SKU01,Lager 650ml,Beer,WH01,North DC,120,5,1,1,3153,2576,2576,1
2024-11-03,44,SKU01,Lager 650ml,Beer,WH01,North DC,120,5,1,0,3424,2576,2576,1
2024-11-10,45,SKU01,Lager 650ml,Beer,WH01,North DC,120,5,1,0,2851,2576,2576,1
2024-11-17,46,SKU01,Lager 650ml,Beer,WH01,North DC,120,5,0,0,1390,2576,1390,0
2024-11-24,47,SKU01,Lager 650ml,Beer,WH01,North DC,120,5,0,0,1653,3762,1653,0
2024-12-01,48,SKU01,Lager 650ml,Beer,WH01,North DC,120,5,0,0,1611,2109,1611,0
2024-12-08,49,SKU01,Lager 650ml,Beer,WH01,North DC,120,5,0,0,1802,3074,1802,0
2024-12-15,50,SKU01,Lager 650ml,Beer,WH01,North DC,120,5,0,0,1938,3848,1938,0
2024-12-22,51,SKU01,Lager 650ml,Beer,WH01,North DC,120,5,1,0,2976,4486,2976,0
2024-12-29,52,SKU01,Lager 650ml,Beer,WH01,North DC,120,5,1,0,2612,4086,2612,0
2025-01-05,53,SKU01,Lager 650ml,Beer,WH01,North DC,120,5,0,0,1655,4050,1655,0
2025-01-12,54,SKU01,Lager 650ml,Beer,WH01,North DC,120,5,0,0,1634,2395,1634,0
2025-01-19,55,SKU01,Lager 650ml,Beer,WH01,North DC,120,5,0,0,1166,3337,1166,0
2025-01-26,56,SKU01,Lager 650ml,Beer,WH01,North DC,120,5,0,0,1784,2171,1784,0
2025-02-02,57,SKU01,Lager 650ml,Beer,WH01,North DC,120,5,0,0,1808,2963,1808,0
2025-02-09,58,SKU01,Lager 650ml,Beer,WH01,North DC,120,5,0,0,1683,3731,1683,0
2025-02-16,59,SKU01,Lager 650ml,Beer,WH01,North DC,120,5,0,0,1524,2048,1524,0
2025-02-23,60,SKU01,Lager 650ml,Beer,WH01,North DC,120,5,0,0,2011,3100,2011,0
2025-03-02,61,SKU01,Lager 650ml,Beer,WH01,North DC,120,5,0,0,1977,3665,1977,0
2025-03-09,62,SKU01,Lager 650ml,Beer,WH01,North DC,120,5,0,0,1585,4264,1585,0
2025-03-16,63,SKU01,Lager 650ml,Beer,WH01,North DC,120,5,1,0,3215,2679,2679,1
2025-03-23,64,SKU01,Lager 650ml,Beer,WH01,North DC,120,5,1,0,3015,2576,2576,1
2025-03-30,65,SKU01,Lager 650ml,Beer,WH01,North DC,120,5,0,1,2630,2576,2576,1
2025-04-06,66,SKU01,Lager 650ml,Beer,WH01,North DC,120,5,0,0,2265,2576,2265,0
2025-04-13,67,SKU01,Lager 650ml,Beer,WH01,North DC,120,5,0,0,2436,2887,2436,0
2025-04-20,68,SKU01,Lager 650ml,Beer,WH01,North DC,120,5,0,0,2341,3027,2341,0
2025-04-27,69,SKU01,Lager 650ml,Beer,WH01,North DC,120,5,0,0,2127,3262,2127,0
2025-05-04,70,SKU01,Lager 650ml,Beer,WH01,North DC,120,5,0,0,2566,3711,2566,0
2025-05-11,71,SKU01,Lager 650ml,Beer,WH01,North DC,120,5,0,0,2747,3721,2747,0
2025-05-18,72,SKU01,Lager 650ml,Beer,WH01,North DC,120,5,0,0,2746,3550,2746,0
2025-05-25,73,SKU01,Lager 650ml,Beer,WH01,North DC,120,5,0,0,2216,3380,2216,0
2025-06-01,74,SKU01,Lager 650ml,Beer,WH01,North DC,120,5,0,0,2620,3740,2620,0
2025-06-08,75,SKU01,Lager 650ml,Beer,WH01,North DC,120,5,0,1,3555,3696,3555,0
2025-06-15,76,SKU01,Lager 650ml,Beer,WH01,North DC,120,5,0,1,3264,2717,2717,1
2025-06-22,77,SKU01,Lager 650ml,Beer,WH01,North DC,120,5,0,0,2550,2576,2550,0
2025-06-29,78,SKU01,Lager 650ml,Beer,WH01,North DC,120,5,0,0,2021,2602,2021,0
2025-07-06,79,SKU01,Lager 650ml,Beer,WH01,North DC,120,5,0,0,2170,3157,2170,0
2025-07-13,80,SKU01,Lager 650ml,Beer,WH01,North DC,120,5,0,0,1983,3563,1983,0
2025-07-20,81,SKU01,Lager 650ml,Beer,WH01,North DC,120,5,0,0,1937,4156,1937,0
2025-07-27,82,SKU01,Lager 650ml,Beer,WH01,North DC,120,5,0,0,2161,2219,2161,0
2025-08-03,83,SKU01,Lager 650ml,Beer,WH01,North DC,120,5,0,0,2052,2634,2052,0
2025-08-10,84,SKU01,Lager 650ml,Beer,WH01,North DC,120,5,0,0,2304,3158,2304,0
2025-08-17,85,SKU01,Lager 650ml,Beer,WH01,North DC,120,5,0,0,1462,3430,1462,0
2025-08-24,86,SKU01,Lager 650ml,Beer,WH01,North DC,120,5,0,0,2022,1968,1968,1
2025-08-31,87,SKU01,Lager 650ml,Beer,WH01,North DC,120,5,0,0,1903,2576,1903,0
2025-09-07,88,SKU01,Lager 650ml,Beer,WH01,North DC,120,5,0,0,2032,3249,2032,0
2025-09-14,89,SKU01,Lager 650ml,Beer,WH01,North DC,120,5,0,0,1823,3793,1823,0
2025-09-21,90,SKU01,Lager 650ml,Beer,WH01,North DC,120,5,0,1,2447,1970,1970,1
2025-09-28,91,SKU01,Lager 650ml,Beer,WH01,North DC,120,5,0,0,1816,2576,1816,0
2025-10-05,92,SKU01,Lager 650ml,Beer,WH01,North DC,120,5,1,0,2737,3336,2737,0
2025-10-12,93,SKU01,Lager 650ml,Beer,WH01,North DC,120,5,1,0,3491,3175,3175,1
2025-10-19,94,SKU01,Lager 650ml,Beer,WH01,North DC,120,5,1,0,2844,2576,2576,1
2025-10-26,95,SKU01,Lager 650ml,Beer,WH01,North DC,120,5,1,0,3512,2576,2576,1
2025-11-02,96,SKU01,Lager 650ml,Beer,WH01,North DC,120,5,1,0,3709,2576,2576,1
2025-11-09,97,SKU01,Lager 650ml,Beer,WH01,North DC,120,5,1,0,2887,2576,2576,1
2025-11-16,98,SKU01,Lager 650ml,Beer,WH01,North DC,120,5,0,0,1823,2576,1823,0
2025-11-23,99,SKU01,Lager 650ml,Beer,WH01,North DC,120,5,0,0,1983,3329,1983,0
2025-11-30,100,SKU01,Lager 650ml,Beer,WH01,North DC,120,5,0,0,1744,3922,1744,0
2025-12-07,101,SKU01,Lager 650ml,Beer,WH01,North DC,120,5,0,0,2387,2178,2178,1
2025-12-14,102,SKU01,Lager 650ml,Beer,WH01,North DC,120,5,0,0,1820,2576,1820,0
2025-12-21,103,SKU01,Lager 650ml,Beer,WH01,North DC,120,5,1,0,2390,3332,2390,0
2025-12-28,104,SKU01,Lager 650ml,Beer,WH01,North DC,120,5,1,1,3777,3518,3518,1
2024-01-07,1,SKU02,Lager 330ml,Beer,WH01,North DC,70,5,0,0,1586,2254,1586,0
2024-01-14,2,SKU02,Lager 330ml,Beer,WH01,North DC,70,5,0,0,1755,3244,1755,0
2024-01-21,3,SKU02,Lager 330ml,Beer,WH01,North DC,70,5,0,0,1526,4065,1526,0
2024-01-28,4,SKU02,Lager 330ml,Beer,WH01,North DC,70,5,0,0,1766,2539,1766,0
2024-02-04,5,SKU02,Lager 330ml,Beer,WH01,North DC,70,5,0,0,1438,3349,1438,0
2024-02-11,6,SKU02,Lager 330ml,Beer,WH01,North DC,70,5,0,0,1520,4487,1520,0
2024-02-18,7,SKU02,Lager 330ml,Beer,WH01,North DC,70,5,0,0,1744,2967,1744,0
2024-02-25,8,SKU02,Lager 330ml,Beer,WH01,North DC,70,5,0,0,1967,3799,1967,0
2024-03-03,9,SKU02,Lager 330ml,Beer,WH01,North DC,70,5,0,0,2106,4408,2106,0
2024-03-10,10,SKU02,Lager 330ml,Beer,WH01,North DC,70,5,1,0,3012,2302,2302,1
2024-03-17,11,SKU02,Lager 330ml,Beer,WH01,North DC,70,5,1,0,2652,2576,2576,1
2024-03-24,12,SKU02,Lager 330ml,Beer,WH01,North DC,70,5,1,0,3498,2576,2576,1
2024-03-31,13,SKU02,Lager 330ml,Beer,WH01,North DC,70,5,0,0,1946,2576,1946,0
2024-04-07,14,SKU02,Lager 330ml,Beer,WH01,North DC,70,5,0,0,2275,3206,2275,0
2024-04-14,15,SKU02,Lager 330ml,Beer,WH01,North DC,70,5,0,0,2590,3507,2590,0
2024-04-21,16,SKU02,Lager 330ml,Beer,WH01,North DC,70,5,0,0,2213,3493,2213,0
2024-04-28,17,SKU02,Lager 330ml,Beer,WH01,North DC,70,5,0,0,2276,3856,2276,0
2024-05-05,18,SKU02,Lager 330ml,Beer,WH01,North DC,70,5,0,0,2263,4156,2263,0
2024-05-12,19,SKU02,Lager 330ml,Beer,WH01,North DC,70,5,0,0,2263,4469,2263,0
2024-05-19,20,SKU02,Lager 330ml,Beer,WH01,North DC,70,5,0,1,2492,2206,2206,1
2024-05-26,21,SKU02,Lager 330ml,Beer,WH01,North DC,70,5,0,0,1747,2576,1747,0
2024-06-02,22,SKU02,Lager 330ml,Beer,WH01,North DC,70,5,0,0,2322,3405,2322,0
2024-06-09,23,SKU02,Lager 330ml,Beer,WH01,North DC,70,5,0,1,2488,3659,2488,0
2024-06-16,24,SKU02,Lager 330ml,Beer,WH01,North DC,70,5,0,0,2142,3747,2142,0
2024-06-23,25,SKU02,Lager 330ml,Beer,WH01,North DC,70,5,0,0,2382,4181,2382,0
2024-06-30,26,SKU02,Lager 330ml,Beer,WH01,North DC,70,5,0,0,1896,4375,1896,0
2024-07-07,27,SKU02,Lager 330ml,Beer,WH01,North DC,70,5,0,1,3068,2479,2479,1
2024-07-14,28,SKU02,Lager 330ml,Beer,WH01,North DC,70,5,0,0,2332,2576,2332,0
2024-07-21,29,SKU02,Lager 330ml,Beer,WH01,North DC,70,5,0,0,1915,2820,1915,0
2024-07-28,30,SKU02,Lager 330ml,Beer,WH01,North DC,70,5,0,0,2016,3481,2016,0
2024-08-04,31,SKU02,Lager 330ml,Beer,WH01,North DC,70,5,0,0,1577,4041,1577,0
2024-08-11,32,SKU02,Lager 330ml,Beer,WH01,North DC,70,5,0,1,1668,2464,1668,0
2024-08-18,33,SKU02,Lager 330ml,Beer,WH01,North DC,70,5,0,1,1894,3372,1894,0
2024-08-25,34,SKU02,Lager 330ml,Beer,WH01,North DC,70,5,0,0,2005,4054,2005,0
2024-09-01,35,SKU02,Lager 330ml,Beer,WH01,North DC,70,5,0,0,1738,2049,1738,0
2024-09-08,36,SKU02,Lager 330ml,Beer,WH01,North DC,70,5,0,0,1351,2887,1351,0
2024-09-15,37,SKU02,Lager 330ml,Beer,WH01,North DC,70,5,0,0,1753,4112,1753,0
2024-09-22,38,SKU02,Lager 330ml,Beer,WH01,North DC,70,5,0,0,2012,2359,2012,0
2024-09-29,39,SKU02,Lager 330ml,Beer,WH01,North DC,70,5,0,0,1534,2923,1534,0
2024-10-06,40,SKU02,Lager 330ml,Beer,WH01,North DC,70,5,1,0,2564,3965,2564,0
2024-10-13,41,SKU02,Lager 330ml,Beer,WH01,North DC,70,5,1,1,3683,3977,3683,0
2024-10-20,42,SKU02,Lager 330ml,Beer,WH01,North DC,70,5,1,0,3719,2870,2870,1
2024-10-27,43,SKU02,Lager 330ml,Beer,WH01,North DC,70,5,1,0,2567,2576,2567,0
2024-11-03,44,SKU02,Lager 330ml,Beer,WH01,North DC,70,5,1,0,3005,2585,2585,1
2024-11-10,45,SKU02,Lager 330ml,Beer,WH01,North DC,70,5,1,0,3611,2576,2576,1
2024-11-17,46,SKU02,Lager 330ml,Beer,WH01,North DC,70,5,0,1,2454,2576,2454,0
2024-11-24,47,SKU02,Lager 330ml,Beer,WH01,North DC,70,5,0,0,1708,2698,1708,0
2024-12-01,48,SKU02,Lager 330ml,Beer,WH01,North DC,70,5,0,0,2177,3566,2177,0
2024-12-08,49,SKU02,Lager 330ml,Beer,WH01,North DC,70,5,0,0,1659,3965,1659,0
2024-12-15,50,SKU02,Lager 330ml,Beer,WH01,North DC,70,5,0,0,1714,2306,1714,0
2024-12-22,51,SKU02,Lager 330ml,Beer,WH01,North DC,70,5,1,0,1974,3168,1974,0
2024-12-29,52,SKU02,Lager 330ml,Beer,WH01,North DC,70,5,1,0,2952,3770,2952,0
2025-01-05,53,SKU02,Lager 330ml,Beer,WH01,North DC,70,5,0,0,1848,3394,1848,0
2025-01-12,54,SKU02,Lager 330ml,Beer,WH01,North DC,70,5,0,0,1724,4122,1724,0
2025-01-19,55,SKU02,Lager 330ml,Beer,WH01,North DC,70,5,0,0,1611,2398,1611,0
2025-01-26,56,SKU02,Lager 330ml,Beer,WH01,North DC,70,5,0,0,1756,3363,1756,0
2025-02-02,57,SKU02,Lager 330ml,Beer,WH01,North DC,70,5,0,0,1587,4183,1587,0
2025-02-09,58,SKU02,Lager 330ml,Beer,WH01,North DC,70,5,0,0,1644,2596,1644,0
2025-02-16,59,SKU02,Lager 330ml,Beer,WH01,North DC,70,5,0,0,1793,3528,1793,0
2025-02-23,60,SKU02,Lager 330ml,Beer,WH01,North DC,70,5,0,0,1841,4311,1841,0
2025-03-02,61,SKU02,Lager 330ml,Beer,WH01,North DC,70,5,0,0,2112,2470,2112,0
2025-03-09,62,SKU02,Lager 330ml,Beer,WH01,North DC,70,5,0,0,1814,2934,1814,0
2025-03-16,63,SKU02,Lager 330ml,Beer,WH01,North DC,70,5,1,0,2495,3696,2495,0
2025-03-23,64,SKU02,Lager 330ml,Beer,WH01,North DC,70,5,1,0,2714,3777,2714,0
2025-03-30,65,SKU02,Lager 330ml,Beer,WH01,North DC,70,5,0,0,2360,3639,2360,0
2025-04-06,66,SKU02,Lager 330ml,Beer,WH01,North DC,70,5,0,0,2215,3855,2215,0
2025-04-13,67,SKU02,Lager 330ml,Beer,WH01,North DC,70,5,0,0,2344,4216,2344,0
2025-04-20,68,SKU02,Lager 330ml,Beer,WH01,North DC,70,5,0,0,2605,4448,2605,0
2025-04-27,69,SKU02,Lager 330ml,Beer,WH01,North DC,70,5,0,0,2278,4419,2278,0
2025-05-04,70,SKU02,Lager 330ml,Beer,WH01,North DC,70,5,0,1,3236,2141,2141,1
2025-05-11,71,SKU02,Lager 330ml,Beer,WH01,North DC,70,5,0,0,2274,2576,2274,0
2025-05-18,72,SKU02,Lager 330ml,Beer,WH01,North DC,70,5,0,0,2180,2878,2180,0
2025-05-25,73,SKU02,Lager 330ml,Beer,WH01,North DC,70,5,0,0,2896,3274,2896,0
2025-06-01,74,SKU02,Lager 330ml,Beer,WH01,North DC,70,5,0,0,2660,2954,2660,0
2025-06-08,75,SKU02,Lager 330ml,Beer,WH01,North DC,70,5,0,0,2702,2870,2702,0
2025-06-15,76,SKU02,Lager 330ml,Beer,WH01,North DC,70,5,0,0,2024,2744,2024,0
2025-06-22,77,SKU02,Lager 330ml,Beer,WH01,North DC,70,5,0,0,2167,3296,2167,0
2025-06-29,78,SKU02,Lager 330ml,Beer,WH01,North DC,70,5,0,0,2366,3705,2366,0
2025-07-06,79,SKU02,Lager 330ml,Beer,WH01,North DC,70,5,0,0,1945,3915,1945,0
2025-07-13,80,SKU02,Lager 330ml,Beer,WH01,North DC,70,5,0,0,2217,1970,1970,1
2025-07-20,81,SKU02,Lager 330ml,Beer,WH01,North DC,70,5,0,0,2173,2576,2173,0
2025-07-27,82,SKU02,Lager 330ml,Beer,WH01,North DC,70,5,0,0,2356,2979,2356,0
2025-08-03,83,SKU02,Lager 330ml,Beer,WH01,North DC,70,5,0,0,1672,3199,1672,0
2025-08-10,84,SKU02,Lager 330ml,Beer,WH01,North DC,70,5,0,0,1809,4103,1809,0
2025-08-17,85,SKU02,Lager 330ml,Beer,WH01,North DC,70,5,0,0,2012,2294,2012,0
2025-08-24,86,SKU02,Lager 330ml,Beer,WH01,North DC,70,5,0,0,1668,2858,1668,0
2025-08-31,87,SKU02,Lager 330ml,Beer,WH01,North DC,70,5,0,0,1630,3766,1630,0
2025-09-07,88,SKU02,Lager 330ml,Beer,WH01,North DC,70,5,0,0,2063,2136,2063,0
2025-09-14,89,SKU02,Lager 330ml,Beer,WH01,North DC,70,5,0,0,1341,2649,1341,0
2025-09-21,90,SKU02,Lager 330ml,Beer,WH01,North DC,70,5,0,0,2112,3884,2112,0
2025-09-28,91,SKU02,Lager 330ml,Beer,WH01,North DC,70,5,0,0,1714,4348,1714,0
2025-10-05,92,SKU02,Lager 330ml,Beer,WH01,North DC,70,5,1,0,3203,2634,2634,1
2025-10-12,93,SKU02,Lager 330ml,Beer,WH01,North DC,70,5,1,1,4623,2576,2576,1
2025-10-19,94,SKU02,Lager 330ml,Beer,WH01,North DC,70,5,1,0,3509,2576,2576,1
2025-10-26,95,SKU02,Lager 330ml,Beer,WH01,North DC,70,5,1,0,2658,2576,2576,1
2025-11-02,96,SKU02,Lager 330ml,Beer,WH01,North DC,70,5,1,0,2893,2576,2576,1
2025-11-09,97,SKU02,Lager 330ml,Beer,WH01,North DC,70,5,1,0,3249,2576,2576,1
2025-11-16,98,SKU02,Lager 330ml,Beer,WH01,North DC,70,5,0,0,2003,2576,2003,0
2025-11-23,99,SKU02,Lager 330ml,Beer,WH01,North DC,70,5,0,1,2370,3149,2370,0
2025-11-30,100,SKU02,Lager 330ml,Beer,WH01,North DC,70,5,0,0,1807,3355,1807,0
2025-12-07,101,SKU02,Lager 330ml,Beer,WH01,North DC,70,5,0,0,1704,4124,1704,0
2025-12-14,102,SKU02,Lager 330ml,Beer,WH01,North DC,70,5,0,0,2201,2420,2201,0
2025-12-21,103,SKU02,Lager 330ml,Beer,WH01,North DC,70,5,1,0,2666,2795,2666,0
2025-12-28,104,SKU02,Lager 330ml,Beer,WH01,North DC,70,5,1,0,3022,2705,2705,1
2024-01-07,1,SKU03,Strong Beer 650ml,Beer,WH01,North DC,140,6,0,0,903,1288,903,0
2024-01-14,2,SKU03,Strong Beer 650ml,Beer,WH01,North DC,140,6,0,0,771,1857,771,0
2024-01-21,3,SKU03,Strong Beer 650ml,Beer,WH01,North DC,140,6,0,0,710,2558,710,0
2024-01-28,4,SKU03,Strong Beer 650ml,Beer,WH01,North DC,140,6,0,0,963,1848,963,0
2024-02-04,5,SKU03,Strong Beer 650ml,Beer,WH01,North DC,140,6,0,0,1007,2357,1007,0
2024-02-11,6,SKU03,Strong Beer 650ml,Beer,WH01,North DC,140,6,0,0,1089,1350,1089,0
2024-02-18,7,SKU03,Strong Beer 650ml,Beer,WH01,North DC,140,6,0,0,918,1733,918,0
2024-02-25,8,SKU03,Strong Beer 650ml,Beer,WH01,North DC,140,6,0,0,896,2287,896,0
2024-03-03,9,SKU03,Strong Beer 650ml,Beer,WH01,North DC,140,6,0,0,1106,1391,1106,0
2024-03-10,10,SKU03,Strong Beer 650ml,Beer,WH01,North DC,140,6,1,0,1485,1757,1485,0
2024-03-17,11,SKU03,Strong Beer 650ml,Beer,WH01,North DC,140,6,1,0,1769,1744,1744,1
2024-03-24,12,SKU03,Strong Beer 650ml,Beer,WH01,North DC,140,6,1,0,1772,1472,1472,1
2024-03-31,13,SKU03,Strong Beer 650ml,Beer,WH01,North DC,140,6,0,0,1059,1472,1059,0
2024-04-07,14,SKU03,Strong Beer 650ml,Beer,WH01,North DC,140,6,0,0,1252,1885,1252,0
2024-04-14,15,SKU03,Strong Beer 650ml,Beer,WH01,North DC,140,6,0,0,1492,2105,1492,0
2024-04-21,16,SKU03,Strong Beer 650ml,Beer,WH01,North DC,140,6,0,0,1311,2085,1311,0
2024-04-28,17,SKU03,Strong Beer 650ml,Beer,WH01,North DC,140,6,0,0,1218,2246,1218,0
2024-05-05,18,SKU03,Strong Beer 650ml,Beer,WH01,North DC,140,6,0,0,1024,2500,1024,0
2024-05-12,19,SKU03,Strong Beer 650ml,Beer,WH01,North DC,140,6,0,0,1060,1476,1060,0
2024-05-19,20,SKU03,Strong Beer 650ml,Beer,WH01,North DC,140,6,0,0,1351,1888,1351,0
2024-05-26,21,SKU03,Strong Beer 650ml,Beer,WH01,North DC,140,6,0,0,1145,2009,1145,0
2024-06-02,22,SKU03,Strong Beer 650ml,Beer,WH01,North DC,140,6,0,0,1226,2336,1226,0
2024-06-09,23,SKU03,Strong Beer 650ml,Beer,WH01,North DC,140,6,0,0,1291,1110,1110,1
2024-06-16,24,SKU03,Strong Beer 650ml,Beer,WH01,North DC,140,6,0,0,1513,1472,1472,1
2024-06-23,25,SKU03,Strong Beer 650ml,Beer,WH01,North DC,140,6,0,0,1434,1472,1434,0
2024-06-30,26,SKU03,Strong Beer 650ml,Beer,WH01,North DC,140,6,0,0,1304,1510,1304,0
2024-07-07,27,SKU03,Strong Beer 650ml,Beer,WH01,North DC,140,6,0,0,1285,1678,1285,0
2024-07-14,28,SKU03,Strong Beer 650ml,Beer,WH01,North DC,140,6,0,0,1206,1865,1206,0
2024-07-21,29,SKU03,Strong Beer 650ml,Beer,WH01,North DC,140,6,0,0,866,2131,866,0
2024-07-28,30,SKU03,Strong Beer 650ml,Beer,WH01,North DC,140,6,0,0,1283,1265,1265,1
2024-08-04,31,SKU03,Strong Beer 650ml,Beer,WH01,North DC,140,6,0,0,975,1472,975,0
2024-08-11,32,SKU03,Strong Beer 650ml,Beer,WH01,North DC,140,6,0,0,705,1969,705,0
2024-08-18,33,SKU03,Strong Beer 650ml,Beer,WH01,North DC,140,6,0,0,1067,1264,1067,0
2024-08-25,34,SKU03,Strong Beer 650ml,Beer,WH01,North DC,140,6,0,0,993,1669,993,0
2024-09-01,35,SKU03,Strong Beer 650ml,Beer,WH01,North DC,140,6,0,0,955,2148,955,0
2024-09-08,36,SKU03,Strong Beer 650ml,Beer,WH01,North DC,140,6,0,0,1049,1193,1049,0
2024-09-15,37,SKU03,Strong Beer 650ml,Beer,WH01,North DC,140,6,0,0,958,1616,958,0
2024-09-22,38,SKU03,Strong Beer 650ml,Beer,WH01,North DC,140,6,0,0,1006,2130,1006,0
2024-09-29,39,SKU03,Strong Beer 650ml,Beer,WH01,North DC,140,6,0,0,947,1124,947,0
2024-10-06,40,SKU03,Strong Beer 650ml,Beer,WH01,North DC,140,6,1,0,1716,1649,1649,1
2024-10-13,41,SKU03,Strong Beer 650ml,Beer,WH01,North DC,140,6,1,0,1504,1472,1472,1
2024-10-20,42,SKU03,Strong Beer 650ml,Beer,WH01,North DC,140,6,1,0,1837,1472,1472,1
2024-10-27,43,SKU03,Strong Beer 650ml,Beer,WH01,North DC,140,6,1,0,2165,1472,1472,1
2024-11-03,44,SKU03,Strong Beer 650ml,Beer,WH01,North DC,140,6,1,0,1672,1472,1472,1
2024-11-10,45,SKU03,Strong Beer 650ml,Beer,WH01,North DC,140,6,1,0,1571,1472,1472,1
2024-11-17,46,SKU03,Strong Beer 650ml,Beer,WH01,North DC,140,6,0,0,903,1472,903,0
2024-11-24,47,SKU03,Strong Beer 650ml,Beer,WH01,North DC,140,6,0,0,802,2041,802,0
2024-12-01,48,SKU03,Strong Beer 650ml,Beer,WH01,North DC,140,6,0,0,948,1239,948,0
2024-12-08,49,SKU03,Strong Beer 650ml,Beer,WH01,North DC,140,6,0,0,960,1763,960,0
2024-12-15,50,SKU03,Strong Beer 650ml,Beer,WH01,North DC,140,6,0,0,977,2275,977,0
2024-12-22,51,SKU03,Strong Beer 650ml,Beer,WH01,North DC,140,6,1,0,1610,1298,1298,1
2024-12-29,52,SKU03,Strong Beer 650ml,Beer,WH01,North DC,140,6,1,0,1353,1472,1353,0
2025-01-05,53,SKU03,Strong Beer 650ml,Beer,WH01,North DC,140,6,0,0,912,1591,912,0
2025-01-12,54,SKU03,Strong Beer 650ml,Beer,WH01,North DC,140,6,0,0,833,2151,833,0
2025-01-19,55,SKU03,Strong Beer 650ml,Beer,WH01,North DC,140,6,0,0,904,1318,904,0
2025-01-26,56,SKU03,Strong Beer 650ml,Beer,WH01,North DC,140,6,0,0,721,1886,721,0
2025-02-02,57,SKU03,Strong Beer 650ml,Beer,WH01,North DC,140,6,0,1,1350,1165,1165,1
2025-02-09,58,SKU03,Strong Beer 650ml,Beer,WH01,North DC,140,6,0,0,865,1472,865,0
2025-02-16,59,SKU03,Strong Beer 650ml,Beer,WH01,North DC,140,6,0,0,868,2079,868,0
2025-02-23,60,SKU03,Strong Beer 650ml,Beer,WH01,North DC,140,6,0,0,993,1211,993,0
2025-03-02,61,SKU03,Strong Beer 650ml,Beer,WH01,North DC,140,6,0,0,1022,1690,1022,0
2025-03-09,62,SKU03,Strong Beer 650ml,Beer,WH01,North DC,140,6,0,0,1010,2140,1010,0
2025-03-16,63,SKU03,Strong Beer 650ml,Beer,WH01,North DC,140,6,1,1,1980,1130,1130,1
2025-03-23,64,SKU03,Strong Beer 650ml,Beer,WH01,North DC,140,6,1,0,1674,1472,1472,1
2025-03-30,65,SKU03,Strong Beer 650ml,Beer,WH01,North DC,140,6,0,0,1167,1472,1167,0
2025-04-06,66,SKU03,Strong Beer 650ml,Beer,WH01,North DC,140,6,0,0,1482,1777,1482,0
2025-04-13,67,SKU03,Strong Beer 650ml,Beer,WH01,North DC,140,6,0,0,1197,1767,1197,0
2025-04-20,68,SKU03,Strong Beer 650ml,Beer,WH01,North DC,140,6,0,0,1338,2042,1338,0
2025-04-27,69,SKU03,Strong Beer 650ml,Beer,WH01,North DC,140,6,0,0,1270,2176,1270,0
2025-05-04,70,SKU03,Strong Beer 650ml,Beer,WH01,North DC,140,6,0,0,1597,2378,1597,0
2025-05-11,71,SKU03,Strong Beer 650ml,Beer,WH01,North DC,140,6,0,0,1568,2253,1568,0
2025-05-18,72,SKU03,Strong Beer 650ml,Beer,WH01,North DC,140,6,0,0,1133,2157,1133,0
2025-05-25,73,SKU03,Strong Beer 650ml,Beer,WH01,North DC,140,6,0,0,1351,2496,1351,0
2025-06-01,74,SKU03,Strong Beer 650ml,Beer,WH01,North DC,140,6,0,0,1368,1145,1145,1
2025-06-08,75,SKU03,Strong Beer 650ml,Beer,WH01,North DC,140,6,0,0,1275,1472,1275,0
2025-06-15,76,SKU03,Strong Beer 650ml,Beer,WH01,North DC,140,6,0,0,1249,1669,1249,0
2025-06-22,77,SKU03,Strong Beer 650ml,Beer,WH01,North DC,140,6,0,0,1218,1892,1218,0
2025-06-29,78,SKU03,Strong Beer 650ml,Beer,WH01,North DC,140,6,0,0,1265,2146,1265,0
2025-07-06,79,SKU03,Strong Beer 650ml,Beer,WH01,North DC,140,6,0,0,808,2353,808,0
2025-07-13,80,SKU03,Strong Beer 650ml,Beer,WH01,North DC,140,6,0,0,1250,1545,1250,0
2025-07-20,81,SKU03,Strong Beer 650ml,Beer,WH01,North DC,140,6,0,0,1211,1767,1211,0
2025-07-27,82,SKU03,Strong Beer 650ml,Beer,WH01,North DC,140,6,0,0,1146,2028,1146,0
2025-08-03,83,SKU03,Strong Beer 650ml,Beer,WH01,North DC,140,6,0,0,920,2354,920,0
2025-08-10,84,SKU03,Strong Beer 650ml,Beer,WH01,North DC,140,6,0,0,944,1434,944,0
2025-08-17,85,SKU03,Strong Beer 650ml,Beer,WH01,North DC,140,6,0,0,1258,1962,1258,0
2025-08-24,86,SKU03,Strong Beer 650ml,Beer,WH01,North DC,140,6,0,0,1208,2176,1208,0
2025-08-31,87,SKU03,Strong Beer 650ml,Beer,WH01,North DC,140,6,0,0,944,2440,944,0
2025-09-07,88,SKU03,Strong Beer 650ml,Beer,WH01,North DC,140,6,0,0,891,1496,891,0
2025-09-14,89,SKU03,Strong Beer 650ml,Beer,WH01,North DC,140,6,0,0,958,2077,958,0
2025-09-21,90,SKU03,Strong Beer 650ml,Beer,WH01,North DC,140,6,0,0,978,1119,978,0
2025-09-28,91,SKU03,Strong Beer 650ml,Beer,WH01,North DC,140,6,0,0,878,1613,878,0
2025-10-05,92,SKU03,Strong Beer 650ml,Beer,WH01,North DC,140,6,1,0,1890,2207,1890,0
2025-10-12,93,SKU03,Strong Beer 650ml,Beer,WH01,North DC,140,6,1,0,1801,1789,1789,1
2025-10-19,94,SKU03,Strong Beer 650ml,Beer,WH01,North DC,140,6,1,0,1746,1472,1472,1
2025-10-26,95,SKU03,Strong Beer 650ml,Beer,WH01,North DC,140,6,1,1,2131,1472,1472,1
2025-11-02,96,SKU03,Strong Beer 650ml,Beer,WH01,North DC,140,6,1,0,2007,1472,1472,1
2025-11-09,97,SKU03,Strong Beer 650ml,Beer,WH01,North DC,140,6,1,0,1681,1472,1472,1
2025-11-16,98,SKU03,Strong Beer 650ml,Beer,WH01,North DC,140,6,0,0,1323,1472,1323,0
2025-11-23,99,SKU03,Strong Beer 650ml,Beer,WH01,North DC,140,6,0,0,1046,1621,1046,0
2025-11-30,100,SKU03,Strong Beer 650ml,Beer,WH01,North DC,140,6,0,0,1037,2047,1037,0
2025-12-07,101,SKU03,Strong Beer 650ml,Beer,WH01,North DC,140,6,0,1,1359,2482,1359,0
2025-12-14,102,SKU03,Strong Beer 650ml,Beer,WH01,North DC,140,6,0,0,1223,1123,1123,1
2025-12-21,103,SKU03,Strong Beer 650ml,Beer,WH01,North DC,140,6,1,0,1434,1472,1434,0
2025-12-28,104,SKU03,Strong Beer 650ml,Beer,WH01,North DC,140,6,1,0,1655,1510,1510,1
2024-01-07,1,SKU04,Craft IPA 330ml,Beer,WH01,North DC,180,8,0,0,429,563,429,0
2024-01-14,2,SKU04,Craft IPA 330ml,Beer,WH01,North DC,180,8,0,0,453,778,453,0
2024-01-21,3,SKU04,Craft IPA 330ml,Beer,WH01,North DC,180,8,0,0,390,969,390,0
2024-01-28,4,SKU04,Craft IPA 330ml,Beer,WH01,North DC,180,8,0,0,450,579,450,0
2024-02-04,5,SKU04,Craft IPA 330ml,Beer,WH01,North DC,180,8,0,0,372,773,372,0
2024-02-11,6,SKU04,Craft IPA 330ml,Beer,WH01,North DC,180,8,0,0,296,1046,296,0
2024-02-18,7,SKU04,Craft IPA 330ml,Beer,WH01,North DC,180,8,0,0,328,750,328,0
2024-02-25,8,SKU04,Craft IPA 330ml,Beer,WH01,North DC,180,8,0,0,407,1066,407,0
2024-03-03,9,SKU04,Craft IPA 330ml,Beer,WH01,North DC,180,8,0,0,517,658,517,0
2024-03-10,10,SKU04,Craft IPA 330ml,Beer,WH01,North DC,180,8,1,0,757,786,757,0
2024-03-17,11,SKU04,Craft IPA 330ml,Beer,WH01,North DC,180,8,1,0,764,672,672,1
2024-03-24,12,SKU04,Craft IPA 330ml,Beer,WH01,North DC,180,8,1,0,801,644,644,1
2024-03-31,13,SKU04,Craft IPA 330ml,Beer,WH01,North DC,180,8,0,0,498,644,498,0
2024-04-07,14,SKU04,Craft IPA 330ml,Beer,WH01,North DC,180,8,0,0,634,790,634,0
2024-04-14,15,SKU04,Craft IPA 330ml,Beer,WH01,North DC,180,8,0,0,520,800,520,0
2024-04-21,16,SKU04,Craft IPA 330ml,Beer,WH01,North DC,180,8,0,0,580,924,580,0
2024-04-28,17,SKU04,Craft IPA 330ml,Beer,WH01,North DC,180,8,0,0,654,988,654,0
2024-05-05,18,SKU04,Craft IPA 330ml,Beer,WH01,North DC,180,8,0,0,581,978,581,0
2024-05-12,19,SKU04,Craft IPA 330ml,Beer,WH01,North DC,180,8,0,0,640,1041,640,0
2024-05-19,20,SKU04,Craft IPA 330ml,Beer,WH01,North DC,180,8,0,0,526,1045,526,0
2024-05-26,21,SKU04,Craft IPA 330ml,Beer,WH01,North DC,180,8,0,0,620,519,519,1
2024-06-02,22,SKU04,Craft IPA 330ml,Beer,WH01,North DC,180,8,0,0,622,644,622,0
2024-06-09,23,SKU04,Craft IPA 330ml,Beer,WH01,North DC,180,8,0,0,448,666,448,0
2024-06-16,24,SKU04,Craft IPA 330ml,Beer,WH01,North DC,180,8,0,0,577,862,577,0
2024-06-23,25,SKU04,Craft IPA 330ml,Beer,WH01,North DC,180,8,0,0,570,929,570,0
2024-06-30,26,SKU04,Craft IPA 330ml,Beer,WH01,North DC,180,8,0,0,615,1003,615,0
2024-07-07,27,SKU04,Craft IPA 330ml,Beer,WH01,North DC,180,8,0,0,487,1032,487,0
2024-07-14,28,SKU04,Craft IPA 330ml,Beer,WH01,North DC,180,8,0,0,629,545,545,1
2024-07-21,29,SKU04,Craft IPA 330ml,Beer,WH01,North DC,180,8,0,1,725,644,644,1
2024-07-28,30,SKU04,Craft IPA 330ml,Beer,WH01,North DC,180,8,0,0,512,644,512,0
2024-08-04,31,SKU04,Craft IPA 330ml,Beer,WH01,North DC,180,8,0,0,429,776,429,0
2024-08-11,32,SKU04,Craft IPA 330ml,Beer,WH01,North DC,180,8,0,0,360,991,360,0
2024-08-18,33,SKU04,Craft IPA 330ml,Beer,WH01,North DC,180,8,0,0,427,631,427,0
2024-08-25,34,SKU04,Craft IPA 330ml,Beer,WH01,North DC,180,8,0,0,423,848,423,0
2024-09-01,35,SKU04,Craft IPA 330ml,Beer,WH01,North DC,180,8,0,0,546,1069,546,0
2024-09-08,36,SKU04,Craft IPA 330ml,Beer,WH01,North DC,180,8,0,0,445,523,445,0
2024-09-15,37,SKU04,Craft IPA 330ml,Beer,WH01,North DC,180,8,0,1,592,722,592,0
2024-09-22,38,SKU04,Craft IPA 330ml,Beer,WH01,North DC,180,8,0,1,488,774,488,0
2024-09-29,39,SKU04,Craft IPA 330ml,Beer,WH01,North DC,180,8,0,0,463,930,463,0
2024-10-06,40,SKU04,Craft IPA 330ml,Beer,WH01,North DC,180,8,1,0,546,1111,546,0
2024-10-13,41,SKU04,Craft IPA 330ml,Beer,WH01,North DC,180,8,1,0,874,565,565,1
2024-10-20,42,SKU04,Craft IPA 330ml,Beer,WH01,North DC,180,8,1,0,685,644,644,1
2024-10-27,43,SKU04,Craft IPA 330ml,Beer,WH01,North DC,180,8,1,0,657,644,644,1
2024-11-03,44,SKU04,Craft IPA 330ml,Beer,WH01,North DC,180,8,1,0,747,644,644,1
2024-11-10,45,SKU04,Craft IPA 330ml,Beer,WH01,North DC,180,8,1,0,835,644,644,1
2024-11-17,46,SKU04,Craft IPA 330ml,Beer,WH01,North DC,180,8,0,0,416,644,416,0
2024-11-24,47,SKU04,Craft IPA 330ml,Beer,WH01,North DC,180,8,0,0,372,872,372,0
2024-12-01,48,SKU04,Craft IPA 330ml,Beer,WH01,North DC,180,8,0,0,451,500,451,0
2024-12-08,49,SKU04,Craft IPA 330ml,Beer,WH01,North DC,180,8,0,0,384,693,384,0
2024-12-15,50,SKU04,Craft IPA 330ml,Beer,WH01,North DC,180,8,0,0,417,953,417,0
2024-12-22,51,SKU04,Craft IPA 330ml,Beer,WH01,North DC,180,8,1,0,587,536,536,1
2024-12-29,52,SKU04,Craft IPA 330ml,Beer,WH01,North DC,180,8,1,0,651,644,644,1
2025-01-05,53,SKU04,Craft IPA 330ml,Beer,WH01,North DC,180,8,0,0,421,644,421,0
2025-01-12,54,SKU04,Craft IPA 330ml,Beer,WH01,North DC,180,8,0,0,435,867,435,0
2025-01-19,55,SKU04,Craft IPA 330ml,Beer,WH01,North DC,180,8,0,1,700,1076,700,0
2025-01-26,56,SKU04,Craft IPA 330ml,Beer,WH01,North DC,180,8,0,1,464,1020,464,0
2025-02-02,57,SKU04,Craft IPA 330ml,Beer,WH01,North DC,180,8,0,0,500,556,500,0
2025-02-09,58,SKU04,Craft IPA 330ml,Beer,WH01,North DC,180,8,0,0,292,700,292,0
2025-02-16,59,SKU04,Craft IPA 330ml,Beer,WH01,North DC,180,8,0,0,369,1052,369,0
2025-02-23,60,SKU04,Craft IPA 330ml,Beer,WH01,North DC,180,8,0,0,441,683,441,0
2025-03-02,61,SKU04,Craft IPA 330ml,Beer,WH01,North DC,180,8,0,0,486,886,486,0
2025-03-09,62,SKU04,Craft IPA 330ml,Beer,WH01,North DC,180,8,0,0,527,1044,527,0
2025-03-16,63,SKU04,Craft IPA 330ml,Beer,WH01,North DC,180,8,1,0,760,517,517,1
2025-03-23,64,SKU04,Craft IPA 330ml,Beer,WH01,North DC,180,8,1,0,788,644,644,1
2025-03-30,65,SKU04,Craft IPA 330ml,Beer,WH01,North DC,180,8,0,0,492,644,492,0
2025-04-06,66,SKU04,Craft IPA 330ml,Beer,WH01,North DC,180,8,0,0,587,796,587,0
2025-04-13,67,SKU04,Craft IPA 330ml,Beer,WH01,North DC,180,8,0,0,592,853,592,0
2025-04-20,68,SKU04,Craft IPA 330ml,Beer,WH01,North DC,180,8,0,0,577,905,577,0
2025-04-27,69,SKU04,Craft IPA 330ml,Beer,WH01,North DC,180,8,0,0,562,972,562,0
2025-05-04,70,SKU04,Craft IPA 330ml,Beer,WH01,North DC,180,8,0,0,571,1054,571,0
2025-05-11,71,SKU04,Craft IPA 330ml,Beer,WH01,North DC,180,8,0,0,604,483,483,1
2025-05-18,72,SKU04,Craft IPA 330ml,Beer,WH01,North DC,180,8,0,0,606,644,606,0
2025-05-25,73,SKU04,Craft IPA 330ml,Beer,WH01,North DC,180,8,0,0,543,682,543,0
2025-06-01,74,SKU04,Craft IPA 330ml,Beer,WH01,North DC,180,8,0,0,523,783,523,0
2025-06-08,75,SKU04,Craft IPA 330ml,Beer,WH01,North DC,180,8,0,1,590,904,590,0
2025-06-15,76,SKU04,Craft IPA 330ml,Beer,WH01,North DC,180,8,0,0,716,958,716,0
2025-06-22,77,SKU04,Craft IPA 330ml,Beer,WH01,North DC,180,8,0,0,503,886,503,0
2025-06-29,78,SKU04,Craft IPA 330ml,Beer,WH01,North DC,180,8,0,0,534,1027,534,0
2025-07-06,79,SKU04,Craft IPA 330ml,Beer,WH01,North DC,180,8,0,0,551,493,493,1
2025-07-13,80,SKU04,Craft IPA 330ml,Beer,WH01,North DC,180,8,0,0,420,644,420,0
2025-07-20,81,SKU04,Craft IPA 330ml,Beer,WH01,North DC,180,8,0,0,400,868,400,0
2025-07-27,82,SKU04,Craft IPA 330ml,Beer,WH01,North DC,180,8,0,0,473,1112,473,0
2025-08-03,83,SKU04,Craft IPA 330ml,Beer,WH01,North DC,180,8,0,0,492,639,492,0
2025-08-10,84,SKU04,Craft IPA 330ml,Beer,WH01,North DC,180,8,0,0,440,791,440,0
2025-08-17,85,SKU04,Craft IPA 330ml,Beer,WH01,North DC,180,8,0,0,556,995,556,0
2025-08-24,86,SKU04,Craft IPA 330ml,Beer,WH01,North DC,180,8,0,0,478,1083,478,0
2025-08-31,87,SKU04,Craft IPA 330ml,Beer,WH01,North DC,180,8,0,0,374,605,374,0
2025-09-07,88,SKU04,Craft IPA 330ml,Beer,WH01,North DC,180,8,0,0,449,875,449,0
2025-09-14,89,SKU04,Craft IPA 330ml,Beer,WH01,North DC,180,8,0,1,446,1070,446,0
2025-09-21,90,SKU04,Craft IPA 330ml,Beer,WH01,North DC,180,8,0,0,474,624,474,0
2025-09-28,91,SKU04,Craft IPA 330ml,Beer,WH01,North DC,180,8,0,0,420,794,420,0
2025-10-05,92,SKU04,Craft IPA 330ml,Beer,WH01,North DC,180,8,1,1,1065,1018,1018,1
2025-10-12,93,SKU04,Craft IPA 330ml,Beer,WH01,North DC,180,8,1,0,958,644,644,1
2025-10-19,94,SKU04,Craft IPA 330ml,Beer,WH01,North DC,180,8,1,0,954,644,644,1
2025-10-26,95,SKU04,Craft IPA 330ml,Beer,WH01,North DC,180,8,1,0,789,644,644,1
2025-11-02,96,SKU04,Craft IPA 330ml,Beer,WH01,North DC,180,8,1,0,883,644,644,1
2025-11-09,97,SKU04,Craft IPA 330ml,Beer,WH01,North DC,180,8,1,0,772,644,644,1
2025-11-16,98,SKU04,Craft IPA 330ml,Beer,WH01,North DC,180,8,0,0,459,644,459,0
2025-11-23,99,SKU04,Craft IPA 330ml,Beer,WH01,North DC,180,8,0,0,366,829,366,0
2025-11-30,100,SKU04,Craft IPA 330ml,Beer,WH01,North DC,180,8,0,0,406,1107,406,0
2025-12-07,101,SKU04,Craft IPA 330ml,Beer,WH01,North DC,180,8,0,0,480,701,480,0
2025-12-14,102,SKU04,Craft IPA 330ml,Beer,WH01,North DC,180,8,0,0,355,865,355,0
2025-12-21,103,SKU04,Craft IPA 330ml,Beer,WH01,North DC,180,8,1,0,683,510,510,1
2025-12-28,104,SKU04,Craft IPA 330ml,Beer,WH01,North DC,180,8,1,0,691,644,644,1
2024-01-07,1,SKU05,Premium Lager 500ml,Beer,WH01,North DC,150,6,0,1,1234,1288,1234,0
2024-01-14,2,SKU05,Premium Lager 500ml,Beer,WH01,North DC,150,6,0,1,941,1526,941,0
2024-01-21,3,SKU05,Premium Lager 500ml,Beer,WH01,North DC,150,6,0,0,735,2057,735,0
2024-01-28,4,SKU05,Premium Lager 500ml,Beer,WH01,North DC,150,6,0,0,1033,1322,1033,0
2024-02-04,5,SKU05,Premium Lager 500ml,Beer,WH01,North DC,150,6,0,0,944,1761,944,0
2024-02-11,6,SKU05,Premium Lager 500ml,Beer,WH01,North DC,150,6,0,0,888,2289,888,0
2024-02-18,7,SKU05,Premium Lager 500ml,Beer,WH01,North DC,150,6,0,0,753,1401,753,0
2024-02-25,8,SKU05,Premium Lager 500ml,Beer,WH01,North DC,150,6,0,0,883,2120,883,0
2024-03-03,9,SKU05,Premium Lager 500ml,Beer,WH01,North DC,150,6,0,0,928,1237,928,0
2024-03-10,10,SKU05,Premium Lager 500ml,Beer,WH01,North DC,150,6,1,0,1901,1781,1781,1
2024-03-17,11,SKU05,Premium Lager 500ml,Beer,WH01,North DC,150,6,1,0,1441,1472,1441,0
2024-03-24,12,SKU05,Premium Lager 500ml,Beer,WH01,North DC,150,6,1,0,1668,1503,1503,1
2024-03-31,13,SKU05,Premium Lager 500ml,Beer,WH01,North DC,150,6,0,0,1178,1472,1178,0
2024-04-07,14,SKU05,Premium Lager 500ml,Beer,WH01,North DC,150,6,0,0,1354,1766,1354,0
2024-04-14,15,SKU05,Premium Lager 500ml,Beer,WH01,North DC,150,6,0,0,1194,1884,1194,0
2024-04-21,16,SKU05,Premium Lager 500ml,Beer,WH01,North DC,150,6,0,0,1360,2162,1360,0
2024-04-28,17,SKU05,Premium Lager 500ml,Beer,WH01,North DC,150,6,0,0,1389,2274,1389,0
2024-05-05,18,SKU05,Premium Lager 500ml,Beer,WH01,North DC,150,6,0,1,1609,2357,1609,0
2024-05-12,19,SKU05,Premium Lager 500ml,Beer,WH01,North DC,150,6,0,0,1336,2220,1336,0
2024-05-19,20,SKU05,Premium Lager 500ml,Beer,WH01,North DC,150,6,0,0,1237,2356,1237,0
2024-05-26,21,SKU05,Premium Lager 500ml,Beer,WH01,North DC,150,6,0,0,1443,1119,1119,1
2024-06-02,22,SKU05,Premium Lager 500ml,Beer,WH01,North DC,150,6,0,0,1260,1472,1260,0
2024-06-09,23,SKU05,Premium Lager 500ml,Beer,WH01,North DC,150,6,0,0,1059,1684,1059,0
2024-06-16,24,SKU05,Premium Lager 500ml,Beer,WH01,North DC,150,6,0,0,1352,2097,1352,0
2024-06-23,25,SKU05,Premium Lager 500ml,Beer,WH01,North DC,150,6,0,1,1396,2217,1396,0
2024-06-30,26,SKU05,Premium Lager 500ml,Beer,WH01,North DC,150,6,0,0,1474,2293,1474,0
2024-07-07,27,SKU05,Premium Lager 500ml,Beer,WH01,North DC,150,6,0,1,1430,2291,1430,0
2024-07-14,28,SKU05,Premium Lager 500ml,Beer,WH01,North DC,150,6,0,0,839,2333,839,0
2024-07-21,29,SKU05,Premium Lager 500ml,Beer,WH01,North DC,150,6,0,0,1206,1494,1206,0
2024-07-28,30,SKU05,Premium Lager 500ml,Beer,WH01,North DC,150,6,0,0,1131,1760,1131,0
2024-08-04,31,SKU05,Premium Lager 500ml,Beer,WH01,North DC,150,6,0,0,1034,2101,1034,0
2024-08-11,32,SKU05,Premium Lager 500ml,Beer,WH01,North DC,150,6,0,0,959,2539,959,0
2024-08-18,33,SKU05,Premium Lager 500ml,Beer,WH01,North DC,150,6,0,0,1094,1580,1094,0
2024-08-25,34,SKU05,Premium Lager 500ml,Beer,WH01,North DC,150,6,0,0,877,1958,877,0
2024-09-01,35,SKU05,Premium Lager 500ml,Beer,WH01,North DC,150,6,0,0,1062,2553,1062,0
2024-09-08,36,SKU05,Premium Lager 500ml,Beer,WH01,North DC,150,6,0,0,994,1491,994,0
2024-09-15,37,SKU05,Premium Lager 500ml,Beer,WH01,North DC,150,6,0,0,765,1969,765,0
2024-09-22,38,SKU05,Premium Lager 500ml,Beer,WH01,North DC,150,6,0,0,757,1204,757,0
2024-09-29,39,SKU05,Premium Lager 500ml,Beer,WH01,North DC,150,6,0,0,926,1919,926,0
2024-10-06,40,SKU05,Premium Lager 500ml,Beer,WH01,North DC,150,6,1,0,1564,2465,1564,0
2024-10-13,41,SKU05,Premium Lager 500ml,Beer,WH01,North DC,150,6,1,0,1331,2373,1331,0
2024-10-20,42,SKU05,Premium Lager 500ml,Beer,WH01,North DC,150,6,1,0,1484,2514,1484,0
2024-10-27,43,SKU05,Premium Lager 500ml,Beer,WH01,North DC,150,6,1,0,1702,2502,1702,0
2024-11-03,44,SKU05,Premium Lager 500ml,Beer,WH01,North DC,150,6,1,0,1567,2272,1567,0
2024-11-10,45,SKU05,Premium Lager 500ml,Beer,WH01,North DC,150,6,1,0,2223,2177,2177,1
2024-11-17,46,SKU05,Premium Lager 500ml,Beer,WH01,North DC,150,6,0,0,891,1472,891,0
2024-11-24,47,SKU05,Premium Lager 500ml,Beer,WH01,North DC,150,6,0,0,1105,2053,1105,0
2024-12-01,48,SKU05,Premium Lager 500ml,Beer,WH01,North DC,150,6,0,0,1159,2420,1159,0
2024-12-08,49,SKU05,Premium Lager 500ml,Beer,WH01,North DC,150,6,0,0,911,1261,911,0
2024-12-15,50,SKU05,Premium Lager 500ml,Beer,WH01,North DC,150,6,0,0,903,1822,903,0
2024-12-22,51,SKU05,Premium Lager 500ml,Beer,WH01,North DC,150,6,1,0,1373,2391,1373,0
2024-12-29,52,SKU05,Premium Lager 500ml,Beer,WH01,North DC,150,6,1,0,1433,2490,1433,0
2025-01-05,53,SKU05,Premium Lager 500ml,Beer,WH01,North DC,150,6,0,0,932,2529,932,0
2025-01-12,54,SKU05,Premium Lager 500ml,Beer,WH01,North DC,150,6,0,0,839,1597,839,0
2025-01-19,55,SKU05,Premium Lager 500ml,Beer,WH01,North DC,150,6,0,0,1018,2230,1018,0
2025-01-26,56,SKU05,Premium Lager 500ml,Beer,WH01,North DC,150,6,0,0,935,1212,935,0
2025-02-02,57,SKU05,Premium Lager 500ml,Beer,WH01,North DC,150,6,0,0,1257,1749,1257,0
2025-02-09,58,SKU05,Premium Lager 500ml,Beer,WH01,North DC,150,6,0,0,1092,1964,1092,0
2025-02-16,59,SKU05,Premium Lager 500ml,Beer,WH01,North DC,150,6,0,0,939,2344,939,0
2025-02-23,60,SKU05,Premium Lager 500ml,Beer,WH01,North DC,150,6,0,0,1052,1405,1052,0
2025-03-02,61,SKU05,Premium Lager 500ml,Beer,WH01,North DC,150,6,0,0,1206,1825,1206,0
2025-03-09,62,SKU05,Premium Lager 500ml,Beer,WH01,North DC,150,6,0,0,1281,2091,1281,0
2025-03-16,63,SKU05,Premium Lager 500ml,Beer,WH01,North DC,150,6,1,0,1434,2282,1434,0
2025-03-23,64,SKU05,Premium Lager 500ml,Beer,WH01,North DC,150,6,1,0,1543,2320,1543,0
2025-03-30,65,SKU05,Premium Lager 500ml,Beer,WH01,North DC,150,6,0,0,1022,2249,1022,0
2025-04-06,66,SKU05,Premium Lager 500ml,Beer,WH01,North DC,150,6,0,0,1335,1227,1227,1
2025-04-13,67,SKU05,Premium Lager 500ml,Beer,WH01,North DC,150,6,0,0,779,1472,779,0
2025-04-20,68,SKU05,Premium Lager 500ml,Beer,WH01,North DC,150,6,0,0,1199,2165,1199,0
2025-04-27,69,SKU05,Premium Lager 500ml,Beer,WH01,North DC,150,6,0,0,1553,2438,1553,0
2025-05-04,70,SKU05,Premium Lager 500ml,Beer,WH01,North DC,150,6,0,0,1160,2357,1160,0
2025-05-11,71,SKU05,Premium Lager 500ml,Beer,WH01,North DC,150,6,0,0,1382,1197,1197,1
2025-05-18,72,SKU05,Premium Lager 500ml,Beer,WH01,North DC,150,6,0,0,1394,1472,1394,0
2025-05-25,73,SKU05,Premium Lager 500ml,Beer,WH01,North DC,150,6,0,0,1412,1550,1412,0
2025-06-01,74,SKU05,Premium Lager 500ml,Beer,WH01,North DC,150,6,0,0,1463,1610,1463,0
2025-06-08,75,SKU05,Premium Lager 500ml,Beer,WH01,North DC,150,6,0,0,1512,1619,1512,0
2025-06-15,76,SKU05,Premium Lager 500ml,Beer,WH01,North DC,150,6,0,0,1599,1579,1579,1
2025-06-22,77,SKU05,Premium Lager 500ml,Beer,WH01,North DC,150,6,0,0,1292,1472,1292,0
2025-06-29,78,SKU05,Premium Lager 500ml,Beer,WH01,North DC,150,6,0,0,1218,1652,1218,0
2025-07-06,79,SKU05,Premium Lager 500ml,Beer,WH01,North DC,150,6,0,0,1212,1906,1212,0
2025-07-13,80,SKU05,Premium Lager 500ml,Beer,WH01,North DC,150,6,0,0,1211,2166,1211,0
2025-07-20,81,SKU05,Premium Lager 500ml,Beer,WH01,North DC,150,6,0,1,1588,2427,1588,0
2025-07-27,82,SKU05,Premium Lager 500ml,Beer,WH01,North DC,150,6,0,0,951,2311,951,0
2025-08-03,83,SKU05,Premium Lager 500ml,Beer,WH01,North DC,150,6,0,0,1099,1360,1099,0
2025-08-10,84,SKU05,Premium Lager 500ml,Beer,WH01,North DC,150,6,0,0,845,1733,845,0
2025-08-17,85,SKU05,Premium Lager 500ml,Beer,WH01,North DC,150,6,0,0,1042,2360,1042,0
2025-08-24,86,SKU05,Premium Lager 500ml,Beer,WH01,North DC,150,6,0,0,962,1318,962,0
2025-08-31,87,SKU05,Premium Lager 500ml,Beer,WH01,North DC,150,6,0,0,1159,1828,1159,0
2025-09-07,88,SKU05,Premium Lager 500ml,Beer,WH01,North DC,150,6,0,0,838,2141,838,0
2025-09-14,89,SKU05,Premium Lager 500ml,Beer,WH01,North DC,150,6,0,0,1036,1303,1036,0
2025-09-21,90,SKU05,Premium Lager 500ml,Beer,WH01,North DC,150,6,0,1,1331,1739,1331,0
2025-09-28,91,SKU05,Premium Lager 500ml,Beer,WH01,North DC,150,6,0,0,972,1880,972,0
2025-10-05,92,SKU05,Premium Lager 500ml,Beer,WH01,North DC,150,6,1,0,1870,2380,1870,0
2025-10-12,93,SKU05,Premium Lager 500ml,Beer,WH01,North DC,150,6,1,0,1728,1982,1728,0
2025-10-19,94,SKU05,Premium Lager 500ml,Beer,WH01,North DC,150,6,1,0,1864,1726,1726,1
2025-10-26,95,SKU05,Premium Lager 500ml,Beer,WH01,North DC,150,6,1,0,1918,1472,1472,1
2025-11-02,96,SKU05,Premium Lager 500ml,Beer,WH01,North DC,150,6,1,1,2154,1472,1472,1
2025-11-09,97,SKU05,Premium Lager 500ml,Beer,WH01,North DC,150,6,1,1,2265,1472,1472,1
2025-11-16,98,SKU05,Premium Lager 500ml,Beer,WH01,North DC,150,6,0,0,774,1472,774,0
2025-11-23,99,SKU05,Premium Lager 500ml,Beer,WH01,North DC,150,6,0,0,816,2170,816,0
2025-11-30,100,SKU05,Premium Lager 500ml,Beer,WH01,North DC,150,6,0,0,976,1354,976,0
2025-12-07,101,SKU05,Premium Lager 500ml,Beer,WH01,North DC,150,6,0,0,876,1850,876,0
2025-12-14,102,SKU05,Premium Lager 500ml,Beer,WH01,North DC,150,6,0,0,1006,2446,1006,0
2025-12-21,103,SKU05,Premium Lager 500ml,Beer,WH01,North DC,150,6,1,0,1752,1440,1440,1
2025-12-28,104,SKU05,Premium Lager 500ml,Beer,WH01,North DC,150,6,1,0,1789,1472,1472,1
2024-01-07,1,SKU06,Malt Drink 300ml,Non-Alcoholic,WH01,North DC,40,4,0,0,895,1288,895,0
2024-01-14,2,SKU06,Malt Drink 300ml,Non-Alcoholic,WH01,North DC,40,4,0,0,794,1865,794,0
2024-01-21,3,SKU06,Malt Drink 300ml,Non-Alcoholic,WH01,North DC,40,4,0,0,786,2543,786,0
2024-01-28,4,SKU06,Malt Drink 300ml,Non-Alcoholic,WH01,North DC,40,4,0,0,1107,1757,1107,0
2024-02-04,5,SKU06,Malt Drink 300ml,Non-Alcoholic,WH01,North DC,40,4,0,0,1024,2122,1024,0
2024-02-11,6,SKU06,Malt Drink 300ml,Non-Alcoholic,WH01,North DC,40,4,0,0,902,2570,902,0
2024-02-18,7,SKU06,Malt Drink 300ml,Non-Alcoholic,WH01,North DC,40,4,0,0,935,1668,935,0
2024-02-25,8,SKU06,Malt Drink 300ml,Non-Alcoholic,WH01,North DC,40,4,0,0,902,2205,902,0
2024-03-03,9,SKU06,Malt Drink 300ml,Non-Alcoholic,WH01,North DC,40,4,0,0,1133,1303,1133,0
2024-03-10,10,SKU06,Malt Drink 300ml,Non-Alcoholic,WH01,North DC,40,4,1,0,1705,1642,1642,1
2024-03-17,11,SKU06,Malt Drink 300ml,Non-Alcoholic,WH01,North DC,40,4,1,0,1858,1472,1472,1
2024-03-24,12,SKU06,Malt Drink 300ml,Non-Alcoholic,WH01,North DC,40,4,1,0,1863,1472,1472,1
2024-03-31,13,SKU06,Malt Drink 300ml,Non-Alcoholic,WH01,North DC,40,4,0,0,951,1472,951,0
2024-04-07,14,SKU06,Malt Drink 300ml,Non-Alcoholic,WH01,North DC,40,4,0,1,1637,1993,1637,0
2024-04-14,15,SKU06,Malt Drink 300ml,Non-Alcoholic,WH01,North DC,40,4,0,0,1451,1828,1451,0
2024-04-21,16,SKU06,Malt Drink 300ml,Non-Alcoholic,WH01,North DC,40,4,0,0,1338,1849,1338,0
2024-04-28,17,SKU06,Malt Drink 300ml,Non-Alcoholic,WH01,North DC,40,4,0,0,1322,1983,1322,0
2024-05-05,18,SKU06,Malt Drink 300ml,Non-Alcoholic,WH01,North DC,40,4,0,0,1151,2133,1151,0
2024-05-12,19,SKU06,Malt Drink 300ml,Non-Alcoholic,WH01,North DC,40,4,0,0,1155,2454,1155,0
2024-05-19,20,SKU06,Malt Drink 300ml,Non-Alcoholic,WH01,North DC,40,4,0,0,1267,1299,1267,0
2024-05-26,21,SKU06,Malt Drink 300ml,Non-Alcoholic,WH01,North DC,40,4,0,0,1174,1504,1174,0
2024-06-02,22,SKU06,Malt Drink 300ml,Non-Alcoholic,WH01,North DC,40,4,0,0,1424,1802,1424,0
2024-06-09,23,SKU06,Malt Drink 300ml,Non-Alcoholic,WH01,North DC,40,4,0,1,1559,1850,1559,0
2024-06-16,24,SKU06,Malt Drink 300ml,Non-Alcoholic,WH01,North DC,40,4,0,0,1170,1763,1170,0
2024-06-23,25,SKU06,Malt Drink 300ml,Non-Alcoholic,WH01,North DC,40,4,0,0,1434,2065,1434,0
2024-06-30,26,SKU06,Malt Drink 300ml,Non-Alcoholic,WH01,North DC,40,4,0,0,1110,2103,1110,0
2024-07-07,27,SKU06,Malt Drink 300ml,Non-Alcoholic,WH01,North DC,40,4,0,0,1087,2465,1087,0
2024-07-14,28,SKU06,Malt Drink 300ml,Non-Alcoholic,WH01,North DC,40,4,0,0,1017,1378,1017,0
2024-07-21,29,SKU06,Malt Drink 300ml,Non-Alcoholic,WH01,North DC,40,4,0,0,1407,1833,1407,0
2024-07-28,30,SKU06,Malt Drink 300ml,Non-Alcoholic,WH01,North DC,40,4,0,0,1091,1898,1091,0
2024-08-04,31,SKU06,Malt Drink 300ml,Non-Alcoholic,WH01,North DC,40,4,0,0,852,2279,852,0
2024-08-11,32,SKU06,Malt Drink 300ml,Non-Alcoholic,WH01,North DC,40,4,0,0,958,1427,958,0
2024-08-18,33,SKU06,Malt Drink 300ml,Non-Alcoholic,WH01,North DC,40,4,0,1,1167,1941,1167,0
2024-08-25,34,SKU06,Malt Drink 300ml,Non-Alcoholic,WH01,North DC,40,4,0,0,871,2246,871,0
2024-09-01,35,SKU06,Malt Drink 300ml,Non-Alcoholic,WH01,North DC,40,4,0,0,1070,1375,1070,0
2024-09-08,36,SKU06,Malt Drink 300ml,Non-Alcoholic,WH01,North DC,40,4,0,0,1029,1777,1029,0
2024-09-15,37,SKU06,Malt Drink 300ml,Non-Alcoholic,WH01,North DC,40,4,0,0,990,2220,990,0
2024-09-22,38,SKU06,Malt Drink 300ml,Non-Alcoholic,WH01,North DC,40,4,0,0,868,1230,868,0
2024-09-29,39,SKU06,Malt Drink 300ml,Non-Alcoholic,WH01,North DC,40,4,0,1,1462,1834,1462,0
2024-10-06,40,SKU06,Malt Drink 300ml,Non-Alcoholic,WH01,North DC,40,4,1,0,1806,1844,1806,0
2024-10-13,41,SKU06,Malt Drink 300ml,Non-Alcoholic,WH01,North DC,40,4,1,0,1613,1510,1510,1
2024-10-20,42,SKU06,Malt Drink 300ml,Non-Alcoholic,WH01,North DC,40,4,1,0,1962,1472,1472,1
2024-10-27,43,SKU06,Malt Drink 300ml,Non-Alcoholic,WH01,North DC,40,4,1,0,1761,1472,1472,1
2024-11-03,44,SKU06,Malt Drink 300ml,Non-Alcoholic,WH01,North DC,40,4,1,0,1937,1472,1472,1
2024-11-10,45,SKU06,Malt Drink 300ml,Non-Alcoholic,WH01,North DC,40,4,1,0,1825,1472,1472,1
2024-11-17,46,SKU06,Malt Drink 300ml,Non-Alcoholic,WH01,North DC,40,4,0,0,1222,1472,1222,0
2024-11-24,47,SKU06,Malt Drink 300ml,Non-Alcoholic,WH01,North DC,40,4,0,0,849,1722,849,0
2024-12-01,48,SKU06,Malt Drink 300ml,Non-Alcoholic,WH01,North DC,40,4,0,0,909,2345,909,0
2024-12-08,49,SKU06,Malt Drink 300ml,Non-Alcoholic,WH01,North DC,40,4,0,0,1317,1436,1317,0
2024-12-15,50,SKU06,Malt Drink 300ml,Non-Alcoholic,WH01,North DC,40,4,0,0,961,1591,961,0
2024-12-22,51,SKU06,Malt Drink 300ml,Non-Alcoholic,WH01,North DC,40,4,1,0,1263,2102,1263,0
2024-12-29,52,SKU06,Malt Drink 300ml,Non-Alcoholic,WH01,North DC,40,4,1,0,1561,2311,1561,0
2025-01-05,53,SKU06,Malt Drink 300ml,Non-Alcoholic,WH01,North DC,40,4,0,1,1379,2222,1379,0
2025-01-12,54,SKU06,Malt Drink 300ml,Non-Alcoholic,WH01,North DC,40,4,0,0,964,2315,964,0
2025-01-19,55,SKU06,Malt Drink 300ml,Non-Alcoholic,WH01,North DC,40,4,0,0,759,1351,759,0
2025-01-26,56,SKU06,Malt Drink 300ml,Non-Alcoholic,WH01,North DC,40,4,0,0,873,2064,873,0
2025-02-02,57,SKU06,Malt Drink 300ml,Non-Alcoholic,WH01,North DC,40,4,0,0,796,1191,796,0
2025-02-09,58,SKU06,Malt Drink 300ml,Non-Alcoholic,WH01,North DC,40,4,0,0,1217,1867,1217,0
2025-02-16,59,SKU06,Malt Drink 300ml,Non-Alcoholic,WH01,North DC,40,4,0,0,790,2122,790,0
2025-02-23,60,SKU06,Malt Drink 300ml,Non-Alcoholic,WH01,North DC,40,4,0,0,916,1332,916,0
2025-03-02,61,SKU06,Malt Drink 300ml,Non-Alcoholic,WH01,North DC,40,4,0,0,1204,1888,1204,0
2025-03-09,62,SKU06,Malt Drink 300ml,Non-Alcoholic,WH01,North DC,40,4,0,0,963,2156,963,0
2025-03-16,63,SKU06,Malt Drink 300ml,Non-Alcoholic,WH01,North DC,40,4,1,0,1903,1193,1193,1
2025-03-23,64,SKU06,Malt Drink 300ml,Non-Alcoholic,WH01,North DC,40,4,1,0,1668,1472,1472,1
2025-03-30,65,SKU06,Malt Drink 300ml,Non-Alcoholic,WH01,North DC,40,4,0,0,1181,1472,1181,0
2025-04-06,66,SKU06,Malt Drink 300ml,Non-Alcoholic,WH01,North DC,40,4,0,0,1289,1763,1289,0
2025-04-13,67,SKU06,Malt Drink 300ml,Non-Alcoholic,WH01,North DC,40,4,0,0,1312,1946,1312,0
2025-04-20,68,SKU06,Malt Drink 300ml,Non-Alcoholic,WH01,North DC,40,4,0,0,1510,2106,1510,0
2025-04-27,69,SKU06,Malt Drink 300ml,Non-Alcoholic,WH01,North DC,40,4,0,0,1155,2068,1155,0
2025-05-04,70,SKU06,Malt Drink 300ml,Non-Alcoholic,WH01,North DC,40,4,0,0,1393,2385,1393,0
2025-05-11,71,SKU06,Malt Drink 300ml,Non-Alcoholic,WH01,North DC,40,4,0,0,1473,2464,1473,0
2025-05-18,72,SKU06,Malt Drink 300ml,Non-Alcoholic,WH01,North DC,40,4,0,0,1144,2463,1144,0
2025-05-25,73,SKU06,Malt Drink 300ml,Non-Alcoholic,WH01,North DC,40,4,0,0,1095,1319,1095,0
2025-06-01,74,SKU06,Malt Drink 300ml,Non-Alcoholic,WH01,North DC,40,4,0,1,1629,1696,1629,0
2025-06-08,75,SKU06,Malt Drink 300ml,Non-Alcoholic,WH01,North DC,40,4,0,0,1010,1539,1010,0
2025-06-15,76,SKU06,Malt Drink 300ml,Non-Alcoholic,WH01,North DC,40,4,0,0,1392,2001,1392,0
2025-06-22,77,SKU06,Malt Drink 300ml,Non-Alcoholic,WH01,North DC,40,4,0,0,1457,2081,1457,0
2025-06-29,78,SKU06,Malt Drink 300ml,Non-Alcoholic,WH01,North DC,40,4,0,0,1127,2096,1127,0
2025-07-06,79,SKU06,Malt Drink 300ml,Non-Alcoholic,WH01,North DC,40,4,0,0,1271,2441,1271,0
2025-07-13,80,SKU06,Malt Drink 300ml,Non-Alcoholic,WH01,North DC,40,4,0,0,1325,1170,1170,1
2025-07-20,81,SKU06,Malt Drink 300ml,Non-Alcoholic,WH01,North DC,40,4,0,0,1207,1472,1207,0
2025-07-27,82,SKU06,Malt Drink 300ml,Non-Alcoholic,WH01,North DC,40,4,0,0,1338,1737,1338,0
2025-08-03,83,SKU06,Malt Drink 300ml,Non-Alcoholic,WH01,North DC,40,4,0,0,968,1871,968,0
2025-08-10,84,SKU06,Malt Drink 300ml,Non-Alcoholic,WH01,North DC,40,4,0,1,1178,2375,1178,0
2025-08-17,85,SKU06,Malt Drink 300ml,Non-Alcoholic,WH01,North DC,40,4,0,0,994,1197,994,0
2025-08-24,86,SKU06,Malt Drink 300ml,Non-Alcoholic,WH01,North DC,40,4,0,0,886,1675,886,0
2025-08-31,87,SKU06,Malt Drink 300ml,Non-Alcoholic,WH01,North DC,40,4,0,0,941,2261,941,0
2025-09-07,88,SKU06,Malt Drink 300ml,Non-Alcoholic,WH01,North DC,40,4,0,0,1014,1320,1014,0
2025-09-14,89,SKU06,Malt Drink 300ml,Non-Alcoholic,WH01,North DC,40,4,0,0,1031,1778,1031,0
2025-09-21,90,SKU06,Malt Drink 300ml,Non-Alcoholic,WH01,North DC,40,4,0,0,1071,2219,1071,0
2025-09-28,91,SKU06,Malt Drink 300ml,Non-Alcoholic,WH01,North DC,40,4,0,0,760,1148,760,0
2025-10-05,92,SKU06,Malt Drink 300ml,Non-Alcoholic,WH01,North DC,40,4,1,0,2477,1860,1860,1
2025-10-12,93,SKU06,Malt Drink 300ml,Non-Alcoholic,WH01,North DC,40,4,1,0,1627,1472,1472,1
2025-10-19,94,SKU06,Malt Drink 300ml,Non-Alcoholic,WH01,North DC,40,4,1,0,1977,1472,1472,1
2025-10-26,95,SKU06,Malt Drink 300ml,Non-Alcoholic,WH01,North DC,40,4,1,0,1898,1472,1472,1
2025-11-02,96,SKU06,Malt Drink 300ml,Non-Alcoholic,WH01,North DC,40,4,1,0,1696,1472,1472,1
2025-11-09,97,SKU06,Malt Drink 300ml,Non-Alcoholic,WH01,North DC,40,4,1,0,1962,1472,1472,1
2025-11-16,98,SKU06,Malt Drink 300ml,Non-Alcoholic,WH01,North DC,40,4,0,0,911,1472,911,0
2025-11-23,99,SKU06,Malt Drink 300ml,Non-Alcoholic,WH01,North DC,40,4,0,0,1021,2033,1021,0
2025-11-30,100,SKU06,Malt Drink 300ml,Non-Alcoholic,WH01,North DC,40,4,0,0,1273,2484,1273,0
2025-12-07,101,SKU06,Malt Drink 300ml,Non-Alcoholic,WH01,North DC,40,4,0,0,972,1211,972,0
2025-12-14,102,SKU06,Malt Drink 300ml,Non-Alcoholic,WH01,North DC,40,4,0,0,1037,1711,1037,0
2025-12-21,103,SKU06,Malt Drink 300ml,Non-Alcoholic,WH01,North DC,40,4,1,0,1345,2146,1345,0
2025-12-28,104,SKU06,Malt Drink 300ml,Non-Alcoholic,WH01,North DC,40,4,1,0,1670,2273,1670,0
2024-01-07,1,SKU07,Soda Mixer 250ml,Non-Alcoholic,WH01,North DC,30,4,0,0,365,563,365,0
2024-01-14,2,SKU07,Soda Mixer 250ml,Non-Alcoholic,WH01,North DC,30,4,0,0,417,842,417,0
2024-01-21,3,SKU07,Soda Mixer 250ml,Non-Alcoholic,WH01,North DC,30,4,0,0,452,1070,452,0
2024-01-28,4,SKU07,Soda Mixer 250ml,Non-Alcoholic,WH01,North DC,30,4,0,0,392,618,392,0
2024-02-04,5,SKU07,Soda Mixer 250ml,Non-Alcoholic,WH01,North DC,30,4,0,0,432,870,432,0
2024-02-11,6,SKU07,Soda Mixer 250ml,Non-Alcoholic,WH01,North DC,30,4,0,0,422,1082,422,0
2024-02-18,7,SKU07,Soda Mixer 250ml,Non-Alcoholic,WH01,North DC,30,4,0,0,456,660,456,0
2024-02-25,8,SKU07,Soda Mixer 250ml,Non-Alcoholic,WH01,North DC,30,4,0,0,434,848,434,0
2024-03-03,9,SKU07,Soda Mixer 250ml,Non-Alcoholic,WH01,North DC,30,4,0,0,539,1058,539,0
2024-03-10,10,SKU07,Soda Mixer 250ml,Non-Alcoholic,WH01,North DC,30,4,1,0,725,518,518,1
2024-03-17,11,SKU07,Soda Mixer 250ml,Non-Alcoholic,WH01,North DC,30,4,1,0,634,644,634,0
2024-03-24,12,SKU07,Soda Mixer 250ml,Non-Alcoholic,WH01,North DC,30,4,1,0,602,654,602,0
2024-03-31,13,SKU07,Soda Mixer 250ml,Non-Alcoholic,WH01,North DC,30,4,0,0,382,696,382,0
2024-04-07,14,SKU07,Soda Mixer 250ml,Non-Alcoholic,WH01,North DC,30,4,0,0,532,958,532,0
2024-04-14,15,SKU07,Soda Mixer 250ml,Non-Alcoholic,WH01,North DC,30,4,0,0,563,1070,563,0
2024-04-21,16,SKU07,Soda Mixer 250ml,Non-Alcoholic,WH01,North DC,30,4,0,0,506,507,506,0
2024-04-28,17,SKU07,Soda Mixer 250ml,Non-Alcoholic,WH01,North DC,30,4,0,0,404,645,404,0
2024-05-05,18,SKU07,Soda Mixer 250ml,Non-Alcoholic,WH01,North DC,30,4,0,0,509,885,509,0
2024-05-12,19,SKU07,Soda Mixer 250ml,Non-Alcoholic,WH01,North DC,30,4,0,0,525,1020,525,0
2024-05-19,20,SKU07,Soda Mixer 250ml,Non-Alcoholic,WH01,North DC,30,4,0,0,554,495,495,1
2024-05-26,21,SKU07,Soda Mixer 250ml,Non-Alcoholic,WH01,North DC,30,4,0,0,652,644,644,1
2024-06-02,22,SKU07,Soda Mixer 250ml,Non-Alcoholic,WH01,North DC,30,4,0,0,435,644,435,0
2024-06-09,23,SKU07,Soda Mixer 250ml,Non-Alcoholic,WH01,North DC,30,4,0,0,603,853,603,0
2024-06-16,24,SKU07,Soda Mixer 250ml,Non-Alcoholic,WH01,North DC,30,4,0,0,596,894,596,0
2024-06-23,25,SKU07,Soda Mixer 250ml,Non-Alcoholic,WH01,North DC,30,4,0,0,542,942,542,0
2024-06-30,26,SKU07,Soda Mixer 250ml,Non-Alcoholic,WH01,North DC,30,4,0,0,586,1044,586,0
2024-07-07,27,SKU07,Soda Mixer 250ml,Non-Alcoholic,WH01,North DC,30,4,0,1,583,1102,583,0
2024-07-14,28,SKU07,Soda Mixer 250ml,Non-Alcoholic,WH01,North DC,30,4,0,0,509,519,509,0
2024-07-21,29,SKU07,Soda Mixer 250ml,Non-Alcoholic,WH01,North DC,30,4,0,0,428,654,428,0
2024-07-28,30,SKU07,Soda Mixer 250ml,Non-Alcoholic,WH01,North DC,30,4,0,0,422,870,422,0
2024-08-04,31,SKU07,Soda Mixer 250ml,Non-Alcoholic,WH01,North DC,30,4,0,0,321,1092,321,0
2024-08-11,32,SKU07,Soda Mixer 250ml,Non-Alcoholic,WH01,North DC,30,4,0,0,437,771,437,0
2024-08-18,33,SKU07,Soda Mixer 250ml,Non-Alcoholic,WH01,North DC,30,4,0,0,387,978,387,0
2024-08-25,34,SKU07,Soda Mixer 250ml,Non-Alcoholic,WH01,North DC,30,4,0,0,338,591,338,0
2024-09-01,35,SKU07,Soda Mixer 250ml,Non-Alcoholic,WH01,North DC,30,4,0,0,370,897,370,0
2024-09-08,36,SKU07,Soda Mixer 250ml,Non-Alcoholic,WH01,North DC,30,4,0,0,447,527,447,0
2024-09-15,37,SKU07,Soda Mixer 250ml,Non-Alcoholic,WH01,North DC,30,4,0,0,427,724,427,0
2024-09-22,38,SKU07,Soda Mixer 250ml,Non-Alcoholic,WH01,North DC,30,4,0,0,373,941,373,0
2024-09-29,39,SKU07,Soda Mixer 250ml,Non-Alcoholic,WH01,North DC,30,4,0,0,491,568,491,0
2024-10-06,40,SKU07,Soda Mixer 250ml,Non-Alcoholic,WH01,North DC,30,4,1,0,751,721,721,1
2024-10-13,41,SKU07,Soda Mixer 250ml,Non-Alcoholic,WH01,North DC,30,4,1,1,1002,644,644,1
2024-10-20,42,SKU07,Soda Mixer 250ml,Non-Alcoholic,WH01,North DC,30,4,1,0,772,644,644,1
2024-10-27,43,SKU07,Soda Mixer 250ml,Non-Alcoholic,WH01,North DC,30,4,1,0,734,644,644,1
2024-11-03,44,SKU07,Soda Mixer 250ml,Non-Alcoholic,WH01,North DC,30,4,1,0,797,644,644,1
2024-11-10,45,SKU07,Soda Mixer 250ml,Non-Alcoholic,WH01,North DC,30,4,1,0,867,644,644,1
2024-11-17,46,SKU07,Soda Mixer 250ml,Non-Alcoholic,WH01,North DC,30,4,0,0,408,644,408,0
2024-11-24,47,SKU07,Soda Mixer 250ml,Non-Alcoholic,WH01,North DC,30,4,0,0,462,880,462,0
2024-12-01,48,SKU07,Soda Mixer 250ml,Non-Alcoholic,WH01,North DC,30,4,0,0,389,1062,389,0
2024-12-08,49,SKU07,Soda Mixer 250ml,Non-Alcoholic,WH01,North DC,30,4,0,0,518,673,518,0
2024-12-15,50,SKU07,Soda Mixer 250ml,Non-Alcoholic,WH01,North DC,30,4,0,0,383,799,383,0
2024-12-22,51,SKU07,Soda Mixer 250ml,Non-Alcoholic,WH01,North DC,30,4,1,0,809,1060,809,0
2024-12-29,52,SKU07,Soda Mixer 250ml,Non-Alcoholic,WH01,North DC,30,4,1,0,545,895,545,0
2025-01-05,53,SKU07,Soda Mixer 250ml,Non-Alcoholic,WH01,North DC,30,4,0,0,409,994,409,0
2025-01-12,54,SKU07,Soda Mixer 250ml,Non-Alcoholic,WH01,North DC,30,4,0,0,451,585,451,0
2025-01-19,55,SKU07,Soda Mixer 250ml,Non-Alcoholic,WH01,North DC,30,4,0,1,613,778,613,0
2025-01-26,56,SKU07,Soda Mixer 250ml,Non-Alcoholic,WH01,North DC,30,4,0,0,512,809,512,0
2025-02-02,57,SKU07,Soda Mixer 250ml,Non-Alcoholic,WH01,North DC,30,4,0,0,504,941,504,0
2025-02-09,58,SKU07,Soda Mixer 250ml,Non-Alcoholic,WH01,North DC,30,4,0,0,342,1081,342,0
2025-02-16,59,SKU07,Soda Mixer 250ml,Non-Alcoholic,WH01,North DC,30,4,0,0,451,739,451,0
2025-02-23,60,SKU07,Soda Mixer 250ml,Non-Alcoholic,WH01,North DC,30,4,0,0,390,932,390,0
2025-03-02,61,SKU07,Soda Mixer 250ml,Non-Alcoholic,WH01,North DC,30,4,0,0,553,542,542,1
2025-03-09,62,SKU07,Soda Mixer 250ml,Non-Alcoholic,WH01,North DC,30,4,0,0,561,644,561,0
2025-03-16,63,SKU07,Soda Mixer 250ml,Non-Alcoholic,WH01,North DC,30,4,1,0,823,727,727,1
2025-03-23,64,SKU07,Soda Mixer 250ml,Non-Alcoholic,WH01,North DC,30,4,1,0,744,644,644,1
2025-03-30,65,SKU07,Soda Mixer 250ml,Non-Alcoholic,WH01,North DC,30,4,0,0,432,644,432,0
2025-04-06,66,SKU07,Soda Mixer 250ml,Non-Alcoholic,WH01,North DC,30,4,0,0,535,856,535,0
2025-04-13,67,SKU07,Soda Mixer 250ml,Non-Alcoholic,WH01,North DC,30,4,0,1,665,965,665,0
2025-04-20,68,SKU07,Soda Mixer 250ml,Non-Alcoholic,WH01,North DC,30,4,0,0,588,944,588,0
2025-04-27,69,SKU07,Soda Mixer 250ml,Non-Alcoholic,WH01,North DC,30,4,0,0,659,1000,659,0
2025-05-04,70,SKU07,Soda Mixer 250ml,Non-Alcoholic,WH01,North DC,30,4,0,0,595,985,595,0
2025-05-11,71,SKU07,Soda Mixer 250ml,Non-Alcoholic,WH01,North DC,30,4,0,0,505,1034,505,0
2025-05-18,72,SKU07,Soda Mixer 250ml,Non-Alcoholic,WH01,North DC,30,4,0,0,501,529,501,0
2025-05-25,73,SKU07,Soda Mixer 250ml,Non-Alcoholic,WH01,North DC,30,4,0,0,638,672,638,0
2025-06-01,74,SKU07,Soda Mixer 250ml,Non-Alcoholic,WH01,North DC,30,4,0,0,727,678,678,1
2025-06-08,75,SKU07,Soda Mixer 250ml,Non-Alcoholic,WH01,North DC,30,4,0,0,597,644,597,0
2025-06-15,76,SKU07,Soda Mixer 250ml,Non-Alcoholic,WH01,North DC,30,4,0,0,543,691,543,0
2025-06-22,77,SKU07,Soda Mixer 250ml,Non-Alcoholic,WH01,North DC,30,4,0,0,521,792,521,0
2025-06-29,78,SKU07,Soda Mixer 250ml,Non-Alcoholic,WH01,North DC,30,4,0,0,637,915,637,0
2025-07-06,79,SKU07,Soda Mixer 250ml,Non-Alcoholic,WH01,North DC,30,4,0,0,601,922,601,0
2025-07-13,80,SKU07,Soda Mixer 250ml,Non-Alcoholic,WH01,North DC,30,4,0,0,487,965,487,0
2025-07-20,81,SKU07,Soda Mixer 250ml,Non-Alcoholic,WH01,North DC,30,4,0,0,474,1122,474,0
2025-07-27,82,SKU07,Soda Mixer 250ml,Non-Alcoholic,WH01,North DC,30,4,0,0,421,648,421,0
2025-08-03,83,SKU07,Soda Mixer 250ml,Non-Alcoholic,WH01,North DC,30,4,0,0,445,871,445,0
2025-08-10,84,SKU07,Soda Mixer 250ml,Non-Alcoholic,WH01,North DC,30,4,0,0,483,1070,483,0
2025-08-17,85,SKU07,Soda Mixer 250ml,Non-Alcoholic,WH01,North DC,30,4,0,0,402,587,402,0
2025-08-24,86,SKU07,Soda Mixer 250ml,Non-Alcoholic,WH01,North DC,30,4,0,0,454,829,454,0
2025-08-31,87,SKU07,Soda Mixer 250ml,Non-Alcoholic,WH01,North DC,30,4,0,0,470,1019,470,0
2025-09-07,88,SKU07,Soda Mixer 250ml,Non-Alcoholic,WH01,North DC,30,4,0,0,474,549,474,0
2025-09-14,89,SKU07,Soda Mixer 250ml,Non-Alcoholic,WH01,North DC,30,4,0,1,483,719,483,0
2025-09-21,90,SKU07,Soda Mixer 250ml,Non-Alcoholic,WH01,North DC,30,4,0,0,397,880,397,0
2025-09-28,91,SKU07,Soda Mixer 250ml,Non-Alcoholic,WH01,North DC,30,4,0,0,449,483,449,0
2025-10-05,92,SKU07,Soda Mixer 250ml,Non-Alcoholic,WH01,North DC,30,4,1,0,869,678,678,1
2025-10-12,93,SKU07,Soda Mixer 250ml,Non-Alcoholic,WH01,North DC,30,4,1,0,1010,644,644,1
2025-10-19,94,SKU07,Soda Mixer 250ml,Non-Alcoholic,WH01,North DC,30,4,1,0,694,644,644,1
2025-10-26,95,SKU07,Soda Mixer 250ml,Non-Alcoholic,WH01,North DC,30,4,1,0,828,644,644,1
2025-11-02,96,SKU07,Soda Mixer 250ml,Non-Alcoholic,WH01,North DC,30,4,1,0,805,644,644,1
2025-11-09,97,SKU07,Soda Mixer 250ml,Non-Alcoholic,WH01,North DC,30,4,1,0,763,644,644,1
2025-11-16,98,SKU07,Soda Mixer 250ml,Non-Alcoholic,WH01,North DC,30,4,0,0,511,644,511,0
2025-11-23,99,SKU07,Soda Mixer 250ml,Non-Alcoholic,WH01,North DC,30,4,0,0,479,777,479,0
2025-11-30,100,SKU07,Soda Mixer 250ml,Non-Alcoholic,WH01,North DC,30,4,0,0,481,942,481,0
2025-12-07,101,SKU07,Soda Mixer 250ml,Non-Alcoholic,WH01,North DC,30,4,0,0,385,1105,385,0
2025-12-14,102,SKU07,Soda Mixer 250ml,Non-Alcoholic,WH01,North DC,30,4,0,0,431,720,431,0
2025-12-21,103,SKU07,Soda Mixer 250ml,Non-Alcoholic,WH01,North DC,30,4,1,0,680,933,680,0
2025-12-28,104,SKU07,Soda Mixer 250ml,Non-Alcoholic,WH01,North DC,30,4,1,0,690,897,690,0
2024-01-07,1,SKU08,Lager Can 500ml,Beer,WH01,North DC,100,5,0,0,2086,2254,2086,0
2024-01-14,2,SKU08,Lager Can 500ml,Beer,WH01,North DC,100,5,0,0,1554,2744,1554,0
2024-01-21,3,SKU08,Lager Can 500ml,Beer,WH01,North DC,100,5,0,0,1125,3766,1125,0
2024-01-28,4,SKU08,Lager Can 500ml,Beer,WH01,North DC,100,5,0,0,1628,2641,1628,0
2024-02-04,5,SKU08,Lager Can 500ml,Beer,WH01,North DC,100,5,0,0,1716,3589,1716,0
2024-02-11,6,SKU08,Lager Can 500ml,Beer,WH01,North DC,100,5,0,0,1630,4449,1630,0
2024-02-18,7,SKU08,Lager Can 500ml,Beer,WH01,North DC,100,5,0,0,1059,2819,1059,0
2024-02-25,8,SKU08,Lager Can 500ml,Beer,WH01,North DC,100,5,0,0,1680,4336,1680,0
2024-03-03,9,SKU08,Lager Can 500ml,Beer,WH01,North DC,100,5,0,0,1990,2656,1990,0
2024-03-10,10,SKU08,Lager Can 500ml,Beer,WH01,North DC,100,5,1,0,2533,3242,2533,0
2024-03-17,11,SKU08,Lager Can 500ml,Beer,WH01,North DC,100,5,1,0,2749,3285,2749,0
2024-03-24,12,SKU08,Lager Can 500ml,Beer,WH01,North DC,100,5,1,0,2978,3112,2978,0
2024-03-31,13,SKU08,Lager Can 500ml,Beer,WH01,North DC,100,5,0,1,2188,2710,2188,0
2024-04-07,14,SKU08,Lager Can 500ml,Beer,WH01,North DC,100,5,0,0,2098,3098,2098,0
2024-04-14,15,SKU08,Lager Can 500ml,Beer,WH01,North DC,100,5,0,0,2289,3576,2289,0
2024-04-21,16,SKU08,Lager Can 500ml,Beer,WH01,North DC,100,5,0,1,2556,3863,2556,0
2024-04-28,17,SKU08,Lager Can 500ml,Beer,WH01,North DC,100,5,0,0,1806,3883,1806,0
2024-05-05,18,SKU08,Lager Can 500ml,Beer,WH01,North DC,100,5,0,0,2459,2077,2077,1
2024-05-12,19,SKU08,Lager Can 500ml,Beer,WH01,North DC,100,5,0,0,1941,2576,1941,0
2024-05-19,20,SKU08,Lager Can 500ml,Beer,WH01,North DC,100,5,0,0,2166,3211,2166,0
2024-05-26,21,SKU08,Lager Can 500ml,Beer,WH01,North DC,100,5,0,0,2089,3621,2089,0
2024-06-02,22,SKU08,Lager Can 500ml,Beer,WH01,North DC,100,5,0,0,1914,4108,1914,0
2024-06-09,23,SKU08,Lager Can 500ml,Beer,WH01,North DC,100,5,0,0,2464,2194,2194,1
2024-06-16,24,SKU08,Lager Can 500ml,Beer,WH01,North DC,100,5,0,1,3045,2576,2576,1
2024-06-23,25,SKU08,Lager Can 500ml,Beer,WH01,North DC,100,5,0,0,2129,2576,2129,0
2024-06-30,26,SKU08,Lager Can 500ml,Beer,WH01,North DC,100,5,0,0,2233,3023,2233,0
2024-07-07,27,SKU08,Lager Can 500ml,Beer,WH01,North DC,100,5,0,0,1933,3366,1933,0
2024-07-14,28,SKU08,Lager Can 500ml,Beer,WH01,North DC,100,5,0,0,1653,4009,1653,0
2024-07-21,29,SKU08,Lager Can 500ml,Beer,WH01,North DC,100,5,0,1,2105,2356,2105,0
2024-07-28,30,SKU08,Lager Can 500ml,Beer,WH01,North DC,100,5,0,0,1907,2827,1907,0
2024-08-04,31,SKU08,Lager Can 500ml,Beer,WH01,North DC,100,5,0,0,1428,3496,1428,0
2024-08-11,32,SKU08,Lager Can 500ml,Beer,WH01,North DC,100,5,0,0,1660,2068,1660,0
2024-08-18,33,SKU08,Lager Can 500ml,Beer,WH01,North DC,100,5,0,0,1209,2984,1209,0
2024-08-25,34,SKU08,Lager Can 500ml,Beer,WH01,North DC,100,5,0,0,1583,4351,1583,0
2024-09-01,35,SKU08,Lager Can 500ml,Beer,WH01,North DC,100,5,0,0,1731,2768,1731,0
2024-09-08,36,SKU08,Lager Can 500ml,Beer,WH01,North DC,100,5,0,0,1717,3613,1717,0
2024-09-15,37,SKU08,Lager Can 500ml,Beer,WH01,North DC,100,5,0,0,1907,4472,1907,0
2024-09-22,38,SKU08,Lager Can 500ml,Beer,WH01,North DC,100,5,0,0,1454,2565,1454,0
2024-09-29,39,SKU08,Lager Can 500ml,Beer,WH01,North DC,100,5,0,0,1663,3687,1663,0
2024-10-06,40,SKU08,Lager Can 500ml,Beer,WH01,North DC,100,5,1,0,3365,2024,2024,1
2024-10-13,41,SKU08,Lager Can 500ml,Beer,WH01,North DC,100,5,1,0,3134,2576,2576,1
2024-10-20,42,SKU08,Lager Can 500ml,Beer,WH01,North DC,100,5,1,0,3328,2576,2576,1
2024-10-27,43,SKU08,Lager Can 500ml,Beer,WH01,North DC,100,5,1,1,3257,2576,2576,1
2024-11-03,44,SKU08,Lager Can 500ml,Beer,WH01,North DC,100,5,1,0,3066,2576,2576,1
2024-11-10,45,SKU08,Lager Can 500ml,Beer,WH01,North DC,100,5,1,0,2963,2576,2576,1
2024-11-17,46,SKU08,Lager Can 500ml,Beer,WH01,North DC,100,5,0,0,1713,2576,1713,0
2024-11-24,47,SKU08,Lager Can 500ml,Beer,WH01,North DC,100,5,0,0,1533,3439,1533,0
2024-12-01,48,SKU08,Lager Can 500ml,Beer,WH01,North DC,100,5,0,0,1963,4482,1963,0
2024-12-08,49,SKU08,Lager Can 500ml,Beer,WH01,North DC,100,5,0,0,1839,2519,1839,0
2024-12-15,50,SKU08,Lager Can 500ml,Beer,WH01,North DC,100,5,0,0,1938,3256,1938,0
2024-12-22,51,SKU08,Lager Can 500ml,Beer,WH01,North DC,100,5,1,0,2642,3894,2642,0
2024-12-29,52,SKU08,Lager Can 500ml,Beer,WH01,North DC,100,5,1,0,2341,3828,2341,0
2025-01-05,53,SKU08,Lager Can 500ml,Beer,WH01,North DC,100,5,0,0,1832,4063,1832,0
2025-01-12,54,SKU08,Lager Can 500ml,Beer,WH01,North DC,100,5,0,0,1978,2231,1978,0
2025-01-19,55,SKU08,Lager Can 500ml,Beer,WH01,North DC,100,5,0,0,1769,2829,1769,0
2025-01-26,56,SKU08,Lager Can 500ml,Beer,WH01,North DC,100,5,0,0,1523,3636,1523,0
2025-02-02,57,SKU08,Lager Can 500ml,Beer,WH01,North DC,100,5,0,0,1595,2113,1595,0
2025-02-09,58,SKU08,Lager Can 500ml,Beer,WH01,North DC,100,5,0,0,1725,3094,1725,0
2025-02-16,59,SKU08,Lager Can 500ml,Beer,WH01,North DC,100,5,0,0,2019,3945,2019,0
2025-02-23,60,SKU08,Lager Can 500ml,Beer,WH01,North DC,100,5,0,0,2092,4502,2092,0
2025-03-02,61,SKU08,Lager Can 500ml,Beer,WH01,North DC,100,5,0,0,1778,2410,1778,0
2025-03-09,62,SKU08,Lager Can 500ml,Beer,WH01,North DC,100,5,0,0,2069,3208,2069,0
2025-03-16,63,SKU08,Lager Can 500ml,Beer,WH01,North DC,100,5,1,0,2950,3715,2950,0
2025-03-23,64,SKU08,Lager Can 500ml,Beer,WH01,North DC,100,5,1,0,2691,3341,2691,0
2025-03-30,65,SKU08,Lager Can 500ml,Beer,WH01,North DC,100,5,0,0,2128,3226,2128,0
2025-04-06,66,SKU08,Lager Can 500ml,Beer,WH01,North DC,100,5,0,0,2380,3674,2380,0
2025-04-13,67,SKU08,Lager Can 500ml,Beer,WH01,North DC,100,5,0,0,2400,3870,2400,0
2025-04-20,68,SKU08,Lager Can 500ml,Beer,WH01,North DC,100,5,0,0,2297,4046,2297,0
2025-04-27,69,SKU08,Lager Can 500ml,Beer,WH01,North DC,100,5,0,0,2431,4325,2431,0
2025-05-04,70,SKU08,Lager Can 500ml,Beer,WH01,North DC,100,5,0,0,2423,4470,2423,0
2025-05-11,71,SKU08,Lager Can 500ml,Beer,WH01,North DC,100,5,0,0,2587,2047,2047,1
2025-05-18,72,SKU08,Lager Can 500ml,Beer,WH01,North DC,100,5,0,0,2124,2576,2124,0
2025-05-25,73,SKU08,Lager Can 500ml,Beer,WH01,North DC,100,5,0,0,2607,3028,2607,0
2025-06-01,74,SKU08,Lager Can 500ml,Beer,WH01,North DC,100,5,0,0,2566,2997,2566,0
2025-06-08,75,SKU08,Lager Can 500ml,Beer,WH01,North DC,100,5,0,0,2453,3007,2453,0
2025-06-15,76,SKU08,Lager Can 500ml,Beer,WH01,North DC,100,5,0,0,2372,3130,2372,0
2025-06-22,77,SKU08,Lager Can 500ml,Beer,WH01,North DC,100,5,0,1,2924,3334,2924,0
2025-06-29,78,SKU08,Lager Can 500ml,Beer,WH01,North DC,100,5,0,0,2344,2986,2344,0
2025-07-06,79,SKU08,Lager Can 500ml,Beer,WH01,North DC,100,5,0,0,2027,3218,2027,0
2025-07-13,80,SKU08,Lager Can 500ml,Beer,WH01,North DC,100,5,0,0,1660,3767,1660,0
2025-07-20,81,SKU08,Lager Can 500ml,Beer,WH01,North DC,100,5,0,0,2583,2107,2107,1
2025-07-27,82,SKU08,Lager Can 500ml,Beer,WH01,North DC,100,5,0,0,2288,2576,2288,0
2025-08-03,83,SKU08,Lager Can 500ml,Beer,WH01,North DC,100,5,0,0,2147,2864,2147,0
2025-08-10,84,SKU08,Lager Can 500ml,Beer,WH01,North DC,100,5,0,0,1898,3293,1898,0
2025-08-17,85,SKU08,Lager Can 500ml,Beer,WH01,North DC,100,5,0,0,1636,3971,1636,0
2025-08-24,86,SKU08,Lager Can 500ml,Beer,WH01,North DC,100,5,0,0,1871,2335,1871,0
2025-08-31,87,SKU08,Lager Can 500ml,Beer,WH01,North DC,100,5,0,1,2434,3040,2434,0
2025-09-07,88,SKU08,Lager Can 500ml,Beer,WH01,North DC,100,5,0,0,1576,3182,1576,0
2025-09-14,89,SKU08,Lager Can 500ml,Beer,WH01,North DC,100,5,0,0,2049,4182,2049,0
2025-09-21,90,SKU08,Lager Can 500ml,Beer,WH01,North DC,100,5,0,0,1687,2133,1687,0
2025-09-28,91,SKU08,Lager Can 500ml,Beer,WH01,North DC,100,5,0,0,1932,3022,1932,0
2025-10-05,92,SKU08,Lager Can 500ml,Beer,WH01,North DC,100,5,1,0,3762,3666,3666,1
2025-10-12,93,SKU08,Lager Can 500ml,Beer,WH01,North DC,100,5,1,0,3316,2576,2576,1
2025-10-19,94,SKU08,Lager Can 500ml,Beer,WH01,North DC,100,5,1,1,4716,2576,2576,1
2025-10-26,95,SKU08,Lager Can 500ml,Beer,WH01,North DC,100,5,1,0,2656,2576,2576,1
2025-11-02,96,SKU08,Lager Can 500ml,Beer,WH01,North DC,100,5,1,0,2791,2576,2576,1
2025-11-09,97,SKU08,Lager Can 500ml,Beer,WH01,North DC,100,5,1,0,2906,2576,2576,1
2025-11-16,98,SKU08,Lager Can 500ml,Beer,WH01,North DC,100,5,0,0,1342,2576,1342,0
2025-11-23,99,SKU08,Lager Can 500ml,Beer,WH01,North DC,100,5,0,0,1428,3810,1428,0
2025-11-30,100,SKU08,Lager Can 500ml,Beer,WH01,North DC,100,5,0,0,2110,2382,2110,0
2025-12-07,101,SKU08,Lager Can 500ml,Beer,WH01,North DC,100,5,0,0,2049,2848,2049,0
2025-12-14,102,SKU08,Lager Can 500ml,Beer,WH01,North DC,100,5,0,0,1676,3375,1676,0
2025-12-21,103,SKU08,Lager Can 500ml,Beer,WH01,North DC,100,5,1,0,3420,4275,3420,0
2025-12-28,104,SKU08,Lager Can 500ml,Beer,WH01,North DC,100,5,1,1,3261,3431,3261,0
2024-01-07,1,SKU09,Wheat Beer 650ml,Beer,WH01,North DC,160,9,0,0,492,563,492,0
2024-01-14,2,SKU09,Wheat Beer 650ml,Beer,WH01,North DC,160,9,0,0,494,715,494,0
2024-01-21,3,SKU09,Wheat Beer 650ml,Beer,WH01,North DC,160,9,0,0,373,865,373,0
2024-01-28,4,SKU09,Wheat Beer 650ml,Beer,WH01,North DC,160,9,0,0,444,492,444,0
2024-02-04,5,SKU09,Wheat Beer 650ml,Beer,WH01,North DC,160,9,0,0,459,692,459,0
2024-02-11,6,SKU09,Wheat Beer 650ml,Beer,WH01,North DC,160,9,0,0,373,877,373,0
2024-02-18,7,SKU09,Wheat Beer 650ml,Beer,WH01,North DC,160,9,0,0,270,504,270,0
2024-02-25,8,SKU09,Wheat Beer 650ml,Beer,WH01,North DC,160,9,0,0,445,878,445,0
2024-03-03,9,SKU09,Wheat Beer 650ml,Beer,WH01,North DC,160,9,0,0,420,1078,420,0
2024-03-10,10,SKU09,Wheat Beer 650ml,Beer,WH01,North DC,160,9,1,0,736,658,658,1
2024-03-17,11,SKU09,Wheat Beer 650ml,Beer,WH01,North DC,160,9,1,0,766,644,644,1
2024-03-24,12,SKU09,Wheat Beer 650ml,Beer,WH01,North DC,160,9,1,0,802,644,644,1
2024-03-31,13,SKU09,Wheat Beer 650ml,Beer,WH01,North DC,160,9,0,0,450,644,450,0
2024-04-07,14,SKU09,Wheat Beer 650ml,Beer,WH01,North DC,160,9,0,0,569,838,569,0
2024-04-14,15,SKU09,Wheat Beer 650ml,Beer,WH01,North DC,160,9,0,0,632,913,632,0
2024-04-21,16,SKU09,Wheat Beer 650ml,Beer,WH01,North DC,160,9,0,0,424,925,424,0
2024-04-28,17,SKU09,Wheat Beer 650ml,Beer,WH01,North DC,160,9,0,0,460,501,460,0
2024-05-05,18,SKU09,Wheat Beer 650ml,Beer,WH01,North DC,160,9,0,1,595,685,595,0
2024-05-12,19,SKU09,Wheat Beer 650ml,Beer,WH01,North DC,160,9,0,1,650,734,650,0
2024-05-19,20,SKU09,Wheat Beer 650ml,Beer,WH01,North DC,160,9,0,0,607,728,607,0
2024-05-26,21,SKU09,Wheat Beer 650ml,Beer,WH01,North DC,160,9,0,0,625,765,625,0
2024-06-02,22,SKU09,Wheat Beer 650ml,Beer,WH01,North DC,160,9,0,0,544,784,544,0
2024-06-09,23,SKU09,Wheat Beer 650ml,Beer,WH01,North DC,160,9,0,0,544,884,544,0
2024-06-16,24,SKU09,Wheat Beer 650ml,Beer,WH01,North DC,160,9,0,0,651,984,651,0
2024-06-23,25,SKU09,Wheat Beer 650ml,Beer,WH01,North DC,160,9,0,0,572,977,572,0
2024-06-30,26,SKU09,Wheat Beer 650ml,Beer,WH01,North DC,160,9,0,0,534,1049,534,0
2024-07-07,27,SKU09,Wheat Beer 650ml,Beer,WH01,North DC,160,9,0,0,528,515,515,1
2024-07-14,28,SKU09,Wheat Beer 650ml,Beer,WH01,North DC,160,9,0,0,522,644,522,0
2024-07-21,29,SKU09,Wheat Beer 650ml,Beer,WH01,North DC,160,9,0,0,501,766,501,0
2024-07-28,30,SKU09,Wheat Beer 650ml,Beer,WH01,North DC,160,9,0,0,446,909,446,0
2024-08-04,31,SKU09,Wheat Beer 650ml,Beer,WH01,North DC,160,9,0,0,368,1107,368,0
2024-08-11,32,SKU09,Wheat Beer 650ml,Beer,WH01,North DC,160,9,0,0,372,739,372,0
2024-08-18,33,SKU09,Wheat Beer 650ml,Beer,WH01,North DC,160,9,0,0,375,1011,375,0
2024-08-25,34,SKU09,Wheat Beer 650ml,Beer,WH01,North DC,160,9,0,0,372,636,372,0
2024-09-01,35,SKU09,Wheat Beer 650ml,Beer,WH01,North DC,160,9,0,0,392,908,392,0
2024-09-08,36,SKU09,Wheat Beer 650ml,Beer,WH01,North DC,160,9,0,1,523,516,516,1
2024-09-15,37,SKU09,Wheat Beer 650ml,Beer,WH01,North DC,160,9,0,0,424,644,424,0
2024-09-22,38,SKU09,Wheat Beer 650ml,Beer,WH01,North DC,160,9,0,0,363,864,363,0
2024-09-29,39,SKU09,Wheat Beer 650ml,Beer,WH01,North DC,160,9,0,0,433,501,433,0
2024-10-06,40,SKU09,Wheat Beer 650ml,Beer,WH01,North DC,160,9,1,0,765,712,712,1
2024-10-13,41,SKU09,Wheat Beer 650ml,Beer,WH01,North DC,160,9,1,0,748,644,644,1
2024-10-20,42,SKU09,Wheat Beer 650ml,Beer,WH01,North DC,160,9,1,0,704,644,644,1
2024-10-27,43,SKU09,Wheat Beer 650ml,Beer,WH01,North DC,160,9,1,0,659,644,644,1
2024-11-03,44,SKU09,Wheat Beer 650ml,Beer,WH01,North DC,160,9,1,0,813,644,644,1
2024-11-10,45,SKU09,Wheat Beer 650ml,Beer,WH01,North DC,160,9,1,0,769,644,644,1
2024-11-17,46,SKU09,Wheat Beer 650ml,Beer,WH01,North DC,160,9,0,0,441,644,441,0
2024-11-24,47,SKU09,Wheat Beer 650ml,Beer,WH01,North DC,160,9,0,0,402,847,402,0
2024-12-01,48,SKU09,Wheat Beer 650ml,Beer,WH01,North DC,160,9,0,0,397,1089,397,0
2024-12-08,49,SKU09,Wheat Beer 650ml,Beer,WH01,North DC,160,9,0,0,477,692,477,0
2024-12-15,50,SKU09,Wheat Beer 650ml,Beer,WH01,North DC,160,9,0,0,561,859,561,0
2024-12-22,51,SKU09,Wheat Beer 650ml,Beer,WH01,North DC,160,9,1,0,616,942,616,0
2024-12-29,52,SKU09,Wheat Beer 650ml,Beer,WH01,North DC,160,9,1,0,651,970,651,0
2025-01-05,53,SKU09,Wheat Beer 650ml,Beer,WH01,North DC,160,9,0,0,423,963,423,0
2025-01-12,54,SKU09,Wheat Beer 650ml,Beer,WH01,North DC,160,9,0,0,385,540,385,0
2025-01-19,55,SKU09,Wheat Beer 650ml,Beer,WH01,North DC,160,9,0,0,405,799,405,0
2025-01-26,56,SKU09,Wheat Beer 650ml,Beer,WH01,North DC,160,9,0,0,532,1038,532,0
2025-02-02,57,SKU09,Wheat Beer 650ml,Beer,WH01,North DC,160,9,0,0,392,506,392,0
2025-02-09,58,SKU09,Wheat Beer 650ml,Beer,WH01,North DC,160,9,0,0,433,758,433,0
2025-02-16,59,SKU09,Wheat Beer 650ml,Beer,WH01,North DC,160,9,0,0,396,969,396,0
2025-02-23,60,SKU09,Wheat Beer 650ml,Beer,WH01,North DC,160,9,0,0,427,573,427,0
2025-03-02,61,SKU09,Wheat Beer 650ml,Beer,WH01,North DC,160,9,0,0,453,790,453,0
2025-03-09,62,SKU09,Wheat Beer 650ml,Beer,WH01,North DC,160,9,0,0,465,981,465,0
2025-03-16,63,SKU09,Wheat Beer 650ml,Beer,WH01,North DC,160,9,1,0,656,516,516,1
2025-03-23,64,SKU09,Wheat Beer 650ml,Beer,WH01,North DC,160,9,1,0,804,644,644,1
2025-03-30,65,SKU09,Wheat Beer 650ml,Beer,WH01,North DC,160,9,0,0,476,644,476,0
2025-04-06,66,SKU09,Wheat Beer 650ml,Beer,WH01,North DC,160,9,0,0,620,812,620,0
2025-04-13,67,SKU09,Wheat Beer 650ml,Beer,WH01,North DC,160,9,0,0,581,836,581,0
2025-04-20,68,SKU09,Wheat Beer 650ml,Beer,WH01,North DC,160,9,0,0,534,899,534,0
2025-04-27,69,SKU09,Wheat Beer 650ml,Beer,WH01,North DC,160,9,0,0,518,1009,518,0
2025-05-04,70,SKU09,Wheat Beer 650ml,Beer,WH01,North DC,160,9,0,0,587,491,491,1
2025-05-11,71,SKU09,Wheat Beer 650ml,Beer,WH01,North DC,160,9,0,0,680,644,644,1
2025-05-18,72,SKU09,Wheat Beer 650ml,Beer,WH01,North DC,160,9,0,0,548,644,548,0
2025-05-25,73,SKU09,Wheat Beer 650ml,Beer,WH01,North DC,160,9,0,0,460,740,460,0
2025-06-01,74,SKU09,Wheat Beer 650ml,Beer,WH01,North DC,160,9,0,0,604,924,604,0
2025-06-08,75,SKU09,Wheat Beer 650ml,Beer,WH01,North DC,160,9,0,0,674,964,674,0
2025-06-15,76,SKU09,Wheat Beer 650ml,Beer,WH01,North DC,160,9,0,0,629,934,629,0
2025-06-22,77,SKU09,Wheat Beer 650ml,Beer,WH01,North DC,160,9,0,0,505,949,505,0
2025-06-29,78,SKU09,Wheat Beer 650ml,Beer,WH01,North DC,160,9,0,0,600,1088,600,0
2025-07-06,79,SKU09,Wheat Beer 650ml,Beer,WH01,North DC,160,9,0,0,555,488,488,1
2025-07-13,80,SKU09,Wheat Beer 650ml,Beer,WH01,North DC,160,9,0,0,480,644,480,0
2025-07-20,81,SKU09,Wheat Beer 650ml,Beer,WH01,North DC,160,9,0,0,473,808,473,0
2025-07-27,82,SKU09,Wheat Beer 650ml,Beer,WH01,North DC,160,9,0,0,475,979,475,0
2025-08-03,83,SKU09,Wheat Beer 650ml,Beer,WH01,North DC,160,9,0,0,430,504,430,0
2025-08-10,84,SKU09,Wheat Beer 650ml,Beer,WH01,North DC,160,9,0,0,380,718,380,0
2025-08-17,85,SKU09,Wheat Beer 650ml,Beer,WH01,North DC,160,9,0,0,452,982,452,0
2025-08-24,86,SKU09,Wheat Beer 650ml,Beer,WH01,North DC,160,9,0,0,455,530,455,0
2025-08-31,87,SKU09,Wheat Beer 650ml,Beer,WH01,North DC,160,9,0,0,457,719,457,0
2025-09-07,88,SKU09,Wheat Beer 650ml,Beer,WH01,North DC,160,9,0,0,441,906,441,0
2025-09-14,89,SKU09,Wheat Beer 650ml,Beer,WH01,North DC,160,9,0,0,380,1109,380,0
2025-09-21,90,SKU09,Wheat Beer 650ml,Beer,WH01,North DC,160,9,0,1,538,729,538,0
2025-09-28,91,SKU09,Wheat Beer 650ml,Beer,WH01,North DC,160,9,0,0,540,835,540,0
2025-10-05,92,SKU09,Wheat Beer 650ml,Beer,WH01,North DC,160,9,1,0,823,939,823,0
2025-10-12,93,SKU09,Wheat Beer 650ml,Beer,WH01,North DC,160,9,1,1,906,760,760,1
2025-10-19,94,SKU09,Wheat Beer 650ml,Beer,WH01,North DC,160,9,1,0,860,644,644,1
2025-10-26,95,SKU09,Wheat Beer 650ml,Beer,WH01,North DC,160,9,1,0,978,644,644,1
2025-11-02,96,SKU09,Wheat Beer 650ml,Beer,WH01,North DC,160,9,1,0,839,644,644,1
2025-11-09,97,SKU09,Wheat Beer 650ml,Beer,WH01,North DC,160,9,1,0,790,644,644,1
2025-11-16,98,SKU09,Wheat Beer 650ml,Beer,WH01,North DC,160,9,0,0,518,644,518,0
2025-11-23,99,SKU09,Wheat Beer 650ml,Beer,WH01,North DC,160,9,0,0,422,770,422,0
2025-11-30,100,SKU09,Wheat Beer 650ml,Beer,WH01,North DC,160,9,0,0,502,992,502,0
2025-12-07,101,SKU09,Wheat Beer 650ml,Beer,WH01,North DC,160,9,0,0,419,490,419,0
2025-12-14,102,SKU09,Wheat Beer 650ml,Beer,WH01,North DC,160,9,0,0,428,715,428,0
2025-12-21,103,SKU09,Wheat Beer 650ml,Beer,WH01,North DC,160,9,1,0,737,931,737,0
2025-12-28,104,SKU09,Wheat Beer 650ml,Beer,WH01,North DC,160,9,1,0,778,838,778,0
2024-01-07,1,SKU10,Light Beer 330ml,Beer,WH01,North DC,90,6,0,0,909,1288,909,0
2024-01-14,2,SKU10,Light Beer 330ml,Beer,WH01,North DC,90,6,0,0,1056,1851,1056,0
2024-01-21,3,SKU10,Light Beer 330ml,Beer,WH01,North DC,90,6,0,0,963,2267,963,0
2024-01-28,4,SKU10,Light Beer 330ml,Beer,WH01,North DC,90,6,0,0,836,1304,836,0
2024-02-04,5,SKU10,Light Beer 330ml,Beer,WH01,North DC,90,6,0,0,880,1940,880,0
2024-02-11,6,SKU10,Light Beer 330ml,Beer,WH01,North DC,90,6,0,0,984,2532,984,0
2024-02-18,7,SKU10,Light Beer 330ml,Beer,WH01,North DC,90,6,0,0,1079,1548,1079,0
2024-02-25,8,SKU10,Light Beer 330ml,Beer,WH01,North DC,90,6,0,0,1040,1941,1040,0
2024-03-03,9,SKU10,Light Beer 330ml,Beer,WH01,North DC,90,6,0,0,1200,2373,1200,0
2024-03-10,10,SKU10,Light Beer 330ml,Beer,WH01,North DC,90,6,1,0,1440,1173,1173,1
2024-03-17,11,SKU10,Light Beer 330ml,Beer,WH01,North DC,90,6,1,0,1861,1472,1472,1
2024-03-24,12,SKU10,Light Beer 330ml,Beer,WH01,North DC,90,6,1,0,1852,1472,1472,1
2024-03-31,13,SKU10,Light Beer 330ml,Beer,WH01,North DC,90,6,0,0,1108,1472,1108,0
2024-04-07,14,SKU10,Light Beer 330ml,Beer,WH01,North DC,90,6,0,0,1359,1836,1359,0
2024-04-14,15,SKU10,Light Beer 330ml,Beer,WH01,North DC,90,6,0,0,1004,1949,1004,0
2024-04-21,16,SKU10,Light Beer 330ml,Beer,WH01,North DC,90,6,0,0,918,2417,918,0
2024-04-28,17,SKU10,Light Beer 330ml,Beer,WH01,North DC,90,6,0,0,1304,1499,1304,0
2024-05-05,18,SKU10,Light Beer 330ml,Beer,WH01,North DC,90,6,0,0,1257,1667,1257,0
2024-05-12,19,SKU10,Light Beer 330ml,Beer,WH01,North DC,90,6,0,0,1234,1882,1234,0
2024-05-19,20,SKU10,Light Beer 330ml,Beer,WH01,North DC,90,6,0,0,1334,2120,1334,0
2024-05-26,21,SKU10,Light Beer 330ml,Beer,WH01,North DC,90,6,0,0,1301,2258,1301,0
2024-06-02,22,SKU10,Light Beer 330ml,Beer,WH01,North DC,90,6,0,0,1321,2429,1321,0
2024-06-09,23,SKU10,Light Beer 330ml,Beer,WH01,North DC,90,6,0,1,1762,1108,1108,1
2024-06-16,24,SKU10,Light Beer 330ml,Beer,WH01,North DC,90,6,0,0,1195,1472,1195,0
2024-06-23,25,SKU10,Light Beer 330ml,Beer,WH01,North DC,90,6,0,0,1329,1749,1329,0
2024-06-30,26,SKU10,Light Beer 330ml,Beer,WH01,North DC,90,6,0,0,1179,1892,1179,0
2024-07-07,27,SKU10,Light Beer 330ml,Beer,WH01,North DC,90,6,0,0,843,2185,843,0
2024-07-14,28,SKU10,Light Beer 330ml,Beer,WH01,North DC,90,6,0,0,1052,1342,1052,0
2024-07-21,29,SKU10,Light Beer 330ml,Beer,WH01,North DC,90,6,0,0,1230,1762,1230,0
2024-07-28,30,SKU10,Light Beer 330ml,Beer,WH01,North DC,90,6,0,1,1225,2004,1225,0
2024-08-04,31,SKU10,Light Beer 330ml,Beer,WH01,North DC,90,6,0,0,1001,2251,1001,0
2024-08-11,32,SKU10,Light Beer 330ml,Beer,WH01,North DC,90,6,0,0,1056,1250,1056,0
2024-08-18,33,SKU10,Light Beer 330ml,Beer,WH01,North DC,90,6,0,0,1038,1666,1038,0
2024-08-25,34,SKU10,Light Beer 330ml,Beer,WH01,North DC,90,6,0,1,1101,2100,1101,0
2024-09-01,35,SKU10,Light Beer 330ml,Beer,WH01,North DC,90,6,0,0,872,2471,872,0
2024-09-08,36,SKU10,Light Beer 330ml,Beer,WH01,North DC,90,6,0,0,962,1599,962,0
2024-09-15,37,SKU10,Light Beer 330ml,Beer,WH01,North DC,90,6,0,0,989,2109,989,0
2024-09-22,38,SKU10,Light Beer 330ml,Beer,WH01,North DC,90,6,0,0,1034,1120,1034,0
2024-09-29,39,SKU10,Light Beer 330ml,Beer,WH01,North DC,90,6,0,0,1036,1558,1036,0
2024-10-06,40,SKU10,Light Beer 330ml,Beer,WH01,North DC,90,6,1,0,2290,1994,1994,1
2024-10-13,41,SKU10,Light Beer 330ml,Beer,WH01,North DC,90,6,1,0,2040,1472,1472,1
2024-10-20,42,SKU10,Light Beer 330ml,Beer,WH01,North DC,90,6,1,0,1662,1472,1472,1
2024-10-27,43,SKU10,Light Beer 330ml,Beer,WH01,North DC,90,6,1,0,2176,1472,1472,1
2024-11-03,44,SKU10,Light Beer 330ml,Beer,WH01,North DC,90,6,1,0,1507,1472,1472,1
2024-11-10,45,SKU10,Light Beer 330ml,Beer,WH01,North DC,90,6,1,0,1529,1472,1472,1
2024-11-17,46,SKU10,Light Beer 330ml,Beer,WH01,North DC,90,6,0,0,1059,1472,1059,0
2024-11-24,47,SKU10,Light Beer 330ml,Beer,WH01,North DC,90,6,0,0,939,1885,939,0
2024-12-01,48,SKU10,Light Beer 330ml,Beer,WH01,North DC,90,6,0,0,691,2418,691,0
2024-12-08,49,SKU10,Light Beer 330ml,Beer,WH01,North DC,90,6,0,0,1144,1727,1144,0
2024-12-15,50,SKU10,Light Beer 330ml,Beer,WH01,North DC,90,6,0,0,1044,2055,1044,0
2024-12-22,51,SKU10,Light Beer 330ml,Beer,WH01,North DC,90,6,1,0,1442,2483,1442,0
2024-12-29,52,SKU10,Light Beer 330ml,Beer,WH01,North DC,90,6,1,0,1430,2513,1430,0
2025-01-05,53,SKU10,Light Beer 330ml,Beer,WH01,North DC,90,6,0,0,950,2555,950,0
2025-01-12,54,SKU10,Light Beer 330ml,Beer,WH01,North DC,90,6,0,0,734,1605,734,0
2025-01-19,55,SKU10,Light Beer 330ml,Beer,WH01,North DC,90,6,0,0,873,2343,873,0
2025-01-26,56,SKU10,Light Beer 330ml,Beer,WH01,North DC,90,6,0,0,900,1470,900,0
2025-02-02,57,SKU10,Light Beer 330ml,Beer,WH01,North DC,90,6,0,1,1384,2042,1384,0
2025-02-09,58,SKU10,Light Beer 330ml,Beer,WH01,North DC,90,6,0,0,913,2130,913,0
2025-02-16,59,SKU10,Light Beer 330ml,Beer,WH01,North DC,90,6,0,0,1027,1217,1027,0
2025-02-23,60,SKU10,Light Beer 330ml,Beer,WH01,North DC,90,6,0,0,962,1662,962,0
2025-03-02,61,SKU10,Light Beer 330ml,Beer,WH01,North DC,90,6,0,0,1012,2172,1012,0
2025-03-09,62,SKU10,Light Beer 330ml,Beer,WH01,North DC,90,6,0,0,1170,1160,1160,1
2025-03-16,63,SKU10,Light Beer 330ml,Beer,WH01,North DC,90,6,1,0,1811,1472,1472,1
2025-03-23,64,SKU10,Light Beer 330ml,Beer,WH01,North DC,90,6,1,0,2052,1472,1472,1
2025-03-30,65,SKU10,Light Beer 330ml,Beer,WH01,North DC,90,6,0,0,1082,1472,1082,0
2025-04-06,66,SKU10,Light Beer 330ml,Beer,WH01,North DC,90,6,0,0,1231,1862,1231,0
2025-04-13,67,SKU10,Light Beer 330ml,Beer,WH01,North DC,90,6,0,0,1471,2103,1471,0
2025-04-20,68,SKU10,Light Beer 330ml,Beer,WH01,North DC,90,6,0,0,1310,2104,1310,0
2025-04-27,69,SKU10,Light Beer 330ml,Beer,WH01,North DC,90,6,0,0,1489,2266,1489,0
2025-05-04,70,SKU10,Light Beer 330ml,Beer,WH01,North DC,90,6,0,0,1255,2249,1255,0
2025-05-11,71,SKU10,Light Beer 330ml,Beer,WH01,North DC,90,6,0,0,1367,2466,1367,0
2025-05-18,72,SKU10,Light Beer 330ml,Beer,WH01,North DC,90,6,0,0,1246,2571,1246,0
2025-05-25,73,SKU10,Light Beer 330ml,Beer,WH01,North DC,90,6,0,0,1212,1325,1212,0
2025-06-01,74,SKU10,Light Beer 330ml,Beer,WH01,North DC,90,6,0,0,990,1585,990,0
2025-06-08,75,SKU10,Light Beer 330ml,Beer,WH01,North DC,90,6,0,0,1595,2067,1595,0
2025-06-15,76,SKU10,Light Beer 330ml,Beer,WH01,North DC,90,6,0,1,1589,1944,1589,0
2025-06-22,77,SKU10,Light Beer 330ml,Beer,WH01,North DC,90,6,0,0,1435,1827,1435,0
2025-06-29,78,SKU10,Light Beer 330ml,Beer,WH01,North DC,90,6,0,0,1326,1864,1326,0
2025-07-06,79,SKU10,Light Beer 330ml,Beer,WH01,North DC,90,6,0,0,1317,2010,1317,0
2025-07-13,80,SKU10,Light Beer 330ml,Beer,WH01,North DC,90,6,0,1,1144,2165,1144,0
2025-07-20,81,SKU10,Light Beer 330ml,Beer,WH01,North DC,90,6,0,0,1185,2493,1185,0
2025-07-27,82,SKU10,Light Beer 330ml,Beer,WH01,North DC,90,6,0,0,1263,1308,1263,0
2025-08-03,83,SKU10,Light Beer 330ml,Beer,WH01,North DC,90,6,0,0,1015,1517,1015,0
2025-08-10,84,SKU10,Light Beer 330ml,Beer,WH01,North DC,90,6,0,0,919,1974,919,0
2025-08-17,85,SKU10,Light Beer 330ml,Beer,WH01,North DC,90,6,0,1,1005,2527,1005,0
2025-08-24,86,SKU10,Light Beer 330ml,Beer,WH01,North DC,90,6,0,0,933,1522,933,0
2025-08-31,87,SKU10,Light Beer 330ml,Beer,WH01,North DC,90,6,0,0,774,2061,774,0
2025-09-07,88,SKU10,Light Beer 330ml,Beer,WH01,North DC,90,6,0,0,1102,1287,1102,0
2025-09-14,89,SKU10,Light Beer 330ml,Beer,WH01,North DC,90,6,0,0,1072,1657,1072,0
2025-09-21,90,SKU10,Light Beer 330ml,Beer,WH01,North DC,90,6,0,0,1118,2057,1118,0
2025-09-28,91,SKU10,Light Beer 330ml,Beer,WH01,North DC,90,6,0,0,901,2411,901,0
2025-10-05,92,SKU10,Light Beer 330ml,Beer,WH01,North DC,90,6,1,0,1591,1510,1510,1
2025-10-12,93,SKU10,Light Beer 330ml,Beer,WH01,North DC,90,6,1,0,1950,1472,1472,1
2025-10-19,94,SKU10,Light Beer 330ml,Beer,WH01,North DC,90,6,1,0,1943,1472,1472,1
2025-10-26,95,SKU10,Light Beer 330ml,Beer,WH01,North DC,90,6,1,0,1436,1472,1436,0
2025-11-02,96,SKU10,Light Beer 330ml,Beer,WH01,North DC,90,6,1,0,1686,1508,1508,1
2025-11-09,97,SKU10,Light Beer 330ml,Beer,WH01,North DC,90,6,1,0,2192,1472,1472,1
2025-11-16,98,SKU10,Light Beer 330ml,Beer,WH01,North DC,90,6,0,0,1120,1472,1120,0
2025-11-23,99,SKU10,Light Beer 330ml,Beer,WH01,North DC,90,6,0,0,994,1824,994,0
2025-11-30,100,SKU10,Light Beer 330ml,Beer,WH01,North DC,90,6,0,0,877,2302,877,0
2025-12-07,101,SKU10,Light Beer 330ml,Beer,WH01,North DC,90,6,0,0,908,1425,908,0
2025-12-14,102,SKU10,Light Beer 330ml,Beer,WH01,North DC,90,6,0,1,1219,1989,1219,0
2025-12-21,103,SKU10,Light Beer 330ml,Beer,WH01,North DC,90,6,1,0,1282,2242,1282,0
2025-12-28,104,SKU10,Light Beer 330ml,Beer,WH01,North DC,90,6,1,1,2213,2432,2213,0
2024-01-07,1,SKU11,Premium Can 330ml,Beer,WH01,North DC,110,6,0,0,1043,1288,1043,0
2024-01-14,2,SKU11,Premium Can 330ml,Beer,WH01,North DC,110,6,0,0,790,1717,790,0
2024-01-21,3,SKU11,Premium Can 330ml,Beer,WH01,North DC,110,6,0,0,1131,2399,1131,0
2024-01-28,4,SKU11,Premium Can 330ml,Beer,WH01,North DC,110,6,0,0,872,1268,872,0
2024-02-04,5,SKU11,Premium Can 330ml,Beer,WH01,North DC,110,6,0,0,925,1868,925,0
2024-02-11,6,SKU11,Premium Can 330ml,Beer,WH01,North DC,110,6,0,0,873,2415,873,0
2024-02-18,7,SKU11,Premium Can 330ml,Beer,WH01,North DC,110,6,0,0,804,1542,804,0
2024-02-25,8,SKU11,Premium Can 330ml,Beer,WH01,North DC,110,6,0,1,1109,2210,1109,0
2024-03-03,9,SKU11,Premium Can 330ml,Beer,WH01,North DC,110,6,0,0,837,2573,837,0
2024-03-10,10,SKU11,Premium Can 330ml,Beer,WH01,North DC,110,6,1,0,1638,1736,1638,0
2024-03-17,11,SKU11,Premium Can 330ml,Beer,WH01,North DC,110,6,1,0,1693,1570,1570,1
2024-03-24,12,SKU11,Premium Can 330ml,Beer,WH01,North DC,110,6,1,0,1762,1472,1472,1
2024-03-31,13,SKU11,Premium Can 330ml,Beer,WH01,North DC,110,6,0,0,875,1472,875,0
2024-04-07,14,SKU11,Premium Can 330ml,Beer,WH01,North DC,110,6,0,0,1036,2069,1036,0
2024-04-14,15,SKU11,Premium Can 330ml,Beer,WH01,North DC,110,6,0,0,1290,2505,1290,0
2024-04-21,16,SKU11,Premium Can 330ml,Beer,WH01,North DC,110,6,0,0,1085,1215,1085,0
2024-04-28,17,SKU11,Premium Can 330ml,Beer,WH01,North DC,110,6,0,0,1232,1602,1232,0
2024-05-05,18,SKU11,Premium Can 330ml,Beer,WH01,North DC,110,6,0,0,1453,1842,1453,0
2024-05-12,19,SKU11,Premium Can 330ml,Beer,WH01,North DC,110,6,0,0,1076,1861,1076,0
2024-05-19,20,SKU11,Premium Can 330ml,Beer,WH01,North DC,110,6,0,0,1138,2257,1138,0
2024-05-26,21,SKU11,Premium Can 330ml,Beer,WH01,North DC,110,6,0,0,1418,1119,1119,1
2024-06-02,22,SKU11,Premium Can 330ml,Beer,WH01,North DC,110,6,0,0,994,1472,994,0
2024-06-09,23,SKU11,Premium Can 330ml,Beer,WH01,North DC,110,6,0,0,1242,1950,1242,0
2024-06-16,24,SKU11,Premium Can 330ml,Beer,WH01,North DC,110,6,0,0,1632,2180,1632,0
2024-06-23,25,SKU11,Premium Can 330ml,Beer,WH01,North DC,110,6,0,0,1321,2020,1321,0
2024-06-30,26,SKU11,Premium Can 330ml,Beer,WH01,North DC,110,6,0,0,1416,2171,1416,0
2024-07-07,27,SKU11,Premium Can 330ml,Beer,WH01,North DC,110,6,0,0,1031,2227,1031,0
2024-07-14,28,SKU11,Premium Can 330ml,Beer,WH01,North DC,110,6,0,1,1155,1196,1155,0
2024-07-21,29,SKU11,Premium Can 330ml,Beer,WH01,North DC,110,6,0,0,893,1513,893,0
2024-07-28,30,SKU11,Premium Can 330ml,Beer,WH01,North DC,110,6,0,0,1125,2092,1125,0
2024-08-04,31,SKU11,Premium Can 330ml,Beer,WH01,North DC,110,6,0,0,983,2439,983,0
2024-08-11,32,SKU11,Premium Can 330ml,Beer,WH01,North DC,110,6,0,0,1156,1456,1156,0
2024-08-18,33,SKU11,Premium Can 330ml,Beer,WH01,North DC,110,6,0,0,913,1772,913,0
2024-08-25,34,SKU11,Premium Can 330ml,Beer,WH01,North DC,110,6,0,0,987,2331,987,0
2024-09-01,35,SKU11,Premium Can 330ml,Beer,WH01,North DC,110,6,0,0,942,1344,942,0
2024-09-08,36,SKU11,Premium Can 330ml,Beer,WH01,North DC,110,6,0,0,823,1874,823,0
2024-09-15,37,SKU11,Premium Can 330ml,Beer,WH01,North DC,110,6,0,0,988,2523,988,0
2024-09-22,38,SKU11,Premium Can 330ml,Beer,WH01,North DC,110,6,0,0,1080,1535,1080,0
2024-09-29,39,SKU11,Premium Can 330ml,Beer,WH01,North DC,110,6,0,0,1034,1927,1034,0
2024-10-06,40,SKU11,Premium Can 330ml,Beer,WH01,North DC,110,6,1,0,1581,2365,1581,0
2024-10-13,41,SKU11,Premium Can 330ml,Beer,WH01,North DC,110,6,1,0,2298,2256,2256,1
2024-10-20,42,SKU11,Premium Can 330ml,Beer,WH01,North DC,110,6,1,0,1679,1472,1472,1
2024-10-27,43,SKU11,Premium Can 330ml,Beer,WH01,North DC,110,6,1,0,1986,1472,1472,1
2024-11-03,44,SKU11,Premium Can 330ml,Beer,WH01,North DC,110,6,1,0,1669,1472,1472,1
2024-11-10,45,SKU11,Premium Can 330ml,Beer,WH01,North DC,110,6,1,0,1984,1472,1472,1
2024-11-17,46,SKU11,Premium Can 330ml,Beer,WH01,North DC,110,6,0,0,944,1472,944,0
2024-11-24,47,SKU11,Premium Can 330ml,Beer,WH01,North DC,110,6,0,1,1192,2000,1192,0
2024-12-01,48,SKU11,Premium Can 330ml,Beer,WH01,North DC,110,6,0,0,1087,2280,1087,0
2024-12-08,49,SKU11,Premium Can 330ml,Beer,WH01,North DC,110,6,0,0,1200,1193,1193,1
2024-12-15,50,SKU11,Premium Can 330ml,Beer,WH01,North DC,110,6,0,0,944,1472,944,0
2024-12-22,51,SKU11,Premium Can 330ml,Beer,WH01,North DC,110,6,1,0,1389,2000,1389,0
2024-12-29,52,SKU11,Premium Can 330ml,Beer,WH01,North DC,110,6,1,0,1331,2083,1331,0
2025-01-05,53,SKU11,Premium Can 330ml,Beer,WH01,North DC,110,6,0,0,871,2224,871,0
2025-01-12,54,SKU11,Premium Can 330ml,Beer,WH01,North DC,110,6,0,0,897,1353,897,0
2025-01-19,55,SKU11,Premium Can 330ml,Beer,WH01,North DC,110,6,0,1,1144,1928,1144,0
2025-01-26,56,SKU11,Premium Can 330ml,Beer,WH01,North DC,110,6,0,1,1349,2256,1349,0
2025-02-02,57,SKU11,Premium Can 330ml,Beer,WH01,North DC,110,6,0,0,1041,2379,1041,0
2025-02-09,58,SKU11,Premium Can 330ml,Beer,WH01,North DC,110,6,0,0,1065,1338,1065,0
2025-02-16,59,SKU11,Premium Can 330ml,Beer,WH01,North DC,110,6,0,0,1064,1745,1064,0
2025-02-23,60,SKU11,Premium Can 330ml,Beer,WH01,North DC,110,6,0,0,1123,2153,1123,0
2025-03-02,61,SKU11,Premium Can 330ml,Beer,WH01,North DC,110,6,0,0,1028,2502,1028,0
2025-03-09,62,SKU11,Premium Can 330ml,Beer,WH01,North DC,110,6,0,0,1162,1474,1162,0
2025-03-16,63,SKU11,Premium Can 330ml,Beer,WH01,North DC,110,6,1,1,1822,1784,1784,1
2025-03-23,64,SKU11,Premium Can 330ml,Beer,WH01,North DC,110,6,1,1,1826,1472,1472,1
2025-03-30,65,SKU11,Premium Can 330ml,Beer,WH01,North DC,110,6,0,0,1151,1472,1151,0
2025-04-06,66,SKU11,Premium Can 330ml,Beer,WH01,North DC,110,6,0,0,1314,1793,1314,0
2025-04-13,67,SKU11,Premium Can 330ml,Beer,WH01,North DC,110,6,0,1,1678,1951,1678,0
2025-04-20,68,SKU11,Premium Can 330ml,Beer,WH01,North DC,110,6,0,0,1437,1745,1437,0
2025-04-27,69,SKU11,Premium Can 330ml,Beer,WH01,North DC,110,6,0,1,1968,1780,1780,1
2025-05-04,70,SKU11,Premium Can 330ml,Beer,WH01,North DC,110,6,0,0,1342,1472,1342,0
2025-05-11,71,SKU11,Premium Can 330ml,Beer,WH01,North DC,110,6,0,1,1647,1602,1602,1
2025-05-18,72,SKU11,Premium Can 330ml,Beer,WH01,North DC,110,6,0,0,1230,1472,1230,0
2025-05-25,73,SKU11,Premium Can 330ml,Beer,WH01,North DC,110,6,0,0,1487,1714,1487,0
2025-06-01,74,SKU11,Premium Can 330ml,Beer,WH01,North DC,110,6,0,0,1246,1699,1246,0
2025-06-08,75,SKU11,Premium Can 330ml,Beer,WH01,North DC,110,6,0,0,1304,1925,1304,0
2025-06-15,76,SKU11,Premium Can 330ml,Beer,WH01,North DC,110,6,0,0,1453,2093,1453,0
2025-06-22,77,SKU11,Premium Can 330ml,Beer,WH01,North DC,110,6,0,0,1365,2112,1365,0
2025-06-29,78,SKU11,Premium Can 330ml,Beer,WH01,North DC,110,6,0,0,1357,2219,1357,0
2025-07-06,79,SKU11,Premium Can 330ml,Beer,WH01,North DC,110,6,0,0,1036,2334,1036,0
2025-07-13,80,SKU11,Premium Can 330ml,Beer,WH01,North DC,110,6,0,0,1202,1298,1202,0
2025-07-20,81,SKU11,Premium Can 330ml,Beer,WH01,North DC,110,6,0,0,1460,1568,1460,0
2025-07-27,82,SKU11,Premium Can 330ml,Beer,WH01,North DC,110,6,0,0,979,1580,979,0
2025-08-03,83,SKU11,Premium Can 330ml,Beer,WH01,North DC,110,6,0,1,1093,2073,1093,0
2025-08-10,84,SKU11,Premium Can 330ml,Beer,WH01,North DC,110,6,0,0,1104,2452,1104,0
2025-08-17,85,SKU11,Premium Can 330ml,Beer,WH01,North DC,110,6,0,0,1039,1348,1039,0
2025-08-24,86,SKU11,Premium Can 330ml,Beer,WH01,North DC,110,6,0,0,1177,1781,1177,0
2025-08-31,87,SKU11,Premium Can 330ml,Beer,WH01,North DC,110,6,0,0,922,2076,922,0
2025-09-07,88,SKU11,Premium Can 330ml,Beer,WH01,North DC,110,6,0,0,1121,1154,1121,0
2025-09-14,89,SKU11,Premium Can 330ml,Beer,WH01,North DC,110,6,0,0,1055,1505,1055,0
2025-09-21,90,SKU11,Premium Can 330ml,Beer,WH01,North DC,110,6,0,1,1125,1922,1125,0
2025-09-28,91,SKU11,Premium Can 330ml,Beer,WH01,North DC,110,6,0,0,940,2269,940,0
2025-10-05,92,SKU11,Premium Can 330ml,Beer,WH01,North DC,110,6,1,0,1835,1329,1329,1
2025-10-12,93,SKU11,Premium Can 330ml,Beer,WH01,North DC,110,6,1,0,1645,1472,1472,1
2025-10-19,94,SKU11,Premium Can 330ml,Beer,WH01,North DC,110,6,1,0,2083,1472,1472,1
2025-10-26,95,SKU11,Premium Can 330ml,Beer,WH01,North DC,110,6,1,0,1998,1472,1472,1
2025-11-02,96,SKU11,Premium Can 330ml,Beer,WH01,North DC,110,6,1,0,1732,1472,1472,1
2025-11-09,97,SKU11,Premium Can 330ml,Beer,WH01,North DC,110,6,1,0,1806,1472,1472,1
2025-11-16,98,SKU11,Premium Can 330ml,Beer,WH01,North DC,110,6,0,0,1140,1472,1140,0
2025-11-23,99,SKU11,Premium Can 330ml,Beer,WH01,North DC,110,6,0,0,1017,1804,1017,0
2025-11-30,100,SKU11,Premium Can 330ml,Beer,WH01,North DC,110,6,0,0,1270,2259,1270,0
2025-12-07,101,SKU11,Premium Can 330ml,Beer,WH01,North DC,110,6,0,0,1092,2461,1092,0
2025-12-14,102,SKU11,Premium Can 330ml,Beer,WH01,North DC,110,6,0,0,928,1369,928,0
2025-12-21,103,SKU11,Premium Can 330ml,Beer,WH01,North DC,110,6,1,0,1348,1913,1348,0
2025-12-28,104,SKU11,Premium Can 330ml,Beer,WH01,North DC,110,6,1,0,1742,2037,1742,0
2024-01-07,1,SKU12,Cider 500ml,Non-Alcoholic,WH01,North DC,130,10,0,0,381,563,381,0
2024-01-14,2,SKU12,Cider 500ml,Non-Alcoholic,WH01,North DC,130,10,0,0,410,826,410,0
2024-01-21,3,SKU12,Cider 500ml,Non-Alcoholic,WH01,North DC,130,10,0,0,266,1060,266,0
2024-01-28,4,SKU12,Cider 500ml,Non-Alcoholic,WH01,North DC,130,10,0,0,405,794,405,0
2024-02-04,5,SKU12,Cider 500ml,Non-Alcoholic,WH01,North DC,130,10,0,0,336,1034,336,0
2024-02-11,6,SKU12,Cider 500ml,Non-Alcoholic,WH01,North DC,130,10,0,1,420,698,420,0
2024-02-18,7,SKU12,Cider 500ml,Non-Alcoholic,WH01,North DC,130,10,0,0,465,922,465,0
2024-02-25,8,SKU12,Cider 500ml,Non-Alcoholic,WH01,North DC,130,10,0,0,390,1100,390,0
2024-03-03,9,SKU12,Cider 500ml,Non-Alcoholic,WH01,North DC,130,10,0,0,446,710,446,0
2024-03-10,10,SKU12,Cider 500ml,Non-Alcoholic,WH01,North DC,130,10,1,0,937,908,908,1
2024-03-17,11,SKU12,Cider 500ml,Non-Alcoholic,WH01,North DC,130,10,1,0,837,644,644,1
2024-03-24,12,SKU12,Cider 500ml,Non-Alcoholic,WH01,North DC,130,10,1,0,894,644,644,1
2024-03-31,13,SKU12,Cider 500ml,Non-Alcoholic,WH01,North DC,130,10,0,0,541,644,541,0
2024-04-07,14,SKU12,Cider 500ml,Non-Alcoholic,WH01,North DC,130,10,0,0,605,747,605,0
2024-04-14,15,SKU12,Cider 500ml,Non-Alcoholic,WH01,North DC,130,10,0,0,655,786,655,0
2024-04-21,16,SKU12,Cider 500ml,Non-Alcoholic,WH01,North DC,130,10,0,0,502,775,502,0
2024-04-28,17,SKU12,Cider 500ml,Non-Alcoholic,WH01,North DC,130,10,0,0,495,917,495,0
2024-05-05,18,SKU12,Cider 500ml,Non-Alcoholic,WH01,North DC,130,10,0,1,575,1066,575,0
2024-05-12,19,SKU12,Cider 500ml,Non-Alcoholic,WH01,North DC,130,10,0,0,439,491,439,0
2024-05-19,20,SKU12,Cider 500ml,Non-Alcoholic,WH01,North DC,130,10,0,0,563,696,563,0
2024-05-26,21,SKU12,Cider 500ml,Non-Alcoholic,WH01,North DC,130,10,0,1,568,777,568,0
2024-06-02,22,SKU12,Cider 500ml,Non-Alcoholic,WH01,North DC,130,10,0,1,601,853,601,0
2024-06-09,23,SKU12,Cider 500ml,Non-Alcoholic,WH01,North DC,130,10,0,0,543,896,543,0
2024-06-16,24,SKU12,Cider 500ml,Non-Alcoholic,WH01,North DC,130,10,0,0,381,997,381,0
2024-06-23,25,SKU12,Cider 500ml,Non-Alcoholic,WH01,North DC,130,10,0,0,553,616,553,0
2024-06-30,26,SKU12,Cider 500ml,Non-Alcoholic,WH01,North DC,130,10,0,0,560,707,560,0
2024-07-07,27,SKU12,Cider 500ml,Non-Alcoholic,WH01,North DC,130,10,0,0,592,791,592,0
2024-07-14,28,SKU12,Cider 500ml,Non-Alcoholic,WH01,North DC,130,10,0,0,490,843,490,0
2024-07-21,29,SKU12,Cider 500ml,Non-Alcoholic,WH01,North DC,130,10,0,0,485,997,485,0
2024-07-28,30,SKU12,Cider 500ml,Non-Alcoholic,WH01,North DC,130,10,0,0,567,512,512,1
2024-08-04,31,SKU12,Cider 500ml,Non-Alcoholic,WH01,North DC,130,10,0,0,405,644,405,0
2024-08-11,32,SKU12,Cider 500ml,Non-Alcoholic,WH01,North DC,130,10,0,0,427,883,427,0
2024-08-18,33,SKU12,Cider 500ml,Non-Alcoholic,WH01,North DC,130,10,0,1,583,1100,583,0
2024-08-25,34,SKU12,Cider 500ml,Non-Alcoholic,WH01,North DC,130,10,0,0,381,517,381,0
2024-09-01,35,SKU12,Cider 500ml,Non-Alcoholic,WH01,North DC,130,10,0,0,468,780,468,0
2024-09-08,36,SKU12,Cider 500ml,Non-Alcoholic,WH01,North DC,130,10,0,0,351,956,351,0
2024-09-15,37,SKU12,Cider 500ml,Non-Alcoholic,WH01,North DC,130,10,0,0,453,605,453,0
2024-09-22,38,SKU12,Cider 500ml,Non-Alcoholic,WH01,North DC,130,10,0,0,454,796,454,0
2024-09-29,39,SKU12,Cider 500ml,Non-Alcoholic,WH01,North DC,130,10,0,0,400,986,400,0
2024-10-06,40,SKU12,Cider 500ml,Non-Alcoholic,WH01,North DC,130,10,1,0,741,586,586,1
2024-10-13,41,SKU12,Cider 500ml,Non-Alcoholic,WH01,North DC,130,10,1,0,910,644,644,1
2024-10-20,42,SKU12,Cider 500ml,Non-Alcoholic,WH01,North DC,130,10,1,0,749,644,644,1
2024-10-27,43,SKU12,Cider 500ml,Non-Alcoholic,WH01,North DC,130,10,1,1,1011,644,644,1
2024-11-03,44,SKU12,Cider 500ml,Non-Alcoholic,WH01,North DC,130,10,1,1,957,644,644,1
2024-11-10,45,SKU12,Cider 500ml,Non-Alcoholic,WH01,North DC,130,10,1,0,701,644,644,1
2024-11-17,46,SKU12,Cider 500ml,Non-Alcoholic,WH01,North DC,130,10,0,0,393,644,393,0
2024-11-24,47,SKU12,Cider 500ml,Non-Alcoholic,WH01,North DC,130,10,0,0,444,895,444,0
2024-12-01,48,SKU12,Cider 500ml,Non-Alcoholic,WH01,North DC,130,10,0,0,497,1095,497,0
2024-12-08,49,SKU12,Cider 500ml,Non-Alcoholic,WH01,North DC,130,10,0,0,359,598,359,0
2024-12-15,50,SKU12,Cider 500ml,Non-Alcoholic,WH01,North DC,130,10,0,0,506,883,506,0
2024-12-22,51,SKU12,Cider 500ml,Non-Alcoholic,WH01,North DC,130,10,1,0,688,1021,688,0
2024-12-29,52,SKU12,Cider 500ml,Non-Alcoholic,WH01,North DC,130,10,1,0,621,977,621,0
2025-01-05,53,SKU12,Cider 500ml,Non-Alcoholic,WH01,North DC,130,10,0,0,444,1000,444,0
2025-01-12,54,SKU12,Cider 500ml,Non-Alcoholic,WH01,North DC,130,10,0,1,574,556,556,1
2025-01-19,55,SKU12,Cider 500ml,Non-Alcoholic,WH01,North DC,130,10,0,0,372,644,372,0
2025-01-26,56,SKU12,Cider 500ml,Non-Alcoholic,WH01,North DC,130,10,0,0,420,916,420,0
2025-02-02,57,SKU12,Cider 500ml,Non-Alcoholic,WH01,North DC,130,10,0,0,429,496,429,0
2025-02-09,58,SKU12,Cider 500ml,Non-Alcoholic,WH01,North DC,130,10,0,0,345,711,345,0
2025-02-16,59,SKU12,Cider 500ml,Non-Alcoholic,WH01,North DC,130,10,0,1,591,1010,591,0
2025-02-23,60,SKU12,Cider 500ml,Non-Alcoholic,WH01,North DC,130,10,0,0,398,1063,398,0
2025-03-02,61,SKU12,Cider 500ml,Non-Alcoholic,WH01,North DC,130,10,0,0,462,665,462,0
2025-03-09,62,SKU12,Cider 500ml,Non-Alcoholic,WH01,North DC,130,10,0,0,491,847,491,0
2025-03-16,63,SKU12,Cider 500ml,Non-Alcoholic,WH01,North DC,130,10,1,0,837,1000,837,0
2025-03-23,64,SKU12,Cider 500ml,Non-Alcoholic,WH01,North DC,130,10,1,0,830,807,807,1
2025-03-30,65,SKU12,Cider 500ml,Non-Alcoholic,WH01,North DC,130,10,0,0,500,644,500,0
2025-04-06,66,SKU12,Cider 500ml,Non-Alcoholic,WH01,North DC,130,10,0,0,608,788,608,0
2025-04-13,67,SKU12,Cider 500ml,Non-Alcoholic,WH01,North DC,130,10,0,0,535,824,535,0
2025-04-20,68,SKU12,Cider 500ml,Non-Alcoholic,WH01,North DC,130,10,0,0,597,933,597,0
2025-04-27,69,SKU12,Cider 500ml,Non-Alcoholic,WH01,North DC,130,10,0,0,625,980,625,0
2025-05-04,70,SKU12,Cider 500ml,Non-Alcoholic,WH01,North DC,130,10,0,0,546,999,546,0
2025-05-11,71,SKU12,Cider 500ml,Non-Alcoholic,WH01,North DC,130,10,0,0,590,1097,590,0
2025-05-18,72,SKU12,Cider 500ml,Non-Alcoholic,WH01,North DC,130,10,0,0,629,507,507,1
2025-05-25,73,SKU12,Cider 500ml,Non-Alcoholic,WH01,North DC,130,10,0,0,583,644,583,0
2025-06-01,74,SKU12,Cider 500ml,Non-Alcoholic,WH01,North DC,130,10,0,0,502,705,502,0
2025-06-08,75,SKU12,Cider 500ml,Non-Alcoholic,WH01,North DC,130,10,0,0,689,847,689,0
2025-06-15,76,SKU12,Cider 500ml,Non-Alcoholic,WH01,North DC,130,10,0,0,674,802,674,0
2025-06-22,77,SKU12,Cider 500ml,Non-Alcoholic,WH01,North DC,130,10,0,0,591,772,591,0
2025-06-29,78,SKU12,Cider 500ml,Non-Alcoholic,WH01,North DC,130,10,0,1,879,825,825,1
2025-07-06,79,SKU12,Cider 500ml,Non-Alcoholic,WH01,North DC,130,10,0,1,678,644,644,1
2025-07-13,80,SKU12,Cider 500ml,Non-Alcoholic,WH01,North DC,130,10,0,0,493,644,493,0
2025-07-20,81,SKU12,Cider 500ml,Non-Alcoholic,WH01,North DC,130,10,0,0,464,795,464,0
2025-07-27,82,SKU12,Cider 500ml,Non-Alcoholic,WH01,North DC,130,10,0,0,441,975,441,0
2025-08-03,83,SKU12,Cider 500ml,Non-Alcoholic,WH01,North DC,130,10,0,0,433,534,433,0
2025-08-10,84,SKU12,Cider 500ml,Non-Alcoholic,WH01,North DC,130,10,0,1,494,745,494,0
2025-08-17,85,SKU12,Cider 500ml,Non-Alcoholic,WH01,North DC,130,10,0,0,400,895,400,0
2025-08-24,86,SKU12,Cider 500ml,Non-Alcoholic,WH01,North DC,130,10,0,0,460,495,460,0
2025-08-31,87,SKU12,Cider 500ml,Non-Alcoholic,WH01,North DC,130,10,0,0,371,679,371,0
2025-09-07,88,SKU12,Cider 500ml,Non-Alcoholic,WH01,North DC,130,10,0,0,358,952,358,0
2025-09-14,89,SKU12,Cider 500ml,Non-Alcoholic,WH01,North DC,130,10,0,0,449,594,449,0
2025-09-21,90,SKU12,Cider 500ml,Non-Alcoholic,WH01,North DC,130,10,0,0,476,789,476,0
2025-09-28,91,SKU12,Cider 500ml,Non-Alcoholic,WH01,North DC,130,10,0,0,466,957,466,0
2025-10-05,92,SKU12,Cider 500ml,Non-Alcoholic,WH01,North DC,130,10,1,0,649,491,491,1
2025-10-12,93,SKU12,Cider 500ml,Non-Alcoholic,WH01,North DC,130,10,1,0,734,644,644,1
2025-10-19,94,SKU12,Cider 500ml,Non-Alcoholic,WH01,North DC,130,10,1,0,745,644,644,1
2025-10-26,95,SKU12,Cider 500ml,Non-Alcoholic,WH01,North DC,130,10,1,0,657,644,644,1
2025-11-02,96,SKU12,Cider 500ml,Non-Alcoholic,WH01,North DC,130,10,1,1,1010,644,644,1
2025-11-09,97,SKU12,Cider 500ml,Non-Alcoholic,WH01,North DC,130,10,1,1,1033,644,644,1
2025-11-16,98,SKU12,Cider 500ml,Non-Alcoholic,WH01,North DC,130,10,0,0,438,644,438,0
2025-11-23,99,SKU12,Cider 500ml,Non-Alcoholic,WH01,North DC,130,10,0,0,366,850,366,0
2025-11-30,100,SKU12,Cider 500ml,Non-Alcoholic,WH01,North DC,130,10,0,0,556,484,484,1
2025-12-07,101,SKU12,Cider 500ml,Non-Alcoholic,WH01,North DC,130,10,0,0,406,644,406,0
2025-12-14,102,SKU12,Cider 500ml,Non-Alcoholic,WH01,North DC,130,10,0,0,502,882,502,0
2025-12-21,103,SKU12,Cider 500ml,Non-Alcoholic,WH01,North DC,130,10,1,0,790,1024,790,0
2025-12-28,104,SKU12,Cider 500ml,Non-Alcoholic,WH01,North DC,130,10,1,0,643,878,643,0
2024-01-07,1,SKU01,Lager 650ml,Beer,WH02,West DC,120,5,0,0,1909,2548,1909,0
2024-01-14,2,SKU01,Lager 650ml,Beer,WH02,West DC,120,5,0,0,1532,3551,1532,0
2024-01-21,3,SKU01,Lager 650ml,Beer,WH02,West DC,120,5,0,0,1744,4931,1744,0
2024-01-28,4,SKU01,Lager 650ml,Beer,WH02,West DC,120,5,0,1,2405,3187,2405,0
2024-02-04,5,SKU01,Lager 650ml,Beer,WH02,West DC,120,5,0,1,2289,3694,2289,0
2024-02-11,6,SKU01,Lager 650ml,Beer,WH02,West DC,120,5,0,0,1986,4317,1986,0
2024-02-18,7,SKU01,Lager 650ml,Beer,WH02,West DC,120,5,0,0,1727,2331,1727,0
2024-02-25,8,SKU01,Lager 650ml,Beer,WH02,West DC,120,5,0,0,2046,3516,2046,0
2024-03-03,9,SKU01,Lager 650ml,Beer,WH02,West DC,120,5,0,0,1871,4382,1871,0
2024-03-10,10,SKU01,Lager 650ml,Beer,WH02,West DC,120,5,1,0,3556,2511,2511,1
2024-03-17,11,SKU01,Lager 650ml,Beer,WH02,West DC,120,5,1,0,3155,2912,2912,1
2024-03-24,12,SKU01,Lager 650ml,Beer,WH02,West DC,120,5,1,1,3392,2912,2912,1
2024-03-31,13,SKU01,Lager 650ml,Beer,WH02,West DC,120,5,0,0,2298,2912,2298,0
2024-04-07,14,SKU01,Lager 650ml,Beer,WH02,West DC,120,5,0,1,2161,3526,2161,0
2024-04-14,15,SKU01,Lager 650ml,Beer,WH02,West DC,120,5,0,0,2278,4277,2278,0
2024-04-21,16,SKU01,Lager 650ml,Beer,WH02,West DC,120,5,0,0,2193,4911,2193,0
2024-04-28,17,SKU01,Lager 650ml,Beer,WH02,West DC,120,5,0,0,2868,2718,2718,1
2024-05-05,18,SKU01,Lager 650ml,Beer,WH02,West DC,120,5,0,0,2752,2912,2752,0
2024-05-12,19,SKU01,Lager 650ml,Beer,WH02,West DC,120,5,0,0,2189,3072,2189,0
2024-05-19,20,SKU01,Lager 650ml,Beer,WH02,West DC,120,5,0,0,2150,3795,2150,0
2024-05-26,21,SKU01,Lager 650ml,Beer,WH02,West DC,120,5,0,0,2375,4557,2375,0
2024-06-02,22,SKU01,Lager 650ml,Beer,WH02,West DC,120,5,0,0,2174,5094,2174,0
2024-06-09,23,SKU01,Lager 650ml,Beer,WH02,West DC,120,5,0,0,2961,2920,2920,1
2024-06-16,24,SKU01,Lager 650ml,Beer,WH02,West DC,120,5,0,0,2002,2912,2002,0
2024-06-23,25,SKU01,Lager 650ml,Beer,WH02,West DC,120,5,0,1,3840,3822,3822,1
2024-06-30,26,SKU01,Lager 650ml,Beer,WH02,West DC,120,5,0,0,2645,2912,2645,0
2024-07-07,27,SKU01,Lager 650ml,Beer,WH02,West DC,120,5,0,0,2304,3179,2304,0
2024-07-14,28,SKU01,Lager 650ml,Beer,WH02,West DC,120,5,0,1,2733,3787,2733,0
2024-07-21,29,SKU01,Lager 650ml,Beer,WH02,West DC,120,5,0,0,1749,3966,1749,0
2024-07-28,30,SKU01,Lager 650ml,Beer,WH02,West DC,120,5,0,0,2370,2217,2217,1
2024-08-04,31,SKU01,Lager 650ml,Beer,WH02,West DC,120,5,0,0,1891,2912,1891,0
2024-08-11,32,SKU01,Lager 650ml,Beer,WH02,West DC,120,5,0,0,1669,3933,1669,0
2024-08-18,33,SKU01,Lager 650ml,Beer,WH02,West DC,120,5,0,0,2133,2264,2133,0
2024-08-25,34,SKU01,Lager 650ml,Beer,WH02,West DC,120,5,0,0,2116,3043,2116,0
2024-09-01,35,SKU01,Lager 650ml,Beer,WH02,West DC,120,5,0,0,2139,3839,2139,0
2024-09-08,36,SKU01,Lager 650ml,Beer,WH02,West DC,120,5,0,0,2104,4612,2104,0
2024-09-15,37,SKU01,Lager 650ml,Beer,WH02,West DC,120,5,0,0,1774,2508,1774,0
2024-09-22,38,SKU01,Lager 650ml,Beer,WH02,West DC,120,5,0,0,2021,3646,2021,0
2024-09-29,39,SKU01,Lager 650ml,Beer,WH02,West DC,120,5,0,0,2142,4537,2142,0
2024-10-06,40,SKU01,Lager 650ml,Beer,WH02,West DC,120,5,1,0,3810,2395,2395,1
2024-10-13,41,SKU01,Lager 650ml,Beer,WH02,West DC,120,5,1,0,2445,2912,2445,0
2024-10-20,42,SKU01,Lager 650ml,Beer,WH02,West DC,120,5,1,0,3402,3379,3379,1
2024-10-27,43,SKU01,Lager 650ml,Beer,WH02,West DC,120,5,1,0,3142,2912,2912,1
2024-11-03,44,SKU01,Lager 650ml,Beer,WH02,West DC,120,5,1,1,5045,2912,2912,1
2024-11-10,45,SKU01,Lager 650ml,Beer,WH02,West DC,120,5,1,0,3419,2912,2912,1
2024-11-17,46,SKU01,Lager 650ml,Beer,WH02,West DC,120,5,0,0,2020,2912,2020,0
2024-11-24,47,SKU01,Lager 650ml,Beer,WH02,West DC,120,5,0,0,1962,3804,1962,0
2024-12-01,48,SKU01,Lager 650ml,Beer,WH02,West DC,120,5,0,0,2224,4754,2224,0
2024-12-08,49,SKU01,Lager 650ml,Beer,WH02,West DC,120,5,0,1,2927,2530,2530,1
2024-12-15,50,SKU01,Lager 650ml,Beer,WH02,West DC,120,5,0,0,1933,2912,1933,0
2024-12-22,51,SKU01,Lager 650ml,Beer,WH02,West DC,120,5,1,0,2973,3891,2973,0
2024-12-29,52,SKU01,Lager 650ml,Beer,WH02,West DC,120,5,1,0,3374,3830,3374,0
2025-01-05,53,SKU01,Lager 650ml,Beer,WH02,West DC,120,5,0,0,1671,3368,1671,0
2025-01-12,54,SKU01,Lager 650ml,Beer,WH02,West DC,120,5,0,0,1698,4609,1698,0
2025-01-19,55,SKU01,Lager 650ml,Beer,WH02,West DC,120,5,0,0,1784,2911,1784,0
2025-01-26,56,SKU01,Lager 650ml,Beer,WH02,West DC,120,5,0,0,2116,4039,2116,0
2025-02-02,57,SKU01,Lager 650ml,Beer,WH02,West DC,120,5,0,0,1955,4835,1955,0
2025-02-09,58,SKU01,Lager 650ml,Beer,WH02,West DC,120,5,0,0,1792,2880,1792,0
2025-02-16,59,SKU01,Lager 650ml,Beer,WH02,West DC,120,5,0,0,2234,4000,2234,0
2025-02-23,60,SKU01,Lager 650ml,Beer,WH02,West DC,120,5,0,0,1591,4678,1591,0
2025-03-02,61,SKU01,Lager 650ml,Beer,WH02,West DC,120,5,0,0,2055,3087,2055,0
2025-03-09,62,SKU01,Lager 650ml,Beer,WH02,West DC,120,5,0,0,2201,3944,2201,0
2025-03-16,63,SKU01,Lager 650ml,Beer,WH02,West DC,120,5,1,0,4372,4655,4372,0
2025-03-23,64,SKU01,Lager 650ml,Beer,WH02,West DC,120,5,1,0,3311,3195,3195,1
2025-03-30,65,SKU01,Lager 650ml,Beer,WH02,West DC,120,5,0,1,2994,2912,2912,1
2025-04-06,66,SKU01,Lager 650ml,Beer,WH02,West DC,120,5,0,0,2594,2912,2594,0
2025-04-13,67,SKU01,Lager 650ml,Beer,WH02,West DC,120,5,0,0,2270,3230,2270,0
2025-04-20,68,SKU01,Lager 650ml,Beer,WH02,West DC,120,5,0,0,2814,3872,2814,0
2025-04-27,69,SKU01,Lager 650ml,Beer,WH02,West DC,120,5,0,0,2558,3970,2558,0
2025-05-04,70,SKU01,Lager 650ml,Beer,WH02,West DC,120,5,0,0,2486,4324,2486,0
2025-05-11,71,SKU01,Lager 650ml,Beer,WH02,West DC,120,5,0,0,2234,4750,2234,0
2025-05-18,72,SKU01,Lager 650ml,Beer,WH02,West DC,120,5,0,0,2685,2516,2516,1
2025-05-25,73,SKU01,Lager 650ml,Beer,WH02,West DC,120,5,0,0,3147,2912,2912,1
2025-06-01,74,SKU01,Lager 650ml,Beer,WH02,West DC,120,5,0,0,2470,2912,2470,0
2025-06-08,75,SKU01,Lager 650ml,Beer,WH02,West DC,120,5,0,0,2314,3354,2314,0
2025-06-15,76,SKU01,Lager 650ml,Beer,WH02,West DC,120,5,0,0,2139,3952,2139,0
2025-06-22,77,SKU01,Lager 650ml,Beer,WH02,West DC,120,5,0,0,2114,4725,2114,0
2025-06-29,78,SKU01,Lager 650ml,Beer,WH02,West DC,120,5,0,0,2636,2611,2611,1
2025-07-06,79,SKU01,Lager 650ml,Beer,WH02,West DC,120,5,0,0,2307,2912,2307,0
2025-07-13,80,SKU01,Lager 650ml,Beer,WH02,West DC,120,5,0,1,2993,3517,2993,0
2025-07-20,81,SKU01,Lager 650ml,Beer,WH02,West DC,120,5,0,1,2831,3436,2831,0
2025-07-27,82,SKU01,Lager 650ml,Beer,WH02,West DC,120,5,0,0,2342,3517,2342,0
2025-08-03,83,SKU01,Lager 650ml,Beer,WH02,West DC,120,5,0,0,2352,4087,2352,0
2025-08-10,84,SKU01,Lager 650ml,Beer,WH02,West DC,120,5,0,0,2295,4647,2295,0
2025-08-17,85,SKU01,Lager 650ml,Beer,WH02,West DC,120,5,0,1,2854,2352,2352,1
2025-08-24,86,SKU01,Lager 650ml,Beer,WH02,West DC,120,5,0,0,2244,2912,2244,0
2025-08-31,87,SKU01,Lager 650ml,Beer,WH02,West DC,120,5,0,0,2160,3580,2160,0
2025-09-07,88,SKU01,Lager 650ml,Beer,WH02,West DC,120,5,0,0,1635,4332,1635,0
2025-09-14,89,SKU01,Lager 650ml,Beer,WH02,West DC,120,5,0,0,1955,2697,1955,0
2025-09-21,90,SKU01,Lager 650ml,Beer,WH02,West DC,120,5,0,0,2075,3654,2075,0
2025-09-28,91,SKU01,Lager 650ml,Beer,WH02,West DC,120,5,0,0,1802,4491,1802,0
2025-10-05,92,SKU01,Lager 650ml,Beer,WH02,West DC,120,5,1,1,5451,2689,2689,1
2025-10-12,93,SKU01,Lager 650ml,Beer,WH02,West DC,120,5,1,0,3485,2912,2912,1
2025-10-19,94,SKU01,Lager 650ml,Beer,WH02,West DC,120,5,1,0,2924,2912,2912,1
2025-10-26,95,SKU01,Lager 650ml,Beer,WH02,West DC,120,5,1,0,3467,2912,2912,1
2025-11-02,96,SKU01,Lager 650ml,Beer,WH02,West DC,120,5,1,0,3822,2912,2912,1
2025-11-09,97,SKU01,Lager 650ml,Beer,WH02,West DC,120,5,1,0,3265,2912,2912,1
2025-11-16,98,SKU01,Lager 650ml,Beer,WH02,West DC,120,5,0,0,1991,2912,1991,0
2025-11-23,99,SKU01,Lager 650ml,Beer,WH02,West DC,120,5,0,0,1637,3833,1637,0
2025-11-30,100,SKU01,Lager 650ml,Beer,WH02,West DC,120,5,0,0,1923,2196,1923,0
2025-12-07,101,SKU01,Lager 650ml,Beer,WH02,West DC,120,5,0,0,2036,3185,2036,0
2025-12-14,102,SKU01,Lager 650ml,Beer,WH02,West DC,120,5,0,0,2013,4061,2013,0
2025-12-21,103,SKU01,Lager 650ml,Beer,WH02,West DC,120,5,1,0,3350,4960,3350,0
2025-12-28,104,SKU01,Lager 650ml,Beer,WH02,West DC,120,5,1,0,2701,4522,2701,0
2024-01-07,1,SKU02,Lager 330ml,Beer,WH02,West DC,70,5,0,0,1898,2548,1898,0
2024-01-14,2,SKU02,Lager 330ml,Beer,WH02,West DC,70,5,0,1,2433,3562,2433,0
2024-01-21,3,SKU02,Lager 330ml,Beer,WH02,West DC,70,5,0,0,1671,4041,1671,0
2024-01-28,4,SKU02,Lager 330ml,Beer,WH02,West DC,70,5,0,0,1636,2370,1636,0
2024-02-04,5,SKU02,Lager 330ml,Beer,WH02,West DC,70,5,0,1,2753,3646,2753,0
2024-02-11,6,SKU02,Lager 330ml,Beer,WH02,West DC,70,5,0,0,1765,3805,1765,0
2024-02-18,7,SKU02,Lager 330ml,Beer,WH02,West DC,70,5,0,0,1922,4952,1922,0
2024-02-25,8,SKU02,Lager 330ml,Beer,WH02,West DC,70,5,0,0,1934,3030,1934,0
2024-03-03,9,SKU02,Lager 330ml,Beer,WH02,West DC,70,5,0,0,1757,4008,1757,0
2024-03-10,10,SKU02,Lager 330ml,Beer,WH02,West DC,70,5,1,0,3468,2251,2251,1
2024-03-17,11,SKU02,Lager 330ml,Beer,WH02,West DC,70,5,1,0,3451,2912,2912,1
2024-03-24,12,SKU02,Lager 330ml,Beer,WH02,West DC,70,5,1,1,5111,2912,2912,1
2024-03-31,13,SKU02,Lager 330ml,Beer,WH02,West DC,70,5,0,0,2161,2912,2161,0
2024-04-07,14,SKU02,Lager 330ml,Beer,WH02,West DC,70,5,0,0,2724,3663,2724,0
2024-04-14,15,SKU02,Lager 330ml,Beer,WH02,West DC,70,5,0,0,2740,3851,2740,0
2024-04-21,16,SKU02,Lager 330ml,Beer,WH02,West DC,70,5,0,0,2419,4023,2419,0
2024-04-28,17,SKU02,Lager 330ml,Beer,WH02,West DC,70,5,0,0,3146,4516,3146,0
2024-05-05,18,SKU02,Lager 330ml,Beer,WH02,West DC,70,5,0,0,2280,4282,2280,0
2024-05-12,19,SKU02,Lager 330ml,Beer,WH02,West DC,70,5,0,0,2022,4914,2022,0
2024-05-19,20,SKU02,Lager 330ml,Beer,WH02,West DC,70,5,0,0,1898,2892,1898,0
2024-05-26,21,SKU02,Lager 330ml,Beer,WH02,West DC,70,5,0,0,2370,3906,2370,0
2024-06-02,22,SKU02,Lager 330ml,Beer,WH02,West DC,70,5,0,1,2477,4448,2477,0
2024-06-09,23,SKU02,Lager 330ml,Beer,WH02,West DC,70,5,0,0,2311,4883,2311,0
2024-06-16,24,SKU02,Lager 330ml,Beer,WH02,West DC,70,5,0,0,2524,2572,2524,0
2024-06-23,25,SKU02,Lager 330ml,Beer,WH02,West DC,70,5,0,0,2602,2960,2602,0
2024-06-30,26,SKU02,Lager 330ml,Beer,WH02,West DC,70,5,0,0,2414,3270,2414,0
2024-07-07,27,SKU02,Lager 330ml,Beer,WH02,West DC,70,5,0,0,1975,3768,1975,0
2024-07-14,28,SKU02,Lager 330ml,Beer,WH02,West DC,70,5,0,0,2031,4705,2031,0
2024-07-21,29,SKU02,Lager 330ml,Beer,WH02,West DC,70,5,0,1,2878,2674,2674,1
2024-07-28,30,SKU02,Lager 330ml,Beer,WH02,West DC,70,5,0,0,1894,2912,1894,0
2024-08-04,31,SKU02,Lager 330ml,Beer,WH02,West DC,70,5,0,0,1727,3930,1727,0
2024-08-11,32,SKU02,Lager 330ml,Beer,WH02,West DC,70,5,0,0,1960,2203,1960,0
2024-08-18,33,SKU02,Lager 330ml,Beer,WH02,West DC,70,5,0,0,1910,3155,1910,0
2024-08-25,34,SKU02,Lager 330ml,Beer,WH02,West DC,70,5,0,0,1514,4157,1514,0
2024-09-01,35,SKU02,Lager 330ml,Beer,WH02,West DC,70,5,0,0,2130,2643,2130,0
2024-09-08,36,SKU02,Lager 330ml,Beer,WH02,West DC,70,5,0,0,1788,3425,1788,0
2024-09-15,37,SKU02,Lager 330ml,Beer,WH02,West DC,70,5,0,0,1636,4549,1636,0
2024-09-22,38,SKU02,Lager 330ml,Beer,WH02,West DC,70,5,0,0,1588,2913,1588,0
2024-09-29,39,SKU02,Lager 330ml,Beer,WH02,West DC,70,5,0,0,2143,4237,2143,0
2024-10-06,40,SKU02,Lager 330ml,Beer,WH02,West DC,70,5,1,0,2545,5006,2545,0
2024-10-13,41,SKU02,Lager 330ml,Beer,WH02,West DC,70,5,1,0,3601,2461,2461,1
2024-10-20,42,SKU02,Lager 330ml,Beer,WH02,West DC,70,5,1,0,3781,2912,2912,1
2024-10-27,43,SKU02,Lager 330ml,Beer,WH02,West DC,70,5,1,0,3276,2912,2912,1
2024-11-03,44,SKU02,Lager 330ml,Beer,WH02,West DC,70,5,1,0,4097,2912,2912,1
2024-11-10,45,SKU02,Lager 330ml,Beer,WH02,West DC,70,5,1,0,3036,2912,2912,1
2024-11-17,46,SKU02,Lager 330ml,Beer,WH02,West DC,70,5,0,0,2038,2912,2038,0
2024-11-24,47,SKU02,Lager 330ml,Beer,WH02,West DC,70,5,0,0,1943,3786,1943,0
2024-12-01,48,SKU02,Lager 330ml,Beer,WH02,West DC,70,5,0,0,2322,4755,2322,0
2024-12-08,49,SKU02,Lager 330ml,Beer,WH02,West DC,70,5,0,0,1857,2433,1857,0
2024-12-15,50,SKU02,Lager 330ml,Beer,WH02,West DC,70,5,0,0,2022,3488,2022,0
2024-12-22,51,SKU02,Lager 330ml,Beer,WH02,West DC,70,5,1,0,2926,4378,2926,0
2024-12-29,52,SKU02,Lager 330ml,Beer,WH02,West DC,70,5,1,0,2362,4364,2362,0
2025-01-05,53,SKU02,Lager 330ml,Beer,WH02,West DC,70,5,0,0,1896,4914,1896,0
2025-01-12,54,SKU02,Lager 330ml,Beer,WH02,West DC,70,5,0,0,1795,3018,1795,0
2025-01-19,55,SKU02,Lager 330ml,Beer,WH02,West DC,70,5,0,0,1961,4135,1961,0
2025-01-26,56,SKU02,Lager 330ml,Beer,WH02,West DC,70,5,0,0,2040,5086,2040,0
2025-02-02,57,SKU02,Lager 330ml,Beer,WH02,West DC,70,5,0,0,2251,3046,2251,0
2025-02-09,58,SKU02,Lager 330ml,Beer,WH02,West DC,70,5,0,0,1398,3707,1398,0
2025-02-16,59,SKU02,Lager 330ml,Beer,WH02,West DC,70,5,0,0,1943,2309,1943,0
2025-02-23,60,SKU02,Lager 330ml,Beer,WH02,West DC,70,5,0,0,1642,3278,1642,0
2025-03-02,61,SKU02,Lager 330ml,Beer,WH02,West DC,70,5,0,0,2387,4548,2387,0
2025-03-09,62,SKU02,Lager 330ml,Beer,WH02,West DC,70,5,0,0,2839,5073,2839,0
2025-03-16,63,SKU02,Lager 330ml,Beer,WH02,West DC,70,5,1,0,3446,2234,2234,1
2025-03-23,64,SKU02,Lager 330ml,Beer,WH02,West DC,70,5,1,0,3254,2912,2912,1
2025-03-30,65,SKU02,Lager 330ml,Beer,WH02,West DC,70,5,0,0,2121,2912,2121,0
2025-04-06,66,SKU02,Lager 330ml,Beer,WH02,West DC,70,5,0,0,2236,3703,2236,0
2025-04-13,67,SKU02,Lager 330ml,Beer,WH02,West DC,70,5,0,0,1793,4379,1793,0
2025-04-20,68,SKU02,Lager 330ml,Beer,WH02,West DC,70,5,0,1,3414,2586,2586,1
2025-04-27,69,SKU02,Lager 330ml,Beer,WH02,West DC,70,5,0,0,2637,2912,2637,0
2025-05-04,70,SKU02,Lager 330ml,Beer,WH02,West DC,70,5,0,0,2411,3187,2411,0
2025-05-11,71,SKU02,Lager 330ml,Beer,WH02,West DC,70,5,0,0,2308,3688,2308,0
2025-05-18,72,SKU02,Lager 330ml,Beer,WH02,West DC,70,5,0,1,3660,4292,3660,0
2025-05-25,73,SKU02,Lager 330ml,Beer,WH02,West DC,70,5,0,0,3061,3544,3061,0
2025-06-01,74,SKU02,Lager 330ml,Beer,WH02,West DC,70,5,0,0,2708,3395,2708,0
2025-06-08,75,SKU02,Lager 330ml,Beer,WH02,West DC,70,5,0,0,2001,3599,2001,0
2025-06-15,76,SKU02,Lager 330ml,Beer,WH02,West DC,70,5,0,0,2612,4510,2612,0
2025-06-22,77,SKU02,Lager 330ml,Beer,WH02,West DC,70,5,0,0,2782,4810,2782,0
2025-06-29,78,SKU02,Lager 330ml,Beer,WH02,West DC,70,5,0,0,2582,4940,2582,0
2025-07-06,79,SKU02,Lager 330ml,Beer,WH02,West DC,70,5,0,0,2233,2358,2233,0
2025-07-13,80,SKU02,Lager 330ml,Beer,WH02,West DC,70,5,0,0,2094,3037,2094,0
2025-07-20,81,SKU02,Lager 330ml,Beer,WH02,West DC,70,5,0,0,2212,3855,2212,0
2025-07-27,82,SKU02,Lager 330ml,Beer,WH02,West DC,70,5,0,0,2549,4555,2549,0
2025-08-03,83,SKU02,Lager 330ml,Beer,WH02,West DC,70,5,0,0,2040,4918,2040,0
2025-08-10,84,SKU02,Lager 330ml,Beer,WH02,West DC,70,5,0,1,2327,2878,2327,0
2025-08-17,85,SKU02,Lager 330ml,Beer,WH02,West DC,70,5,0,0,1927,3463,1927,0
2025-08-24,86,SKU02,Lager 330ml,Beer,WH02,West DC,70,5,0,0,2323,4448,2323,0
2025-08-31,87,SKU02,Lager 330ml,Beer,WH02,West DC,70,5,0,0,1743,5037,1743,0
2025-09-07,88,SKU02,Lager 330ml,Beer,WH02,West DC,70,5,0,0,1839,3294,1839,0
2025-09-14,89,SKU02,Lager 330ml,Beer,WH02,West DC,70,5,0,0,1962,4367,1962,0
2025-09-21,90,SKU02,Lager 330ml,Beer,WH02,West DC,70,5,0,0,1860,2405,1860,0
2025-09-28,91,SKU02,Lager 330ml,Beer,WH02,West DC,70,5,0,0,2322,3457,2322,0
2025-10-05,92,SKU02,Lager 330ml,Beer,WH02,West DC,70,5,1,1,5055,4047,4047,1
2025-10-12,93,SKU02,Lager 330ml,Beer,WH02,West DC,70,5,1,0,3536,2912,2912,1
2025-10-19,94,SKU02,Lager 330ml,Beer,WH02,West DC,70,5,1,1,5688,2912,2912,1
2025-10-26,95,SKU02,Lager 330ml,Beer,WH02,West DC,70,5,1,0,3752,2912,2912,1
2025-11-02,96,SKU02,Lager 330ml,Beer,WH02,West DC,70,5,1,1,5374,2912,2912,1
2025-11-09,97,SKU02,Lager 330ml,Beer,WH02,West DC,70,5,1,0,4253,2912,2912,1
2025-11-16,98,SKU02,Lager 330ml,Beer,WH02,West DC,70,5,0,0,2126,2912,2126,0
2025-11-23,99,SKU02,Lager 330ml,Beer,WH02,West DC,70,5,0,0,1749,3698,1749,0
2025-11-30,100,SKU02,Lager 330ml,Beer,WH02,West DC,70,5,0,0,2044,4861,2044,0
2025-12-07,101,SKU02,Lager 330ml,Beer,WH02,West DC,70,5,0,0,1856,2817,1856,0
2025-12-14,102,SKU02,Lager 330ml,Beer,WH02,West DC,70,5,0,0,2163,3873,2163,0
2025-12-21,103,SKU02,Lager 330ml,Beer,WH02,West DC,70,5,1,0,3185,4622,3185,0
2025-12-28,104,SKU02,Lager 330ml,Beer,WH02,West DC,70,5,1,0,3138,4349,3138,0
2024-01-07,1,SKU03,Strong Beer 650ml,Beer,WH02,West DC,140,6,0,0,1138,1456,1138,0
2024-01-14,2,SKU03,Strong Beer 650ml,Beer,WH02,West DC,140,6,0,0,1080,1982,1080,0
2024-01-21,3,SKU03,Strong Beer 650ml,Beer,WH02,West DC,140,6,0,0,1031,2566,1031,0
2024-01-28,4,SKU03,Strong Beer 650ml,Beer,WH02,West DC,140,6,0,0,891,1535,891,0
2024-02-04,5,SKU03,Strong Beer 650ml,Beer,WH02,West DC,140,6,0,0,966,2308,966,0
2024-02-11,6,SKU03,Strong Beer 650ml,Beer,WH02,West DC,140,6,0,0,920,1342,920,0
2024-02-18,7,SKU03,Strong Beer 650ml,Beer,WH02,West DC,140,6,0,0,1154,2086,1154,0
2024-02-25,8,SKU03,Strong Beer 650ml,Beer,WH02,West DC,140,6,0,0,1029,2596,1029,0
2024-03-03,9,SKU03,Strong Beer 650ml,Beer,WH02,West DC,140,6,0,0,1239,1567,1239,0
2024-03-10,10,SKU03,Strong Beer 650ml,Beer,WH02,West DC,140,6,1,0,1822,1992,1822,0
2024-03-17,11,SKU03,Strong Beer 650ml,Beer,WH02,West DC,140,6,1,0,2193,1834,1834,1
2024-03-24,12,SKU03,Strong Beer 650ml,Beer,WH02,West DC,140,6,1,0,2077,1664,1664,1
2024-03-31,13,SKU03,Strong Beer 650ml,Beer,WH02,West DC,140,6,0,0,1227,1664,1227,0
2024-04-07,14,SKU03,Strong Beer 650ml,Beer,WH02,West DC,140,6,0,0,1416,2101,1416,0
2024-04-14,15,SKU03,Strong Beer 650ml,Beer,WH02,West DC,140,6,0,0,1287,2349,1287,0
2024-04-21,16,SKU03,Strong Beer 650ml,Beer,WH02,West DC,140,6,0,0,1324,2726,1324,0
2024-04-28,17,SKU03,Strong Beer 650ml,Beer,WH02,West DC,140,6,0,0,1168,1402,1168,0
2024-05-05,18,SKU03,Strong Beer 650ml,Beer,WH02,West DC,140,6,0,0,1538,1898,1538,0
2024-05-12,19,SKU03,Strong Beer 650ml,Beer,WH02,West DC,140,6,0,0,1556,2024,1556,0
2024-05-19,20,SKU03,Strong Beer 650ml,Beer,WH02,West DC,140,6,0,0,1566,2132,1566,0
2024-05-26,21,SKU03,Strong Beer 650ml,Beer,WH02,West DC,140,6,0,0,1273,2230,1273,0
2024-06-02,22,SKU03,Strong Beer 650ml,Beer,WH02,West DC,140,6,0,0,1686,2621,1686,0
2024-06-09,23,SKU03,Strong Beer 650ml,Beer,WH02,West DC,140,6,0,1,1728,2599,1728,0
2024-06-16,24,SKU03,Strong Beer 650ml,Beer,WH02,West DC,140,6,0,0,1527,2535,1527,0
2024-06-23,25,SKU03,Strong Beer 650ml,Beer,WH02,West DC,140,6,0,1,1537,2672,1537,0
2024-06-30,26,SKU03,Strong Beer 650ml,Beer,WH02,West DC,140,6,0,0,1647,2799,1647,0
2024-07-07,27,SKU03,Strong Beer 650ml,Beer,WH02,West DC,140,6,0,0,1331,2816,1331,0
2024-07-14,28,SKU03,Strong Beer 650ml,Beer,WH02,West DC,140,6,0,0,1190,1485,1190,0
2024-07-21,29,SKU03,Strong Beer 650ml,Beer,WH02,West DC,140,6,0,0,1165,1959,1165,0
2024-07-28,30,SKU03,Strong Beer 650ml,Beer,WH02,West DC,140,6,0,0,1332,2458,1332,0
2024-08-04,31,SKU03,Strong Beer 650ml,Beer,WH02,West DC,140,6,0,1,1533,2790,1533,0
2024-08-11,32,SKU03,Strong Beer 650ml,Beer,WH02,West DC,140,6,0,0,973,1257,973,0
2024-08-18,33,SKU03,Strong Beer 650ml,Beer,WH02,West DC,140,6,0,0,1066,1948,1066,0
2024-08-25,34,SKU03,Strong Beer 650ml,Beer,WH02,West DC,140,6,0,0,1015,2546,1015,0
2024-09-01,35,SKU03,Strong Beer 650ml,Beer,WH02,West DC,140,6,0,1,1549,1531,1531,1
2024-09-08,36,SKU03,Strong Beer 650ml,Beer,WH02,West DC,140,6,0,0,1005,1664,1005,0
2024-09-15,37,SKU03,Strong Beer 650ml,Beer,WH02,West DC,140,6,0,0,927,2323,927,0
2024-09-22,38,SKU03,Strong Beer 650ml,Beer,WH02,West DC,140,6,0,1,1469,1396,1396,1
2024-09-29,39,SKU03,Strong Beer 650ml,Beer,WH02,West DC,140,6,0,0,1260,1664,1260,0
2024-10-06,40,SKU03,Strong Beer 650ml,Beer,WH02,West DC,140,6,1,1,2631,2068,2068,1
2024-10-13,41,SKU03,Strong Beer 650ml,Beer,WH02,West DC,140,6,1,0,2211,1664,1664,1
2024-10-20,42,SKU03,Strong Beer 650ml,Beer,WH02,West DC,140,6,1,0,2437,1664,1664,1
2024-10-27,43,SKU03,Strong Beer 650ml,Beer,WH02,West DC,140,6,1,0,2349,1664,1664,1
2024-11-03,44,SKU03,Strong Beer 650ml,Beer,WH02,West DC,140,6,1,0,2380,1664,1664,1
2024-11-10,45,SKU03,Strong Beer 650ml,Beer,WH02,West DC,140,6,1,0,2386,1664,1664,1
2024-11-17,46,SKU03,Strong Beer 650ml,Beer,WH02,West DC,140,6,0,0,1030,1664,1030,0
2024-11-24,47,SKU03,Strong Beer 650ml,Beer,WH02,West DC,140,6,0,0,1188,2298,1188,0
2024-12-01,48,SKU03,Strong Beer 650ml,Beer,WH02,West DC,140,6,0,0,1118,2774,1118,0
2024-12-08,49,SKU03,Strong Beer 650ml,Beer,WH02,West DC,140,6,0,0,904,1656,904,0
2024-12-15,50,SKU03,Strong Beer 650ml,Beer,WH02,West DC,140,6,0,0,1118,2416,1118,0
2024-12-22,51,SKU03,Strong Beer 650ml,Beer,WH02,West DC,140,6,1,0,1872,1298,1298,1
2024-12-29,52,SKU03,Strong Beer 650ml,Beer,WH02,West DC,140,6,1,0,1762,1664,1664,1
2025-01-05,53,SKU03,Strong Beer 650ml,Beer,WH02,West DC,140,6,0,0,1094,1664,1094,0
2025-01-12,54,SKU03,Strong Beer 650ml,Beer,WH02,West DC,140,6,0,0,1018,2234,1018,0
2025-01-19,55,SKU03,Strong Beer 650ml,Beer,WH02,West DC,140,6,0,0,1179,2880,1179,0
2025-01-26,56,SKU03,Strong Beer 650ml,Beer,WH02,West DC,140,6,0,0,1085,1701,1085,0
2025-02-02,57,SKU03,Strong Beer 650ml,Beer,WH02,West DC,140,6,0,0,1256,2280,1256,0
2025-02-09,58,SKU03,Strong Beer 650ml,Beer,WH02,West DC,140,6,0,0,1252,2688,1252,0
2025-02-16,59,SKU03,Strong Beer 650ml,Beer,WH02,West DC,140,6,0,0,1164,1436,1164,0
2025-02-23,60,SKU03,Strong Beer 650ml,Beer,WH02,West DC,140,6,0,0,975,1936,975,0
2025-03-02,61,SKU03,Strong Beer 650ml,Beer,WH02,West DC,140,6,0,0,1219,2625,1219,0
2025-03-09,62,SKU03,Strong Beer 650ml,Beer,WH02,West DC,140,6,0,0,1561,1406,1406,1
2025-03-16,63,SKU03,Strong Beer 650ml,Beer,WH02,West DC,140,6,1,0,2181,1664,1664,1
2025-03-23,64,SKU03,Strong Beer 650ml,Beer,WH02,West DC,140,6,1,0,2382,1664,1664,1
2025-03-30,65,SKU03,Strong Beer 650ml,Beer,WH02,West DC,140,6,0,0,1134,1664,1134,0
2025-04-06,66,SKU03,Strong Beer 650ml,Beer,WH02,West DC,140,6,0,0,2065,2194,2065,0
2025-04-13,67,SKU03,Strong Beer 650ml,Beer,WH02,West DC,140,6,0,0,1212,1793,1212,0
2025-04-20,68,SKU03,Strong Beer 650ml,Beer,WH02,West DC,140,6,0,0,1611,2245,1611,0
2025-04-27,69,SKU03,Strong Beer 650ml,Beer,WH02,West DC,140,6,0,0,1199,2298,1199,0
2025-05-04,70,SKU03,Strong Beer 650ml,Beer,WH02,West DC,140,6,0,1,2149,2763,2149,0
2025-05-11,71,SKU03,Strong Beer 650ml,Beer,WH02,West DC,140,6,0,1,1714,2278,1714,0
2025-05-18,72,SKU03,Strong Beer 650ml,Beer,WH02,West DC,140,6,0,0,1493,2228,1493,0
2025-05-25,73,SKU03,Strong Beer 650ml,Beer,WH02,West DC,140,6,0,0,1582,2399,1582,0
2025-06-01,74,SKU03,Strong Beer 650ml,Beer,WH02,West DC,140,6,0,0,1670,2481,1670,0
2025-06-08,75,SKU03,Strong Beer 650ml,Beer,WH02,West DC,140,6,0,0,1495,2475,1495,0
2025-06-15,76,SKU03,Strong Beer 650ml,Beer,WH02,West DC,140,6,0,0,1565,2644,1565,0
2025-06-22,77,SKU03,Strong Beer 650ml,Beer,WH02,West DC,140,6,0,0,1581,2743,1581,0
2025-06-29,78,SKU03,Strong Beer 650ml,Beer,WH02,West DC,140,6,0,0,1544,2826,1544,0
2025-07-06,79,SKU03,Strong Beer 650ml,Beer,WH02,West DC,140,6,0,0,1276,1282,1276,0
2025-07-13,80,SKU03,Strong Beer 650ml,Beer,WH02,West DC,140,6,0,1,1538,1670,1538,0
2025-07-20,81,SKU03,Strong Beer 650ml,Beer,WH02,West DC,140,6,0,0,1361,1796,1361,0
2025-07-27,82,SKU03,Strong Beer 650ml,Beer,WH02,West DC,140,6,0,0,1357,2099,1357,0
2025-08-03,83,SKU03,Strong Beer 650ml,Beer,WH02,West DC,140,6,0,0,1048,2406,1048,0
2025-08-10,84,SKU03,Strong Beer 650ml,Beer,WH02,West DC,140,6,0,0,1116,1358,1116,0
2025-08-17,85,SKU03,Strong Beer 650ml,Beer,WH02,West DC,140,6,0,0,905,1906,905,0
2025-08-24,86,SKU03,Strong Beer 650ml,Beer,WH02,West DC,140,6,0,0,1111,2665,1111,0
2025-08-31,87,SKU03,Strong Beer 650ml,Beer,WH02,West DC,140,6,0,0,910,1554,910,0
2025-09-07,88,SKU03,Strong Beer 650ml,Beer,WH02,West DC,140,6,0,0,1082,2308,1082,0
2025-09-14,89,SKU03,Strong Beer 650ml,Beer,WH02,West DC,140,6,0,0,1007,2890,1007,0
2025-09-21,90,SKU03,Strong Beer 650ml,Beer,WH02,West DC,140,6,0,0,1043,1883,1043,0
2025-09-28,91,SKU03,Strong Beer 650ml,Beer,WH02,West DC,140,6,0,0,1338,2504,1338,0
2025-10-05,92,SKU03,Strong Beer 650ml,Beer,WH02,West DC,140,6,1,1,2234,2830,2234,0
2025-10-12,93,SKU03,Strong Beer 650ml,Beer,WH02,West DC,140,6,1,0,1978,2260,1978,0
2025-10-19,94,SKU03,Strong Beer 650ml,Beer,WH02,West DC,140,6,1,0,2158,1946,1946,1
2025-10-26,95,SKU03,Strong Beer 650ml,Beer,WH02,West DC,140,6,1,0,1599,1664,1599,0
2025-11-02,96,SKU03,Strong Beer 650ml,Beer,WH02,West DC,140,6,1,0,2042,1729,1729,1
2025-11-09,97,SKU03,Strong Beer 650ml,Beer,WH02,West DC,140,6,1,0,2140,1664,1664,1
2025-11-16,98,SKU03,Strong Beer 650ml,Beer,WH02,West DC,140,6,0,0,1010,1664,1010,0
2025-11-23,99,SKU03,Strong Beer 650ml,Beer,WH02,West DC,140,6,0,0,960,2318,960,0
2025-11-30,100,SKU03,Strong Beer 650ml,Beer,WH02,West DC,140,6,0,0,1269,1358,1269,0
2025-12-07,101,SKU03,Strong Beer 650ml,Beer,WH02,West DC,140,6,0,0,898,1753,898,0
2025-12-14,102,SKU03,Strong Beer 650ml,Beer,WH02,West DC,140,6,0,0,1107,2519,1107,0
2025-12-21,103,SKU03,Strong Beer 650ml,Beer,WH02,West DC,140,6,1,1,1871,1412,1412,1
2025-12-28,104,SKU03,Strong Beer 650ml,Beer,WH02,West DC,140,6,1,0,1260,1664,1260,0
2024-01-07,1,SKU04,Craft IPA 330ml,Beer,WH02,West DC,180,8,0,0,517,637,517,0
2024-01-14,2,SKU04,Craft IPA 330ml,Beer,WH02,West DC,180,8,0,0,493,848,493,0
2024-01-21,3,SKU04,Craft IPA 330ml,Beer,WH02,West DC,180,8,0,0,523,1083,523,0
2024-01-28,4,SKU04,Craft IPA 330ml,Beer,WH02,West DC,180,8,0,0,464,560,464,0
2024-02-04,5,SKU04,Craft IPA 330ml,Beer,WH02,West DC,180,8,0,0,392,824,392,0
2024-02-11,6,SKU04,Craft IPA 330ml,Beer,WH02,West DC,180,8,0,0,430,1160,430,0
2024-02-18,7,SKU04,Craft IPA 330ml,Beer,WH02,West DC,180,8,0,0,275,730,275,0
2024-02-25,8,SKU04,Craft IPA 330ml,Beer,WH02,West DC,180,8,0,0,378,1183,378,0
2024-03-03,9,SKU04,Craft IPA 330ml,Beer,WH02,West DC,180,8,0,0,511,805,511,0
2024-03-10,10,SKU04,Craft IPA 330ml,Beer,WH02,West DC,180,8,1,0,953,1022,953,0
2024-03-17,11,SKU04,Craft IPA 330ml,Beer,WH02,West DC,180,8,1,0,797,797,797,0
2024-03-24,12,SKU04,Craft IPA 330ml,Beer,WH02,West DC,180,8,1,0,883,728,728,1
2024-03-31,13,SKU04,Craft IPA 330ml,Beer,WH02,West DC,180,8,0,0,547,728,547,0
2024-04-07,14,SKU04,Craft IPA 330ml,Beer,WH02,West DC,180,8,0,0,530,909,530,0
2024-04-14,15,SKU04,Craft IPA 330ml,Beer,WH02,West DC,180,8,0,0,532,1107,532,0
2024-04-21,16,SKU04,Craft IPA 330ml,Beer,WH02,West DC,180,8,0,0,675,575,575,1
2024-04-28,17,SKU04,Craft IPA 330ml,Beer,WH02,West DC,180,8,0,0,559,728,559,0
2024-05-05,18,SKU04,Craft IPA 330ml,Beer,WH02,West DC,180,8,0,0,657,897,657,0
2024-05-12,19,SKU04,Craft IPA 330ml,Beer,WH02,West DC,180,8,0,0,559,968,559,0
2024-05-19,20,SKU04,Craft IPA 330ml,Beer,WH02,West DC,180,8,0,0,574,1137,574,0
2024-05-26,21,SKU04,Craft IPA 330ml,Beer,WH02,West DC,180,8,0,0,657,563,563,1
2024-06-02,22,SKU04,Craft IPA 330ml,Beer,WH02,West DC,180,8,0,0,615,728,615,0
2024-06-09,23,SKU04,Craft IPA 330ml,Beer,WH02,West DC,180,8,0,0,604,841,604,0
2024-06-16,24,SKU04,Craft IPA 330ml,Beer,WH02,West DC,180,8,0,0,555,965,555,0
2024-06-23,25,SKU04,Craft IPA 330ml,Beer,WH02,West DC,180,8,0,0,640,1138,640,0
2024-06-30,26,SKU04,Craft IPA 330ml,Beer,WH02,West DC,180,8,0,0,568,1226,568,0
2024-07-07,27,SKU04,Craft IPA 330ml,Beer,WH02,West DC,180,8,0,0,573,658,573,0
2024-07-14,28,SKU04,Craft IPA 330ml,Beer,WH02,West DC,180,8,0,0,476,813,476,0
2024-07-21,29,SKU04,Craft IPA 330ml,Beer,WH02,West DC,180,8,0,0,517,1065,517,0
2024-07-28,30,SKU04,Craft IPA 330ml,Beer,WH02,West DC,180,8,0,0,576,548,548,1
2024-08-04,31,SKU04,Craft IPA 330ml,Beer,WH02,West DC,180,8,0,1,610,728,610,0
2024-08-11,32,SKU04,Craft IPA 330ml,Beer,WH02,West DC,180,8,0,0,493,846,493,0
2024-08-18,33,SKU04,Craft IPA 330ml,Beer,WH02,West DC,180,8,0,0,464,1081,464,0
2024-08-25,34,SKU04,Craft IPA 330ml,Beer,WH02,West DC,180,8,0,0,405,617,405,0
2024-09-01,35,SKU04,Craft IPA 330ml,Beer,WH02,West DC,180,8,0,0,520,940,520,0
2024-09-08,36,SKU04,Craft IPA 330ml,Beer,WH02,West DC,180,8,0,1,590,1148,590,0
2024-09-15,37,SKU04,Craft IPA 330ml,Beer,WH02,West DC,180,8,0,0,437,558,437,0
2024-09-22,38,SKU04,Craft IPA 330ml,Beer,WH02,West DC,180,8,0,0,433,849,433,0
2024-09-29,39,SKU04,Craft IPA 330ml,Beer,WH02,West DC,180,8,0,0,566,1144,566,0
2024-10-06,40,SKU04,Craft IPA 330ml,Beer,WH02,West DC,180,8,1,0,835,578,578,1
2024-10-13,41,SKU04,Craft IPA 330ml,Beer,WH02,West DC,180,8,1,0,1057,728,728,1
2024-10-20,42,SKU04,Craft IPA 330ml,Beer,WH02,West DC,180,8,1,0,714,728,714,0
2024-10-27,43,SKU04,Craft IPA 330ml,Beer,WH02,West DC,180,8,1,0,980,742,742,1
2024-11-03,44,SKU04,Craft IPA 330ml,Beer,WH02,West DC,180,8,1,0,822,728,728,1
2024-11-10,45,SKU04,Craft IPA 330ml,Beer,WH02,West DC,180,8,1,1,999,728,728,1
2024-11-17,46,SKU04,Craft IPA 330ml,Beer,WH02,West DC,180,8,0,0,415,728,415,0
2024-11-24,47,SKU04,Craft IPA 330ml,Beer,WH02,West DC,180,8,0,0,481,1041,481,0
2024-12-01,48,SKU04,Craft IPA 330ml,Beer,WH02,West DC,180,8,0,0,531,560,531,0
2024-12-08,49,SKU04,Craft IPA 330ml,Beer,WH02,West DC,180,8,0,1,605,757,605,0
2024-12-15,50,SKU04,Craft IPA 330ml,Beer,WH02,West DC,180,8,0,0,451,880,451,0
2024-12-22,51,SKU04,Craft IPA 330ml,Beer,WH02,West DC,180,8,1,0,588,1157,588,0
2024-12-29,52,SKU04,Craft IPA 330ml,Beer,WH02,West DC,180,8,1,1,871,569,569,1
2025-01-05,53,SKU04,Craft IPA 330ml,Beer,WH02,West DC,180,8,0,0,497,728,497,0
2025-01-12,54,SKU04,Craft IPA 330ml,Beer,WH02,West DC,180,8,0,0,431,959,431,0
2025-01-19,55,SKU04,Craft IPA 330ml,Beer,WH02,West DC,180,8,0,0,554,1256,554,0
2025-01-26,56,SKU04,Craft IPA 330ml,Beer,WH02,West DC,180,8,0,0,456,702,456,0
2025-02-02,57,SKU04,Craft IPA 330ml,Beer,WH02,West DC,180,8,0,0,504,974,504,0
2025-02-09,58,SKU04,Craft IPA 330ml,Beer,WH02,West DC,180,8,0,0,459,1198,459,0
2025-02-16,59,SKU04,Craft IPA 330ml,Beer,WH02,West DC,180,8,0,0,529,739,529,0
2025-02-23,60,SKU04,Craft IPA 330ml,Beer,WH02,West DC,180,8,0,0,493,938,493,0
2025-03-02,61,SKU04,Craft IPA 330ml,Beer,WH02,West DC,180,8,0,1,829,1173,829,0
2025-03-09,62,SKU04,Craft IPA 330ml,Beer,WH02,West DC,180,8,0,0,570,1072,570,0
2025-03-16,63,SKU04,Craft IPA 330ml,Beer,WH02,West DC,180,8,1,0,952,1230,952,0
2025-03-23,64,SKU04,Craft IPA 330ml,Beer,WH02,West DC,180,8,1,0,920,1006,920,0
2025-03-30,65,SKU04,Craft IPA 330ml,Beer,WH02,West DC,180,8,0,0,483,814,483,0
2025-04-06,66,SKU04,Craft IPA 330ml,Beer,WH02,West DC,180,8,0,0,752,1059,752,0
2025-04-13,67,SKU04,Craft IPA 330ml,Beer,WH02,West DC,180,8,0,0,688,1035,688,0
2025-04-20,68,SKU04,Craft IPA 330ml,Beer,WH02,West DC,180,8,0,0,705,1075,705,0
2025-04-27,69,SKU04,Craft IPA 330ml,Beer,WH02,West DC,180,8,0,0,742,1098,742,0
2025-05-04,70,SKU04,Craft IPA 330ml,Beer,WH02,West DC,180,8,0,0,746,1084,746,0
2025-05-11,71,SKU04,Craft IPA 330ml,Beer,WH02,West DC,180,8,0,0,578,1066,578,0
2025-05-18,72,SKU04,Craft IPA 330ml,Beer,WH02,West DC,180,8,0,1,704,1216,704,0
2025-05-25,73,SKU04,Craft IPA 330ml,Beer,WH02,West DC,180,8,0,0,600,1240,600,0
2025-06-01,74,SKU04,Craft IPA 330ml,Beer,WH02,West DC,180,8,0,0,566,640,566,0
2025-06-08,75,SKU04,Craft IPA 330ml,Beer,WH02,West DC,180,8,0,0,630,802,630,0
2025-06-15,76,SKU04,Craft IPA 330ml,Beer,WH02,West DC,180,8,0,0,575,900,575,0
2025-06-22,77,SKU04,Craft IPA 330ml,Beer,WH02,West DC,180,8,0,1,726,1053,726,0
2025-06-29,78,SKU04,Craft IPA 330ml,Beer,WH02,West DC,180,8,0,0,693,1055,693,0
2025-07-06,79,SKU04,Craft IPA 330ml,Beer,WH02,West DC,180,8,0,0,458,1090,458,0
2025-07-13,80,SKU04,Craft IPA 330ml,Beer,WH02,West DC,180,8,0,0,572,632,572,0
2025-07-20,81,SKU04,Craft IPA 330ml,Beer,WH02,West DC,180,8,0,0,629,788,629,0
2025-07-27,82,SKU04,Craft IPA 330ml,Beer,WH02,West DC,180,8,0,0,629,887,629,0
2025-08-03,83,SKU04,Craft IPA 330ml,Beer,WH02,West DC,180,8,0,0,532,986,532,0
2025-08-10,84,SKU04,Craft IPA 330ml,Beer,WH02,West DC,180,8,0,1,676,1182,676,0
2025-08-17,85,SKU04,Craft IPA 330ml,Beer,WH02,West DC,180,8,0,1,672,1234,672,0
2025-08-24,86,SKU04,Craft IPA 330ml,Beer,WH02,West DC,180,8,0,0,433,562,433,0
2025-08-31,87,SKU04,Craft IPA 330ml,Beer,WH02,West DC,180,8,0,0,484,857,484,0
2025-09-07,88,SKU04,Craft IPA 330ml,Beer,WH02,West DC,180,8,0,0,537,1101,537,0
2025-09-14,89,SKU04,Craft IPA 330ml,Beer,WH02,West DC,180,8,0,0,471,564,471,0
2025-09-21,90,SKU04,Craft IPA 330ml,Beer,WH02,West DC,180,8,0,0,472,821,472,0
2025-09-28,91,SKU04,Craft IPA 330ml,Beer,WH02,West DC,180,8,0,0,517,1077,517,0
2025-10-05,92,SKU04,Craft IPA 330ml,Beer,WH02,West DC,180,8,1,0,1092,560,560,1
2025-10-12,93,SKU04,Craft IPA 330ml,Beer,WH02,West DC,180,8,1,0,992,728,728,1
2025-10-19,94,SKU04,Craft IPA 330ml,Beer,WH02,West DC,180,8,1,0,731,728,728,1
2025-10-26,95,SKU04,Craft IPA 330ml,Beer,WH02,West DC,180,8,1,0,922,728,728,1
2025-11-02,96,SKU04,Craft IPA 330ml,Beer,WH02,West DC,180,8,1,0,800,728,728,1
2025-11-09,97,SKU04,Craft IPA 330ml,Beer,WH02,West DC,180,8,1,0,1004,728,728,1
2025-11-16,98,SKU04,Craft IPA 330ml,Beer,WH02,West DC,180,8,0,0,582,728,582,0
2025-11-23,99,SKU04,Craft IPA 330ml,Beer,WH02,West DC,180,8,0,0,623,874,623,0
2025-11-30,100,SKU04,Craft IPA 330ml,Beer,WH02,West DC,180,8,0,0,557,979,557,0
2025-12-07,101,SKU04,Craft IPA 330ml,Beer,WH02,West DC,180,8,0,0,536,1150,536,0
2025-12-14,102,SKU04,Craft IPA 330ml,Beer,WH02,West DC,180,8,0,0,539,614,539,0
2025-12-21,103,SKU04,Craft IPA 330ml,Beer,WH02,West DC,180,8,1,0,669,803,669,0
2025-12-28,104,SKU04,Craft IPA 330ml,Beer,WH02,West DC,180,8,1,0,755,862,755,0
2024-01-07,1,SKU05,Premium Lager 500ml,Beer,WH02,West DC,150,6,0,0,1059,1456,1059,0
2024-01-14,2,SKU05,Premium Lager 500ml,Beer,WH02,West DC,150,6,0,0,956,2061,956,0
2024-01-21,3,SKU05,Premium Lager 500ml,Beer,WH02,West DC,150,6,0,1,1369,2769,1369,0
2024-01-28,4,SKU05,Premium Lager 500ml,Beer,WH02,West DC,150,6,0,0,1304,1400,1304,0
2024-02-04,5,SKU05,Premium Lager 500ml,Beer,WH02,West DC,150,6,0,0,826,1760,826,0
2024-02-11,6,SKU05,Premium Lager 500ml,Beer,WH02,West DC,150,6,0,0,1119,2598,1119,0
2024-02-18,7,SKU05,Premium Lager 500ml,Beer,WH02,West DC,150,6,0,0,1039,1479,1039,0
2024-02-25,8,SKU05,Premium Lager 500ml,Beer,WH02,West DC,150,6,0,0,1105,2104,1105,0
2024-03-03,9,SKU05,Premium Lager 500ml,Beer,WH02,West DC,150,6,0,1,1532,2663,1532,0
2024-03-10,10,SKU05,Premium Lager 500ml,Beer,WH02,West DC,150,6,1,0,1864,2795,1864,0
2024-03-17,11,SKU05,Premium Lager 500ml,Beer,WH02,West DC,150,6,1,0,1607,2595,1607,0
2024-03-24,12,SKU05,Premium Lager 500ml,Beer,WH02,West DC,150,6,1,0,2090,2652,2090,0
2024-03-31,13,SKU05,Premium Lager 500ml,Beer,WH02,West DC,150,6,0,0,1275,2226,1275,0
2024-04-07,14,SKU05,Premium Lager 500ml,Beer,WH02,West DC,150,6,0,0,1499,2615,1499,0
2024-04-14,15,SKU05,Premium Lager 500ml,Beer,WH02,West DC,150,6,0,0,1624,2780,1624,0
2024-04-21,16,SKU05,Premium Lager 500ml,Beer,WH02,West DC,150,6,0,0,1340,2820,1340,0
2024-04-28,17,SKU05,Premium Lager 500ml,Beer,WH02,West DC,150,6,0,0,1418,1480,1418,0
2024-05-05,18,SKU05,Premium Lager 500ml,Beer,WH02,West DC,150,6,0,0,1286,1726,1286,0
2024-05-12,19,SKU05,Premium Lager 500ml,Beer,WH02,West DC,150,6,0,0,1338,2104,1338,0
2024-05-19,20,SKU05,Premium Lager 500ml,Beer,WH02,West DC,150,6,0,0,1211,2430,1211,0
2024-05-26,21,SKU05,Premium Lager 500ml,Beer,WH02,West DC,150,6,0,0,1300,2883,1300,0
2024-06-02,22,SKU05,Premium Lager 500ml,Beer,WH02,West DC,150,6,0,0,1052,1583,1052,0
2024-06-09,23,SKU05,Premium Lager 500ml,Beer,WH02,West DC,150,6,0,0,1498,2195,1498,0
2024-06-16,24,SKU05,Premium Lager 500ml,Beer,WH02,West DC,150,6,0,1,2225,2361,2225,0
2024-06-23,25,SKU05,Premium Lager 500ml,Beer,WH02,West DC,150,6,0,0,1245,1800,1245,0
2024-06-30,26,SKU05,Premium Lager 500ml,Beer,WH02,West DC,150,6,0,0,1391,2219,1391,0
2024-07-07,27,SKU05,Premium Lager 500ml,Beer,WH02,West DC,150,6,0,0,1487,2492,1487,0
2024-07-14,28,SKU05,Premium Lager 500ml,Beer,WH02,West DC,150,6,0,1,1634,2669,1634,0
2024-07-21,29,SKU05,Premium Lager 500ml,Beer,WH02,West DC,150,6,0,0,1275,2699,1275,0
2024-07-28,30,SKU05,Premium Lager 500ml,Beer,WH02,West DC,150,6,0,0,1102,1424,1102,0
2024-08-04,31,SKU05,Premium Lager 500ml,Beer,WH02,West DC,150,6,0,0,1048,1986,1048,0
2024-08-11,32,SKU05,Premium Lager 500ml,Beer,WH02,West DC,150,6,0,0,996,2602,996,0
2024-08-18,33,SKU05,Premium Lager 500ml,Beer,WH02,West DC,150,6,0,0,1131,1606,1131,0
2024-08-25,34,SKU05,Premium Lager 500ml,Beer,WH02,West DC,150,6,0,0,1135,2139,1135,0
2024-09-01,35,SKU05,Premium Lager 500ml,Beer,WH02,West DC,150,6,0,0,1021,2668,1021,0
2024-09-08,36,SKU05,Premium Lager 500ml,Beer,WH02,West DC,150,6,0,0,1045,1647,1045,0
2024-09-15,37,SKU05,Premium Lager 500ml,Beer,WH02,West DC,150,6,0,0,1234,2266,1234,0
2024-09-22,38,SKU05,Premium Lager 500ml,Beer,WH02,West DC,150,6,0,1,1565,2696,1565,0
2024-09-29,39,SKU05,Premium Lager 500ml,Beer,WH02,West DC,150,6,0,0,1037,2795,1037,0
2024-10-06,40,SKU05,Premium Lager 500ml,Beer,WH02,West DC,150,6,1,0,1875,1758,1758,1
2024-10-13,41,SKU05,Premium Lager 500ml,Beer,WH02,West DC,150,6,1,1,2096,1664,1664,1
2024-10-20,42,SKU05,Premium Lager 500ml,Beer,WH02,West DC,150,6,1,0,1893,1664,1664,1
2024-10-27,43,SKU05,Premium Lager 500ml,Beer,WH02,West DC,150,6,1,0,1967,1664,1664,1
2024-11-03,44,SKU05,Premium Lager 500ml,Beer,WH02,West DC,150,6,1,0,1594,1664,1594,0
2024-11-10,45,SKU05,Premium Lager 500ml,Beer,WH02,West DC,150,6,1,0,2051,1734,1734,1
2024-11-17,46,SKU05,Premium Lager 500ml,Beer,WH02,West DC,150,6,0,0,1061,1664,1061,0
2024-11-24,47,SKU05,Premium Lager 500ml,Beer,WH02,West DC,150,6,0,0,1276,2267,1276,0
2024-12-01,48,SKU05,Premium Lager 500ml,Beer,WH02,West DC,150,6,0,0,1285,2655,1285,0
2024-12-08,49,SKU05,Premium Lager 500ml,Beer,WH02,West DC,150,6,0,0,1360,1370,1360,0
2024-12-15,50,SKU05,Premium Lager 500ml,Beer,WH02,West DC,150,6,0,0,1146,1674,1146,0
2024-12-22,51,SKU05,Premium Lager 500ml,Beer,WH02,West DC,150,6,1,0,1592,2192,1592,0
2024-12-29,52,SKU05,Premium Lager 500ml,Beer,WH02,West DC,150,6,1,0,1707,2264,1707,0
2025-01-05,53,SKU05,Premium Lager 500ml,Beer,WH02,West DC,150,6,0,0,1072,2221,1072,0
2025-01-12,54,SKU05,Premium Lager 500ml,Beer,WH02,West DC,150,6,0,0,1259,2813,1259,0
2025-01-19,55,SKU05,Premium Lager 500ml,Beer,WH02,West DC,150,6,0,0,1192,1554,1192,0
2025-01-26,56,SKU05,Premium Lager 500ml,Beer,WH02,West DC,150,6,0,0,1044,2026,1044,0
2025-02-02,57,SKU05,Premium Lager 500ml,Beer,WH02,West DC,150,6,0,0,1197,2646,1197,0
2025-02-09,58,SKU05,Premium Lager 500ml,Beer,WH02,West DC,150,6,0,0,874,1449,874,0
2025-02-16,59,SKU05,Premium Lager 500ml,Beer,WH02,West DC,150,6,0,1,1639,2239,1639,0
2025-02-23,60,SKU05,Premium Lager 500ml,Beer,WH02,West DC,150,6,0,0,1019,2264,1019,0
2025-03-02,61,SKU05,Premium Lager 500ml,Beer,WH02,West DC,150,6,0,0,1486,2909,1486,0
2025-03-09,62,SKU05,Premium Lager 500ml,Beer,WH02,West DC,150,6,0,0,1208,1423,1208,0
2025-03-16,63,SKU05,Premium Lager 500ml,Beer,WH02,West DC,150,6,1,0,2070,1879,1879,1
2025-03-23,64,SKU05,Premium Lager 500ml,Beer,WH02,West DC,150,6,1,0,1971,1664,1664,1
2025-03-30,65,SKU05,Premium Lager 500ml,Beer,WH02,West DC,150,6,0,0,1354,1664,1354,0
2025-04-06,66,SKU05,Premium Lager 500ml,Beer,WH02,West DC,150,6,0,0,1302,1974,1302,0
2025-04-13,67,SKU05,Premium Lager 500ml,Beer,WH02,West DC,150,6,0,0,1104,2336,1104,0
2025-04-20,68,SKU05,Premium Lager 500ml,Beer,WH02,West DC,150,6,0,0,1743,2896,1743,0
2025-04-27,69,SKU05,Premium Lager 500ml,Beer,WH02,West DC,150,6,0,0,1787,2817,1787,0
2025-05-04,70,SKU05,Premium Lager 500ml,Beer,WH02,West DC,150,6,0,0,1430,2694,1430,0
2025-05-11,71,SKU05,Premium Lager 500ml,Beer,WH02,West DC,150,6,0,0,1365,1264,1264,1
2025-05-18,72,SKU05,Premium Lager 500ml,Beer,WH02,West DC,150,6,0,1,1849,1664,1664,1
2025-05-25,73,SKU05,Premium Lager 500ml,Beer,WH02,West DC,150,6,0,0,1315,1664,1315,0
2025-06-01,74,SKU05,Premium Lager 500ml,Beer,WH02,West DC,150,6,0,0,1586,2013,1586,0
2025-06-08,75,SKU05,Premium Lager 500ml,Beer,WH02,West DC,150,6,0,1,1821,2091,1821,0
2025-06-15,76,SKU05,Premium Lager 500ml,Beer,WH02,West DC,150,6,0,0,1434,1934,1434,0
2025-06-22,77,SKU05,Premium Lager 500ml,Beer,WH02,West DC,150,6,0,0,1419,2164,1419,0
2025-06-29,78,SKU05,Premium Lager 500ml,Beer,WH02,West DC,150,6,0,1,1888,2409,1888,0
2025-07-06,79,SKU05,Premium Lager 500ml,Beer,WH02,West DC,150,6,0,0,1249,2185,1249,0
2025-07-13,80,SKU05,Premium Lager 500ml,Beer,WH02,West DC,150,6,0,0,1293,2600,1293,0
2025-07-20,81,SKU05,Premium Lager 500ml,Beer,WH02,West DC,150,6,0,1,1502,1307,1307,1
2025-07-27,82,SKU05,Premium Lager 500ml,Beer,WH02,West DC,150,6,0,1,1833,1664,1664,1
2025-08-03,83,SKU05,Premium Lager 500ml,Beer,WH02,West DC,150,6,0,0,1186,1664,1186,0
2025-08-10,84,SKU05,Premium Lager 500ml,Beer,WH02,West DC,150,6,0,0,1130,2142,1130,0
2025-08-17,85,SKU05,Premium Lager 500ml,Beer,WH02,West DC,150,6,0,0,1002,2676,1002,0
2025-08-24,86,SKU05,Premium Lager 500ml,Beer,WH02,West DC,150,6,0,0,1271,1674,1271,0
2025-08-31,87,SKU05,Premium Lager 500ml,Beer,WH02,West DC,150,6,0,0,1058,2067,1058,0
2025-09-07,88,SKU05,Premium Lager 500ml,Beer,WH02,West DC,150,6,0,0,1155,2673,1155,0
2025-09-14,89,SKU05,Premium Lager 500ml,Beer,WH02,West DC,150,6,0,0,1065,1518,1065,0
2025-09-21,90,SKU05,Premium Lager 500ml,Beer,WH02,West DC,150,6,0,0,1238,2117,1238,0
2025-09-28,91,SKU05,Premium Lager 500ml,Beer,WH02,West DC,150,6,0,0,875,2543,875,0
2025-10-05,92,SKU05,Premium Lager 500ml,Beer,WH02,West DC,150,6,1,0,1919,1668,1668,1
2025-10-12,93,SKU05,Premium Lager 500ml,Beer,WH02,West DC,150,6,1,0,2241,1664,1664,1
2025-10-19,94,SKU05,Premium Lager 500ml,Beer,WH02,West DC,150,6,1,1,2352,1664,1664,1
2025-10-26,95,SKU05,Premium Lager 500ml,Beer,WH02,West DC,150,6,1,0,1595,1664,1595,0
2025-11-02,96,SKU05,Premium Lager 500ml,Beer,WH02,West DC,150,6,1,0,1911,1733,1733,1
2025-11-09,97,SKU05,Premium Lager 500ml,Beer,WH02,West DC,150,6,1,0,2144,1664,1664,1
2025-11-16,98,SKU05,Premium Lager 500ml,Beer,WH02,West DC,150,6,0,0,993,1664,993,0
2025-11-23,99,SKU05,Premium Lager 500ml,Beer,WH02,West DC,150,6,0,0,1135,2335,1135,0
2025-11-30,100,SKU05,Premium Lager 500ml,Beer,WH02,West DC,150,6,0,0,1136,2864,1136,0
2025-12-07,101,SKU05,Premium Lager 500ml,Beer,WH02,West DC,150,6,0,0,1398,1728,1398,0
2025-12-14,102,SKU05,Premium Lager 500ml,Beer,WH02,West DC,150,6,0,1,1302,1994,1302,0
2025-12-21,103,SKU05,Premium Lager 500ml,Beer,WH02,West DC,150,6,1,1,2592,2356,2356,1
2025-12-28,104,SKU05,Premium Lager 500ml,Beer,WH02,West DC,150,6,1,0,1567,1664,1567,0
2024-01-07,1,SKU06,Malt Drink 300ml,Non-Alcoholic,WH02,West DC,40,4,0,0,1105,1456,1105,0
2024-01-14,2,SKU06,Malt Drink 300ml,Non-Alcoholic,WH02,West DC,40,4,0,0,1001,2015,1001,0
2024-01-21,3,SKU06,Malt Drink 300ml,Non-Alcoholic,WH02,West DC,40,4,0,0,984,2678,984,0
2024-01-28,4,SKU06,Malt Drink 300ml,Non-Alcoholic,WH02,West DC,40,4,0,0,865,1694,865,0
2024-02-04,5,SKU06,Malt Drink 300ml,Non-Alcoholic,WH02,West DC,40,4,0,0,1110,2493,1110,0
2024-02-11,6,SKU06,Malt Drink 300ml,Non-Alcoholic,WH02,West DC,40,4,0,0,1168,1383,1168,0
2024-02-18,7,SKU06,Malt Drink 300ml,Non-Alcoholic,WH02,West DC,40,4,0,0,1108,1879,1108,0
2024-02-25,8,SKU06,Malt Drink 300ml,Non-Alcoholic,WH02,West DC,40,4,0,0,961,2435,961,0
2024-03-03,9,SKU06,Malt Drink 300ml,Non-Alcoholic,WH02,West DC,40,4,0,0,1153,1474,1153,0
2024-03-10,10,SKU06,Malt Drink 300ml,Non-Alcoholic,WH02,West DC,40,4,1,0,1886,1985,1886,0
2024-03-17,11,SKU06,Malt Drink 300ml,Non-Alcoholic,WH02,West DC,40,4,1,0,2076,1763,1763,1
2024-03-24,12,SKU06,Malt Drink 300ml,Non-Alcoholic,WH02,West DC,40,4,1,0,2198,1664,1664,1
2024-03-31,13,SKU06,Malt Drink 300ml,Non-Alcoholic,WH02,West DC,40,4,0,0,1172,1664,1172,0
2024-04-07,14,SKU06,Malt Drink 300ml,Non-Alcoholic,WH02,West DC,40,4,0,0,1113,2156,1113,0
2024-04-14,15,SKU06,Malt Drink 300ml,Non-Alcoholic,WH02,West DC,40,4,0,0,1113,2707,1113,0
2024-04-21,16,SKU06,Malt Drink 300ml,Non-Alcoholic,WH02,West DC,40,4,0,0,1294,1594,1294,0
2024-04-28,17,SKU06,Malt Drink 300ml,Non-Alcoholic,WH02,West DC,40,4,0,0,1589,1964,1589,0
2024-05-05,18,SKU06,Malt Drink 300ml,Non-Alcoholic,WH02,West DC,40,4,0,0,1525,2039,1525,0
2024-05-12,19,SKU06,Malt Drink 300ml,Non-Alcoholic,WH02,West DC,40,4,0,0,1548,2178,1548,0
2024-05-19,20,SKU06,Malt Drink 300ml,Non-Alcoholic,WH02,West DC,40,4,0,0,1310,2294,1310,0
2024-05-26,21,SKU06,Malt Drink 300ml,Non-Alcoholic,WH02,West DC,40,4,0,0,1359,2648,1359,0
2024-06-02,22,SKU06,Malt Drink 300ml,Non-Alcoholic,WH02,West DC,40,4,0,0,1593,1289,1289,1
2024-06-09,23,SKU06,Malt Drink 300ml,Non-Alcoholic,WH02,West DC,40,4,0,0,1720,1664,1664,1
2024-06-16,24,SKU06,Malt Drink 300ml,Non-Alcoholic,WH02,West DC,40,4,0,0,1600,1664,1600,0
2024-06-23,25,SKU06,Malt Drink 300ml,Non-Alcoholic,WH02,West DC,40,4,0,0,1602,1728,1602,0
2024-06-30,26,SKU06,Malt Drink 300ml,Non-Alcoholic,WH02,West DC,40,4,0,0,1312,1790,1312,0
2024-07-07,27,SKU06,Malt Drink 300ml,Non-Alcoholic,WH02,West DC,40,4,0,0,1324,2142,1324,0
2024-07-14,28,SKU06,Malt Drink 300ml,Non-Alcoholic,WH02,West DC,40,4,0,0,1039,2482,1039,0
2024-07-21,29,SKU06,Malt Drink 300ml,Non-Alcoholic,WH02,West DC,40,4,0,0,1394,1443,1394,0
2024-07-28,30,SKU06,Malt Drink 300ml,Non-Alcoholic,WH02,West DC,40,4,0,1,1606,1713,1606,0
2024-08-04,31,SKU06,Malt Drink 300ml,Non-Alcoholic,WH02,West DC,40,4,0,0,1039,1771,1039,0
2024-08-11,32,SKU06,Malt Drink 300ml,Non-Alcoholic,WH02,West DC,40,4,0,0,804,2396,804,0
2024-08-18,33,SKU06,Malt Drink 300ml,Non-Alcoholic,WH02,West DC,40,4,0,0,1038,1592,1038,0
2024-08-25,34,SKU06,Malt Drink 300ml,Non-Alcoholic,WH02,West DC,40,4,0,0,1077,2218,1077,0
2024-09-01,35,SKU06,Malt Drink 300ml,Non-Alcoholic,WH02,West DC,40,4,0,0,1091,2805,1091,0
2024-09-08,36,SKU06,Malt Drink 300ml,Non-Alcoholic,WH02,West DC,40,4,0,0,1047,1714,1047,0
2024-09-15,37,SKU06,Malt Drink 300ml,Non-Alcoholic,WH02,West DC,40,4,0,0,1013,2331,1013,0
2024-09-22,38,SKU06,Malt Drink 300ml,Non-Alcoholic,WH02,West DC,40,4,0,0,972,1318,972,0
2024-09-29,39,SKU06,Malt Drink 300ml,Non-Alcoholic,WH02,West DC,40,4,0,0,1297,2010,1297,0
2024-10-06,40,SKU06,Malt Drink 300ml,Non-Alcoholic,WH02,West DC,40,4,1,0,2415,2377,2377,1
2024-10-13,41,SKU06,Malt Drink 300ml,Non-Alcoholic,WH02,West DC,40,4,1,1,2507,1664,1664,1
2024-10-20,42,SKU06,Malt Drink 300ml,Non-Alcoholic,WH02,West DC,40,4,1,0,1774,1664,1664,1
2024-10-27,43,SKU06,Malt Drink 300ml,Non-Alcoholic,WH02,West DC,40,4,1,0,1712,1664,1664,1
2024-11-03,44,SKU06,Malt Drink 300ml,Non-Alcoholic,WH02,West DC,40,4,1,0,1900,1664,1664,1
2024-11-10,45,SKU06,Malt Drink 300ml,Non-Alcoholic,WH02,West DC,40,4,1,0,2417,1664,1664,1
2024-11-17,46,SKU06,Malt Drink 300ml,Non-Alcoholic,WH02,West DC,40,4,0,0,1127,1664,1127,0
2024-11-24,47,SKU06,Malt Drink 300ml,Non-Alcoholic,WH02,West DC,40,4,0,0,1251,2201,1251,0
2024-12-01,48,SKU06,Malt Drink 300ml,Non-Alcoholic,WH02,West DC,40,4,0,0,1250,2614,1250,0
2024-12-08,49,SKU06,Malt Drink 300ml,Non-Alcoholic,WH02,West DC,40,4,0,0,1184,1364,1184,0
2024-12-15,50,SKU06,Malt Drink 300ml,Non-Alcoholic,WH02,West DC,40,4,0,0,949,1844,949,0
2024-12-22,51,SKU06,Malt Drink 300ml,Non-Alcoholic,WH02,West DC,40,4,1,0,1882,2559,1882,0
2024-12-29,52,SKU06,Malt Drink 300ml,Non-Alcoholic,WH02,West DC,40,4,1,0,1406,2341,1406,0
2025-01-05,53,SKU06,Malt Drink 300ml,Non-Alcoholic,WH02,West DC,40,4,0,0,1002,2599,1002,0
2025-01-12,54,SKU06,Malt Drink 300ml,Non-Alcoholic,WH02,West DC,40,4,0,0,1142,1597,1142,0
2025-01-19,55,SKU06,Malt Drink 300ml,Non-Alcoholic,WH02,West DC,40,4,0,0,1055,2119,1055,0
2025-01-26,56,SKU06,Malt Drink 300ml,Non-Alcoholic,WH02,West DC,40,4,0,1,1429,2728,1429,0
2025-02-02,57,SKU06,Malt Drink 300ml,Non-Alcoholic,WH02,West DC,40,4,0,0,935,1299,935,0
2025-02-09,58,SKU06,Malt Drink 300ml,Non-Alcoholic,WH02,West DC,40,4,0,1,1260,2028,1260,0
2025-02-16,59,SKU06,Malt Drink 300ml,Non-Alcoholic,WH02,West DC,40,4,0,0,1191,2432,1191,0
2025-02-23,60,SKU06,Malt Drink 300ml,Non-Alcoholic,WH02,West DC,40,4,0,0,1480,2905,1480,0
2025-03-02,61,SKU06,Malt Drink 300ml,Non-Alcoholic,WH02,West DC,40,4,0,0,1497,1425,1425,1
2025-03-09,62,SKU06,Malt Drink 300ml,Non-Alcoholic,WH02,West DC,40,4,0,0,1037,1664,1037,0
2025-03-16,63,SKU06,Malt Drink 300ml,Non-Alcoholic,WH02,West DC,40,4,1,0,1982,2291,1982,0
2025-03-23,64,SKU06,Malt Drink 300ml,Non-Alcoholic,WH02,West DC,40,4,1,0,1901,1973,1901,0
2025-03-30,65,SKU06,Malt Drink 300ml,Non-Alcoholic,WH02,West DC,40,4,0,0,1280,1736,1280,0
2025-04-06,66,SKU06,Malt Drink 300ml,Non-Alcoholic,WH02,West DC,40,4,0,0,1560,2120,1560,0
2025-04-13,67,SKU06,Malt Drink 300ml,Non-Alcoholic,WH02,West DC,40,4,0,0,1410,2224,1410,0
2025-04-20,68,SKU06,Malt Drink 300ml,Non-Alcoholic,WH02,West DC,40,4,0,0,1698,2478,1698,0
2025-04-27,69,SKU06,Malt Drink 300ml,Non-Alcoholic,WH02,West DC,40,4,0,0,1735,2444,1735,0
2025-05-04,70,SKU06,Malt Drink 300ml,Non-Alcoholic,WH02,West DC,40,4,0,0,1725,2373,1725,0
2025-05-11,71,SKU06,Malt Drink 300ml,Non-Alcoholic,WH02,West DC,40,4,0,0,1351,2312,1351,0
2025-05-18,72,SKU06,Malt Drink 300ml,Non-Alcoholic,WH02,West DC,40,4,0,0,1580,2625,1580,0
2025-05-25,73,SKU06,Malt Drink 300ml,Non-Alcoholic,WH02,West DC,40,4,0,0,1711,2709,1711,0
2025-06-01,74,SKU06,Malt Drink 300ml,Non-Alcoholic,WH02,West DC,40,4,0,0,1673,2662,1673,0
2025-06-08,75,SKU06,Malt Drink 300ml,Non-Alcoholic,WH02,West DC,40,4,0,0,1661,2653,1661,0
2025-06-15,76,SKU06,Malt Drink 300ml,Non-Alcoholic,WH02,West DC,40,4,0,0,1790,2656,1790,0
2025-06-22,77,SKU06,Malt Drink 300ml,Non-Alcoholic,WH02,West DC,40,4,0,1,1805,2530,1805,0
2025-06-29,78,SKU06,Malt Drink 300ml,Non-Alcoholic,WH02,West DC,40,4,0,0,1211,2389,1211,0
2025-07-06,79,SKU06,Malt Drink 300ml,Non-Alcoholic,WH02,West DC,40,4,0,0,1258,2842,1258,0
2025-07-13,80,SKU06,Malt Drink 300ml,Non-Alcoholic,WH02,West DC,40,4,0,0,1268,1584,1268,0
2025-07-20,81,SKU06,Malt Drink 300ml,Non-Alcoholic,WH02,West DC,40,4,0,0,1708,1980,1708,0
2025-07-27,82,SKU06,Malt Drink 300ml,Non-Alcoholic,WH02,West DC,40,4,0,0,1208,1936,1208,0
2025-08-03,83,SKU06,Malt Drink 300ml,Non-Alcoholic,WH02,West DC,40,4,0,0,1301,2392,1301,0
2025-08-10,84,SKU06,Malt Drink 300ml,Non-Alcoholic,WH02,West DC,40,4,0,0,1452,2755,1452,0
2025-08-17,85,SKU06,Malt Drink 300ml,Non-Alcoholic,WH02,West DC,40,4,0,0,1412,1303,1303,1
2025-08-24,86,SKU06,Malt Drink 300ml,Non-Alcoholic,WH02,West DC,40,4,0,0,1140,1664,1140,0
2025-08-31,87,SKU06,Malt Drink 300ml,Non-Alcoholic,WH02,West DC,40,4,0,0,1259,2188,1259,0
2025-09-07,88,SKU06,Malt Drink 300ml,Non-Alcoholic,WH02,West DC,40,4,0,0,1178,2593,1178,0
2025-09-14,89,SKU06,Malt Drink 300ml,Non-Alcoholic,WH02,West DC,40,4,0,0,1036,1415,1036,0
2025-09-21,90,SKU06,Malt Drink 300ml,Non-Alcoholic,WH02,West DC,40,4,0,0,1336,2043,1336,0
2025-09-28,91,SKU06,Malt Drink 300ml,Non-Alcoholic,WH02,West DC,40,4,0,0,1232,2371,1232,0
2025-10-05,92,SKU06,Malt Drink 300ml,Non-Alcoholic,WH02,West DC,40,4,1,0,1842,2803,1842,0
2025-10-12,93,SKU06,Malt Drink 300ml,Non-Alcoholic,WH02,West DC,40,4,1,0,1980,2625,1980,0
2025-10-19,94,SKU06,Malt Drink 300ml,Non-Alcoholic,WH02,West DC,40,4,1,0,2036,2309,2036,0
2025-10-26,95,SKU06,Malt Drink 300ml,Non-Alcoholic,WH02,West DC,40,4,1,0,2382,1937,1937,1
2025-11-02,96,SKU06,Malt Drink 300ml,Non-Alcoholic,WH02,West DC,40,4,1,0,1786,1664,1664,1
2025-11-09,97,SKU06,Malt Drink 300ml,Non-Alcoholic,WH02,West DC,40,4,1,0,1518,1664,1518,0
2025-11-16,98,SKU06,Malt Drink 300ml,Non-Alcoholic,WH02,West DC,40,4,0,0,994,1810,994,0
2025-11-23,99,SKU06,Malt Drink 300ml,Non-Alcoholic,WH02,West DC,40,4,0,0,1189,2480,1189,0
2025-11-30,100,SKU06,Malt Drink 300ml,Non-Alcoholic,WH02,West DC,40,4,0,0,1024,1291,1024,0
2025-12-07,101,SKU06,Malt Drink 300ml,Non-Alcoholic,WH02,West DC,40,4,0,0,1136,1931,1136,0
2025-12-14,102,SKU06,Malt Drink 300ml,Non-Alcoholic,WH02,West DC,40,4,0,0,1093,2459,1093,0
2025-12-21,103,SKU06,Malt Drink 300ml,Non-Alcoholic,WH02,West DC,40,4,1,0,1313,1366,1313,0
2025-12-28,104,SKU06,Malt Drink 300ml,Non-Alcoholic,WH02,West DC,40,4,1,0,1603,1717,1603,0
2024-01-07,1,SKU07,Soda Mixer 250ml,Non-Alcoholic,WH02,West DC,30,4,0,0,443,637,443,0
2024-01-14,2,SKU07,Soda Mixer 250ml,Non-Alcoholic,WH02,West DC,30,4,0,0,508,922,508,0
2024-01-21,3,SKU07,Soda Mixer 250ml,Non-Alcoholic,WH02,West DC,30,4,0,0,565,1142,565,0
2024-01-28,4,SKU07,Soda Mixer 250ml,Non-Alcoholic,WH02,West DC,30,4,0,1,517,577,517,0
2024-02-04,5,SKU07,Soda Mixer 250ml,Non-Alcoholic,WH02,West DC,30,4,0,0,467,788,467,0
2024-02-11,6,SKU07,Soda Mixer 250ml,Non-Alcoholic,WH02,West DC,30,4,0,0,486,1049,486,0
2024-02-18,7,SKU07,Soda Mixer 250ml,Non-Alcoholic,WH02,West DC,30,4,0,0,593,563,563,1
2024-02-25,8,SKU07,Soda Mixer 250ml,Non-Alcoholic,WH02,West DC,30,4,0,0,429,728,429,0
2024-03-03,9,SKU07,Soda Mixer 250ml,Non-Alcoholic,WH02,West DC,30,4,0,0,475,1027,475,0
2024-03-10,10,SKU07,Soda Mixer 250ml,Non-Alcoholic,WH02,West DC,30,4,1,0,809,552,552,1
2024-03-17,11,SKU07,Soda Mixer 250ml,Non-Alcoholic,WH02,West DC,30,4,1,0,762,728,728,1
2024-03-24,12,SKU07,Soda Mixer 250ml,Non-Alcoholic,WH02,West DC,30,4,1,1,1146,728,728,1
2024-03-31,13,SKU07,Soda Mixer 250ml,Non-Alcoholic,WH02,West DC,30,4,0,0,594,728,594,0
2024-04-07,14,SKU07,Soda Mixer 250ml,Non-Alcoholic,WH02,West DC,30,4,0,0,643,862,643,0
2024-04-14,15,SKU07,Soda Mixer 250ml,Non-Alcoholic,WH02,West DC,30,4,0,0,638,947,638,0
2024-04-21,16,SKU07,Soda Mixer 250ml,Non-Alcoholic,WH02,West DC,30,4,0,1,912,1037,912,0
2024-04-28,17,SKU07,Soda Mixer 250ml,Non-Alcoholic,WH02,West DC,30,4,0,0,610,853,610,0
2024-05-05,18,SKU07,Soda Mixer 250ml,Non-Alcoholic,WH02,West DC,30,4,0,0,687,971,687,0
2024-05-12,19,SKU07,Soda Mixer 250ml,Non-Alcoholic,WH02,West DC,30,4,0,0,610,1012,610,0
2024-05-19,20,SKU07,Soda Mixer 250ml,Non-Alcoholic,WH02,West DC,30,4,0,0,541,1130,541,0
2024-05-26,21,SKU07,Soda Mixer 250ml,Non-Alcoholic,WH02,West DC,30,4,0,0,719,589,589,1
2024-06-02,22,SKU07,Soda Mixer 250ml,Non-Alcoholic,WH02,West DC,30,4,0,0,653,728,653,0
2024-06-09,23,SKU07,Soda Mixer 250ml,Non-Alcoholic,WH02,West DC,30,4,0,0,713,803,713,0
2024-06-16,24,SKU07,Soda Mixer 250ml,Non-Alcoholic,WH02,West DC,30,4,0,0,664,818,664,0
2024-06-23,25,SKU07,Soda Mixer 250ml,Non-Alcoholic,WH02,West DC,30,4,0,0,674,882,674,0
2024-06-30,26,SKU07,Soda Mixer 250ml,Non-Alcoholic,WH02,West DC,30,4,0,1,713,936,713,0
2024-07-07,27,SKU07,Soda Mixer 250ml,Non-Alcoholic,WH02,West DC,30,4,0,0,709,951,709,0
2024-07-14,28,SKU07,Soda Mixer 250ml,Non-Alcoholic,WH02,West DC,30,4,0,0,574,970,574,0
2024-07-21,29,SKU07,Soda Mixer 250ml,Non-Alcoholic,WH02,West DC,30,4,0,0,630,1124,630,0
2024-07-28,30,SKU07,Soda Mixer 250ml,Non-Alcoholic,WH02,West DC,30,4,0,0,536,1222,536,0
2024-08-04,31,SKU07,Soda Mixer 250ml,Non-Alcoholic,WH02,West DC,30,4,0,1,547,686,547,0
2024-08-11,32,SKU07,Soda Mixer 250ml,Non-Alcoholic,WH02,West DC,30,4,0,0,519,867,519,0
2024-08-18,33,SKU07,Soda Mixer 250ml,Non-Alcoholic,WH02,West DC,30,4,0,0,400,1076,400,0
2024-08-25,34,SKU07,Soda Mixer 250ml,Non-Alcoholic,WH02,West DC,30,4,0,1,699,676,676,1
2024-09-01,35,SKU07,Soda Mixer 250ml,Non-Alcoholic,WH02,West DC,30,4,0,0,460,728,460,0
2024-09-08,36,SKU07,Soda Mixer 250ml,Non-Alcoholic,WH02,West DC,30,4,0,0,519,996,519,0
2024-09-15,37,SKU07,Soda Mixer 250ml,Non-Alcoholic,WH02,West DC,30,4,0,0,493,1205,493,0
2024-09-22,38,SKU07,Soda Mixer 250ml,Non-Alcoholic,WH02,West DC,30,4,0,0,543,712,543,0
2024-09-29,39,SKU07,Soda Mixer 250ml,Non-Alcoholic,WH02,West DC,30,4,0,0,548,897,548,0
2024-10-06,40,SKU07,Soda Mixer 250ml,Non-Alcoholic,WH02,West DC,30,4,1,0,878,1077,878,0
2024-10-13,41,SKU07,Soda Mixer 250ml,Non-Alcoholic,WH02,West DC,30,4,1,0,701,927,701,0
2024-10-20,42,SKU07,Soda Mixer 250ml,Non-Alcoholic,WH02,West DC,30,4,1,0,1038,954,954,1
2024-10-27,43,SKU07,Soda Mixer 250ml,Non-Alcoholic,WH02,West DC,30,4,1,0,721,728,721,0
2024-11-03,44,SKU07,Soda Mixer 250ml,Non-Alcoholic,WH02,West DC,30,4,1,0,912,735,735,1
2024-11-10,45,SKU07,Soda Mixer 250ml,Non-Alcoholic,WH02,West DC,30,4,1,0,1006,728,728,1
2024-11-17,46,SKU07,Soda Mixer 250ml,Non-Alcoholic,WH02,West DC,30,4,0,0,511,728,511,0
2024-11-24,47,SKU07,Soda Mixer 250ml,Non-Alcoholic,WH02,West DC,30,4,0,0,445,945,445,0
2024-12-01,48,SKU07,Soda Mixer 250ml,Non-Alcoholic,WH02,West DC,30,4,0,0,493,1228,493,0
2024-12-08,49,SKU07,Soda Mixer 250ml,Non-Alcoholic,WH02,West DC,30,4,0,0,451,735,451,0
2024-12-15,50,SKU07,Soda Mixer 250ml,Non-Alcoholic,WH02,West DC,30,4,0,0,449,1012,449,0
2024-12-22,51,SKU07,Soda Mixer 250ml,Non-Alcoholic,WH02,West DC,30,4,1,1,934,563,563,1
2024-12-29,52,SKU07,Soda Mixer 250ml,Non-Alcoholic,WH02,West DC,30,4,1,0,506,728,506,0
2025-01-05,53,SKU07,Soda Mixer 250ml,Non-Alcoholic,WH02,West DC,30,4,0,0,471,950,471,0
2025-01-12,54,SKU07,Soda Mixer 250ml,Non-Alcoholic,WH02,West DC,30,4,0,0,494,1207,494,0
2025-01-19,55,SKU07,Soda Mixer 250ml,Non-Alcoholic,WH02,West DC,30,4,0,1,614,713,614,0
2025-01-26,56,SKU07,Soda Mixer 250ml,Non-Alcoholic,WH02,West DC,30,4,0,0,441,827,441,0
2025-02-02,57,SKU07,Soda Mixer 250ml,Non-Alcoholic,WH02,West DC,30,4,0,0,516,1114,516,0
2025-02-09,58,SKU07,Soda Mixer 250ml,Non-Alcoholic,WH02,West DC,30,4,0,1,612,598,598,1
2025-02-16,59,SKU07,Soda Mixer 250ml,Non-Alcoholic,WH02,West DC,30,4,0,0,608,728,608,0
2025-02-23,60,SKU07,Soda Mixer 250ml,Non-Alcoholic,WH02,West DC,30,4,0,1,651,848,651,0
2025-03-02,61,SKU07,Soda Mixer 250ml,Non-Alcoholic,WH02,West DC,30,4,0,0,527,925,527,0
2025-03-09,62,SKU07,Soda Mixer 250ml,Non-Alcoholic,WH02,West DC,30,4,0,1,770,1126,770,0
2025-03-16,63,SKU07,Soda Mixer 250ml,Non-Alcoholic,WH02,West DC,30,4,1,0,721,1084,721,0
2025-03-23,64,SKU07,Soda Mixer 250ml,Non-Alcoholic,WH02,West DC,30,4,1,0,912,1091,912,0
2025-03-30,65,SKU07,Soda Mixer 250ml,Non-Alcoholic,WH02,West DC,30,4,0,0,584,907,584,0
2025-04-06,66,SKU07,Soda Mixer 250ml,Non-Alcoholic,WH02,West DC,30,4,0,0,671,1051,671,0
2025-04-13,67,SKU07,Soda Mixer 250ml,Non-Alcoholic,WH02,West DC,30,4,0,0,599,1108,599,0
2025-04-20,68,SKU07,Soda Mixer 250ml,Non-Alcoholic,WH02,West DC,30,4,0,1,838,1237,838,0
2025-04-27,69,SKU07,Soda Mixer 250ml,Non-Alcoholic,WH02,West DC,30,4,0,0,574,1127,574,0
2025-05-04,70,SKU07,Soda Mixer 250ml,Non-Alcoholic,WH02,West DC,30,4,0,0,805,553,553,1
2025-05-11,71,SKU07,Soda Mixer 250ml,Non-Alcoholic,WH02,West DC,30,4,0,0,673,728,673,0
2025-05-18,72,SKU07,Soda Mixer 250ml,Non-Alcoholic,WH02,West DC,30,4,0,0,706,783,706,0
2025-05-25,73,SKU07,Soda Mixer 250ml,Non-Alcoholic,WH02,West DC,30,4,0,0,554,805,554,0
2025-06-01,74,SKU07,Soda Mixer 250ml,Non-Alcoholic,WH02,West DC,30,4,0,0,621,979,621,0
2025-06-08,75,SKU07,Soda Mixer 250ml,Non-Alcoholic,WH02,West DC,30,4,0,0,717,1086,717,0
2025-06-15,76,SKU07,Soda Mixer 250ml,Non-Alcoholic,WH02,West DC,30,4,0,0,751,1097,751,0
2025-06-22,77,SKU07,Soda Mixer 250ml,Non-Alcoholic,WH02,West DC,30,4,0,0,597,1074,597,0
2025-06-29,78,SKU07,Soda Mixer 250ml,Non-Alcoholic,WH02,West DC,30,4,0,0,564,1205,564,0
2025-07-06,79,SKU07,Soda Mixer 250ml,Non-Alcoholic,WH02,West DC,30,4,0,0,605,641,605,0
2025-07-13,80,SKU07,Soda Mixer 250ml,Non-Alcoholic,WH02,West DC,30,4,0,0,548,764,548,0
2025-07-20,81,SKU07,Soda Mixer 250ml,Non-Alcoholic,WH02,West DC,30,4,0,0,467,944,467,0
2025-07-27,82,SKU07,Soda Mixer 250ml,Non-Alcoholic,WH02,West DC,30,4,0,0,456,1205,456,0
2025-08-03,83,SKU07,Soda Mixer 250ml,Non-Alcoholic,WH02,West DC,30,4,0,0,463,749,463,0
2025-08-10,84,SKU07,Soda Mixer 250ml,Non-Alcoholic,WH02,West DC,30,4,0,0,564,1014,564,0
2025-08-17,85,SKU07,Soda Mixer 250ml,Non-Alcoholic,WH02,West DC,30,4,0,0,572,1178,572,0
2025-08-24,86,SKU07,Soda Mixer 250ml,Non-Alcoholic,WH02,West DC,30,4,0,0,517,606,517,0
2025-08-31,87,SKU07,Soda Mixer 250ml,Non-Alcoholic,WH02,West DC,30,4,0,0,510,817,510,0
2025-09-07,88,SKU07,Soda Mixer 250ml,Non-Alcoholic,WH02,West DC,30,4,0,0,479,1035,479,0
2025-09-14,89,SKU07,Soda Mixer 250ml,Non-Alcoholic,WH02,West DC,30,4,0,0,369,556,369,0
2025-09-21,90,SKU07,Soda Mixer 250ml,Non-Alcoholic,WH02,West DC,30,4,0,0,569,915,569,0
2025-09-28,91,SKU07,Soda Mixer 250ml,Non-Alcoholic,WH02,West DC,30,4,0,0,527,1074,527,0
2025-10-05,92,SKU07,Soda Mixer 250ml,Non-Alcoholic,WH02,West DC,30,4,1,0,816,547,547,1
2025-10-12,93,SKU07,Soda Mixer 250ml,Non-Alcoholic,WH02,West DC,30,4,1,0,1056,728,728,1
2025-10-19,94,SKU07,Soda Mixer 250ml,Non-Alcoholic,WH02,West DC,30,4,1,0,780,728,728,1
2025-10-26,95,SKU07,Soda Mixer 250ml,Non-Alcoholic,WH02,West DC,30,4,1,0,1033,728,728,1
2025-11-02,96,SKU07,Soda Mixer 250ml,Non-Alcoholic,WH02,West DC,30,4,1,0,721,728,721,0
2025-11-09,97,SKU07,Soda Mixer 250ml,Non-Alcoholic,WH02,West DC,30,4,1,0,1191,735,735,1
2025-11-16,98,SKU07,Soda Mixer 250ml,Non-Alcoholic,WH02,West DC,30,4,0,0,424,728,424,0
2025-11-23,99,SKU07,Soda Mixer 250ml,Non-Alcoholic,WH02,West DC,30,4,0,0,580,1032,580,0
2025-11-30,100,SKU07,Soda Mixer 250ml,Non-Alcoholic,WH02,West DC,30,4,0,0,469,1180,469,0
2025-12-07,101,SKU07,Soda Mixer 250ml,Non-Alcoholic,WH02,West DC,30,4,0,0,545,711,545,0
2025-12-14,102,SKU07,Soda Mixer 250ml,Non-Alcoholic,WH02,West DC,30,4,0,0,617,894,617,0
2025-12-21,103,SKU07,Soda Mixer 250ml,Non-Alcoholic,WH02,West DC,30,4,1,0,740,1005,740,0
2025-12-28,104,SKU07,Soda Mixer 250ml,Non-Alcoholic,WH02,West DC,30,4,1,0,988,993,988,0
2024-01-07,1,SKU08,Lager Can 500ml,Beer,WH02,West DC,100,5,0,0,2215,2548,2215,0
2024-01-14,2,SKU08,Lager Can 500ml,Beer,WH02,West DC,100,5,0,0,1500,3245,1500,0
2024-01-21,3,SKU08,Lager Can 500ml,Beer,WH02,West DC,100,5,0,0,1824,4657,1824,0
2024-01-28,4,SKU08,Lager Can 500ml,Beer,WH02,West DC,100,5,0,0,1776,2833,1776,0
2024-02-04,5,SKU08,Lager Can 500ml,Beer,WH02,West DC,100,5,0,0,1843,3969,1843,0
2024-02-11,6,SKU08,Lager Can 500ml,Beer,WH02,West DC,100,5,0,0,1751,5038,1751,0
2024-02-18,7,SKU08,Lager Can 500ml,Beer,WH02,West DC,100,5,0,0,1637,3287,1637,0
2024-02-25,8,SKU08,Lager Can 500ml,Beer,WH02,West DC,100,5,0,0,1821,4562,1821,0
2024-03-03,9,SKU08,Lager Can 500ml,Beer,WH02,West DC,100,5,0,0,2259,2741,2259,0
2024-03-10,10,SKU08,Lager Can 500ml,Beer,WH02,West DC,100,5,1,0,2364,3394,2364,0
2024-03-17,11,SKU08,Lager Can 500ml,Beer,WH02,West DC,100,5,1,0,3768,3942,3768,0
2024-03-24,12,SKU08,Lager Can 500ml,Beer,WH02,West DC,100,5,1,0,3467,3086,3086,1
2024-03-31,13,SKU08,Lager Can 500ml,Beer,WH02,West DC,100,5,0,0,2519,2912,2519,0
2024-04-07,14,SKU08,Lager Can 500ml,Beer,WH02,West DC,100,5,0,0,2363,3305,2363,0
2024-04-14,15,SKU08,Lager Can 500ml,Beer,WH02,West DC,100,5,0,0,2326,3854,2326,0
2024-04-21,16,SKU08,Lager Can 500ml,Beer,WH02,West DC,100,5,0,0,2263,4440,2263,0
2024-04-28,17,SKU08,Lager Can 500ml,Beer,WH02,West DC,100,5,0,0,2660,5089,2660,0
2024-05-05,18,SKU08,Lager Can 500ml,Beer,WH02,West DC,100,5,0,0,1954,2429,1954,0
2024-05-12,19,SKU08,Lager Can 500ml,Beer,WH02,West DC,100,5,0,0,2290,3387,2290,0
2024-05-19,20,SKU08,Lager Can 500ml,Beer,WH02,West DC,100,5,0,0,2572,4009,2572,0
2024-05-26,21,SKU08,Lager Can 500ml,Beer,WH02,West DC,100,5,0,0,2065,4349,2065,0
2024-06-02,22,SKU08,Lager Can 500ml,Beer,WH02,West DC,100,5,0,0,2546,2284,2284,1
2024-06-09,23,SKU08,Lager Can 500ml,Beer,WH02,West DC,100,5,0,0,2924,2912,2912,1
2024-06-16,24,SKU08,Lager Can 500ml,Beer,WH02,West DC,100,5,0,0,2881,2912,2881,0
2024-06-23,25,SKU08,Lager Can 500ml,Beer,WH02,West DC,100,5,0,0,2493,2943,2493,0
2024-06-30,26,SKU08,Lager Can 500ml,Beer,WH02,West DC,100,5,0,0,2832,3362,2832,0
2024-07-07,27,SKU08,Lager Can 500ml,Beer,WH02,West DC,100,5,0,0,2281,3442,2281,0
2024-07-14,28,SKU08,Lager Can 500ml,Beer,WH02,West DC,100,5,0,0,2210,4073,2210,0
2024-07-21,29,SKU08,Lager Can 500ml,Beer,WH02,West DC,100,5,0,0,2330,4775,2330,0
2024-07-28,30,SKU08,Lager Can 500ml,Beer,WH02,West DC,100,5,0,1,2587,2445,2445,1
2024-08-04,31,SKU08,Lager Can 500ml,Beer,WH02,West DC,100,5,0,0,1821,2912,1821,0
2024-08-11,32,SKU08,Lager Can 500ml,Beer,WH02,West DC,100,5,0,0,1988,4003,1988,0
2024-08-18,33,SKU08,Lager Can 500ml,Beer,WH02,West DC,100,5,0,0,1888,4927,1888,0
2024-08-25,34,SKU08,Lager Can 500ml,Beer,WH02,West DC,100,5,0,0,2151,3039,2151,0
2024-09-01,35,SKU08,Lager Can 500ml,Beer,WH02,West DC,100,5,0,0,2072,3800,2072,0
2024-09-08,36,SKU08,Lager Can 500ml,Beer,WH02,West DC,100,5,0,0,2073,4640,2073,0
2024-09-15,37,SKU08,Lager Can 500ml,Beer,WH02,West DC,100,5,0,0,2024,2567,2024,0
2024-09-22,38,SKU08,Lager Can 500ml,Beer,WH02,West DC,100,5,0,0,1941,3455,1941,0
2024-09-29,39,SKU08,Lager Can 500ml,Beer,WH02,West DC,100,5,0,0,2074,4426,2074,0
2024-10-06,40,SKU08,Lager Can 500ml,Beer,WH02,West DC,100,5,1,0,3858,2352,2352,1
2024-10-13,41,SKU08,Lager Can 500ml,Beer,WH02,West DC,100,5,1,0,3586,2912,2912,1
2024-10-20,42,SKU08,Lager Can 500ml,Beer,WH02,West DC,100,5,1,0,3094,2912,2912,1
2024-10-27,43,SKU08,Lager Can 500ml,Beer,WH02,West DC,100,5,1,0,3445,2912,2912,1
2024-11-03,44,SKU08,Lager Can 500ml,Beer,WH02,West DC,100,5,1,0,2837,2912,2837,0
2024-11-10,45,SKU08,Lager Can 500ml,Beer,WH02,West DC,100,5,1,0,3977,2987,2987,1
2024-11-17,46,SKU08,Lager Can 500ml,Beer,WH02,West DC,100,5,0,0,2091,2912,2091,0
2024-11-24,47,SKU08,Lager Can 500ml,Beer,WH02,West DC,100,5,0,0,1726,3733,1726,0
2024-12-01,48,SKU08,Lager Can 500ml,Beer,WH02,West DC,100,5,0,0,1773,4919,1773,0
2024-12-08,49,SKU08,Lager Can 500ml,Beer,WH02,West DC,100,5,0,0,2231,3146,2231,0
2024-12-15,50,SKU08,Lager Can 500ml,Beer,WH02,West DC,100,5,0,0,1764,3827,1764,0
2024-12-22,51,SKU08,Lager Can 500ml,Beer,WH02,West DC,100,5,1,0,2366,4975,2366,0
2024-12-29,52,SKU08,Lager Can 500ml,Beer,WH02,West DC,100,5,1,1,3113,2609,2609,1
2025-01-05,53,SKU08,Lager Can 500ml,Beer,WH02,West DC,100,5,0,0,1863,2912,1863,0
2025-01-12,54,SKU08,Lager Can 500ml,Beer,WH02,West DC,100,5,0,0,1827,3961,1827,0
2025-01-19,55,SKU08,Lager Can 500ml,Beer,WH02,West DC,100,5,0,0,1847,5046,1847,0
2025-01-26,56,SKU08,Lager Can 500ml,Beer,WH02,West DC,100,5,0,0,2103,3199,2103,0
2025-02-02,57,SKU08,Lager Can 500ml,Beer,WH02,West DC,100,5,0,0,1807,4008,1807,0
2025-02-09,58,SKU08,Lager Can 500ml,Beer,WH02,West DC,100,5,0,0,2039,2201,2039,0
2025-02-16,59,SKU08,Lager Can 500ml,Beer,WH02,West DC,100,5,0,0,1678,3074,1678,0
2025-02-23,60,SKU08,Lager Can 500ml,Beer,WH02,West DC,100,5,0,0,2232,4308,2232,0
2025-03-02,61,SKU08,Lager Can 500ml,Beer,WH02,West DC,100,5,0,0,1958,4988,1958,0
2025-03-09,62,SKU08,Lager Can 500ml,Beer,WH02,West DC,100,5,0,0,2250,3030,2250,0
2025-03-16,63,SKU08,Lager Can 500ml,Beer,WH02,West DC,100,5,1,0,3535,3692,3535,0
2025-03-23,64,SKU08,Lager Can 500ml,Beer,WH02,West DC,100,5,1,0,3742,3069,3069,1
2025-03-30,65,SKU08,Lager Can 500ml,Beer,WH02,West DC,100,5,0,0,2470,2912,2470,0
2025-04-06,66,SKU08,Lager Can 500ml,Beer,WH02,West DC,100,5,0,0,2508,3354,2508,0
2025-04-13,67,SKU08,Lager Can 500ml,Beer,WH02,West DC,100,5,0,0,2914,3758,2914,0
2025-04-20,68,SKU08,Lager Can 500ml,Beer,WH02,West DC,100,5,0,0,3015,3756,3015,0
2025-04-27,69,SKU08,Lager Can 500ml,Beer,WH02,West DC,100,5,0,0,2587,3653,2587,0
2025-05-04,70,SKU08,Lager Can 500ml,Beer,WH02,West DC,100,5,0,0,3230,3978,3230,0
2025-05-11,71,SKU08,Lager Can 500ml,Beer,WH02,West DC,100,5,0,0,2765,3660,2765,0
2025-05-18,72,SKU08,Lager Can 500ml,Beer,WH02,West DC,100,5,0,0,2554,3807,2554,0
2025-05-25,73,SKU08,Lager Can 500ml,Beer,WH02,West DC,100,5,0,0,2692,4165,2692,0
2025-06-01,74,SKU08,Lager Can 500ml,Beer,WH02,West DC,100,5,0,0,3244,4385,3244,0
2025-06-08,75,SKU08,Lager Can 500ml,Beer,WH02,West DC,100,5,0,0,2790,4053,2790,0
2025-06-15,76,SKU08,Lager Can 500ml,Beer,WH02,West DC,100,5,0,0,2793,4175,2793,0
2025-06-22,77,SKU08,Lager Can 500ml,Beer,WH02,West DC,100,5,0,0,2826,4294,2826,0
2025-06-29,78,SKU08,Lager Can 500ml,Beer,WH02,West DC,100,5,0,0,2979,4380,2979,0
2025-07-06,79,SKU08,Lager Can 500ml,Beer,WH02,West DC,100,5,0,0,2382,4313,2382,0
2025-07-13,80,SKU08,Lager Can 500ml,Beer,WH02,West DC,100,5,0,0,2452,4843,2452,0
2025-07-20,81,SKU08,Lager Can 500ml,Beer,WH02,West DC,100,5,0,0,2308,2391,2308,0
2025-07-27,82,SKU08,Lager Can 500ml,Beer,WH02,West DC,100,5,0,0,2342,2995,2342,0
2025-08-03,83,SKU08,Lager Can 500ml,Beer,WH02,West DC,100,5,0,0,2232,3565,2232,0
2025-08-10,84,SKU08,Lager Can 500ml,Beer,WH02,West DC,100,5,0,0,1821,4245,1821,0
2025-08-17,85,SKU08,Lager Can 500ml,Beer,WH02,West DC,100,5,0,0,2004,2424,2004,0
2025-08-24,86,SKU08,Lager Can 500ml,Beer,WH02,West DC,100,5,0,0,1937,3332,1937,0
2025-08-31,87,SKU08,Lager Can 500ml,Beer,WH02,West DC,100,5,0,0,1674,4307,1674,0
2025-09-07,88,SKU08,Lager Can 500ml,Beer,WH02,West DC,100,5,0,0,1703,2633,1703,0
2025-09-14,89,SKU08,Lager Can 500ml,Beer,WH02,West DC,100,5,0,0,2010,3842,2010,0
2025-09-21,90,SKU08,Lager Can 500ml,Beer,WH02,West DC,100,5,0,0,2261,4744,2261,0
2025-09-28,91,SKU08,Lager Can 500ml,Beer,WH02,West DC,100,5,0,0,2063,2483,2063,0
2025-10-05,92,SKU08,Lager Can 500ml,Beer,WH02,West DC,100,5,1,0,3379,3332,3332,1
2025-10-12,93,SKU08,Lager Can 500ml,Beer,WH02,West DC,100,5,1,0,4236,2912,2912,1
2025-10-19,94,SKU08,Lager Can 500ml,Beer,WH02,West DC,100,5,1,0,3465,2912,2912,1
2025-10-26,95,SKU08,Lager Can 500ml,Beer,WH02,West DC,100,5,1,0,3201,2912,2912,1
2025-11-02,96,SKU08,Lager Can 500ml,Beer,WH02,West DC,100,5,1,0,4436,2912,2912,1
2025-11-09,97,SKU08,Lager Can 500ml,Beer,WH02,West DC,100,5,1,0,3679,2912,2912,1
2025-11-16,98,SKU08,Lager Can 500ml,Beer,WH02,West DC,100,5,0,0,2427,2912,2427,0
2025-11-23,99,SKU08,Lager Can 500ml,Beer,WH02,West DC,100,5,0,0,2027,3397,2027,0
2025-11-30,100,SKU08,Lager Can 500ml,Beer,WH02,West DC,100,5,0,0,2035,4282,2035,0
2025-12-07,101,SKU08,Lager Can 500ml,Beer,WH02,West DC,100,5,0,0,1688,2247,1688,0
2025-12-14,102,SKU08,Lager Can 500ml,Beer,WH02,West DC,100,5,0,1,2418,3471,2418,0
2025-12-21,103,SKU08,Lager Can 500ml,Beer,WH02,West DC,100,5,1,0,3230,3965,3230,0
2025-12-28,104,SKU08,Lager Can 500ml,Beer,WH02,West DC,100,5,1,0,3307,3647,3307,0
2024-01-07,1,SKU09,Wheat Beer 650ml,Beer,WH02,West DC,160,9,0,0,463,637,463,0
2024-01-14,2,SKU09,Wheat Beer 650ml,Beer,WH02,West DC,160,9,0,0,440,902,440,0
2024-01-21,3,SKU09,Wheat Beer 650ml,Beer,WH02,West DC,160,9,0,0,458,1190,458,0
2024-01-28,4,SKU09,Wheat Beer 650ml,Beer,WH02,West DC,160,9,0,0,400,732,400,0
2024-02-04,5,SKU09,Wheat Beer 650ml,Beer,WH02,West DC,160,9,0,0,537,1060,537,0
2024-02-11,6,SKU09,Wheat Beer 650ml,Beer,WH02,West DC,160,9,0,0,502,1251,502,0
2024-02-18,7,SKU09,Wheat Beer 650ml,Beer,WH02,West DC,160,9,0,1,565,749,565,0
2024-02-25,8,SKU09,Wheat Beer 650ml,Beer,WH02,West DC,160,9,0,0,434,912,434,0
2024-03-03,9,SKU09,Wheat Beer 650ml,Beer,WH02,West DC,160,9,0,0,649,1206,649,0
2024-03-10,10,SKU09,Wheat Beer 650ml,Beer,WH02,West DC,160,9,1,0,785,557,557,1
2024-03-17,11,SKU09,Wheat Beer 650ml,Beer,WH02,West DC,160,9,1,0,825,728,728,1
2024-03-24,12,SKU09,Wheat Beer 650ml,Beer,WH02,West DC,160,9,1,0,1001,728,728,1
2024-03-31,13,SKU09,Wheat Beer 650ml,Beer,WH02,West DC,160,9,0,0,546,728,546,0
2024-04-07,14,SKU09,Wheat Beer 650ml,Beer,WH02,West DC,160,9,0,0,502,910,502,0
2024-04-14,15,SKU09,Wheat Beer 650ml,Beer,WH02,West DC,160,9,0,0,646,1136,646,0
2024-04-21,16,SKU09,Wheat Beer 650ml,Beer,WH02,West DC,160,9,0,0,583,1218,583,0
2024-04-28,17,SKU09,Wheat Beer 650ml,Beer,WH02,West DC,160,9,0,1,649,635,635,1
2024-05-05,18,SKU09,Wheat Beer 650ml,Beer,WH02,West DC,160,9,0,0,588,728,588,0
2024-05-12,19,SKU09,Wheat Beer 650ml,Beer,WH02,West DC,160,9,0,0,547,868,547,0
2024-05-19,20,SKU09,Wheat Beer 650ml,Beer,WH02,West DC,160,9,0,0,568,1049,568,0
2024-05-26,21,SKU09,Wheat Beer 650ml,Beer,WH02,West DC,160,9,0,1,808,1209,808,0
2024-06-02,22,SKU09,Wheat Beer 650ml,Beer,WH02,West DC,160,9,0,0,529,1129,529,0
2024-06-09,23,SKU09,Wheat Beer 650ml,Beer,WH02,West DC,160,9,0,0,700,600,600,1
2024-06-16,24,SKU09,Wheat Beer 650ml,Beer,WH02,West DC,160,9,0,0,608,728,608,0
2024-06-23,25,SKU09,Wheat Beer 650ml,Beer,WH02,West DC,160,9,0,0,577,848,577,0
2024-06-30,26,SKU09,Wheat Beer 650ml,Beer,WH02,West DC,160,9,0,0,608,999,608,0
2024-07-07,27,SKU09,Wheat Beer 650ml,Beer,WH02,West DC,160,9,0,1,588,1119,588,0
2024-07-14,28,SKU09,Wheat Beer 650ml,Beer,WH02,West DC,160,9,0,0,471,1259,471,0
2024-07-21,29,SKU09,Wheat Beer 650ml,Beer,WH02,West DC,160,9,0,0,515,788,515,0
2024-07-28,30,SKU09,Wheat Beer 650ml,Beer,WH02,West DC,160,9,0,0,560,1001,560,0
2024-08-04,31,SKU09,Wheat Beer 650ml,Beer,WH02,West DC,160,9,0,0,498,1169,498,0
2024-08-11,32,SKU09,Wheat Beer 650ml,Beer,WH02,West DC,160,9,0,0,445,671,445,0
2024-08-18,33,SKU09,Wheat Beer 650ml,Beer,WH02,West DC,160,9,0,1,576,954,576,0
2024-08-25,34,SKU09,Wheat Beer 650ml,Beer,WH02,West DC,160,9,0,0,485,1106,485,0
2024-09-01,35,SKU09,Wheat Beer 650ml,Beer,WH02,West DC,160,9,0,1,703,621,621,1
2024-09-08,36,SKU09,Wheat Beer 650ml,Beer,WH02,West DC,160,9,0,0,477,728,477,0
2024-09-15,37,SKU09,Wheat Beer 650ml,Beer,WH02,West DC,160,9,0,0,438,979,438,0
2024-09-22,38,SKU09,Wheat Beer 650ml,Beer,WH02,West DC,160,9,0,0,424,1269,424,0
2024-09-29,39,SKU09,Wheat Beer 650ml,Beer,WH02,West DC,160,9,0,0,528,845,528,0
2024-10-06,40,SKU09,Wheat Beer 650ml,Beer,WH02,West DC,160,9,1,0,627,1045,627,0
2024-10-13,41,SKU09,Wheat Beer 650ml,Beer,WH02,West DC,160,9,1,0,804,1146,804,0
2024-10-20,42,SKU09,Wheat Beer 650ml,Beer,WH02,West DC,160,9,1,0,766,1070,766,0
2024-10-27,43,SKU09,Wheat Beer 650ml,Beer,WH02,West DC,160,9,1,0,941,1032,941,0
2024-11-03,44,SKU09,Wheat Beer 650ml,Beer,WH02,West DC,160,9,1,0,994,819,819,1
2024-11-10,45,SKU09,Wheat Beer 650ml,Beer,WH02,West DC,160,9,1,0,838,728,728,1
2024-11-17,46,SKU09,Wheat Beer 650ml,Beer,WH02,West DC,160,9,0,0,436,728,436,0
2024-11-24,47,SKU09,Wheat Beer 650ml,Beer,WH02,West DC,160,9,0,1,590,1020,590,0
2024-12-01,48,SKU09,Wheat Beer 650ml,Beer,WH02,West DC,160,9,0,1,630,1158,630,0
2024-12-08,49,SKU09,Wheat Beer 650ml,Beer,WH02,West DC,160,9,0,0,513,1256,513,0
2024-12-15,50,SKU09,Wheat Beer 650ml,Beer,WH02,West DC,160,9,0,0,473,743,473,0
2024-12-22,51,SKU09,Wheat Beer 650ml,Beer,WH02,West DC,160,9,1,0,836,998,836,0
2024-12-29,52,SKU09,Wheat Beer 650ml,Beer,WH02,West DC,160,9,1,0,674,890,674,0
2025-01-05,53,SKU09,Wheat Beer 650ml,Beer,WH02,West DC,160,9,0,0,461,944,461,0
2025-01-12,54,SKU09,Wheat Beer 650ml,Beer,WH02,West DC,160,9,0,0,464,1211,464,0
2025-01-19,55,SKU09,Wheat Beer 650ml,Beer,WH02,West DC,160,9,0,0,500,747,500,0
2025-01-26,56,SKU09,Wheat Beer 650ml,Beer,WH02,West DC,160,9,0,0,534,975,534,0
2025-02-02,57,SKU09,Wheat Beer 650ml,Beer,WH02,West DC,160,9,0,1,515,1169,515,0
2025-02-09,58,SKU09,Wheat Beer 650ml,Beer,WH02,West DC,160,9,0,0,421,654,421,0
2025-02-16,59,SKU09,Wheat Beer 650ml,Beer,WH02,West DC,160,9,0,0,503,961,503,0
2025-02-23,60,SKU09,Wheat Beer 650ml,Beer,WH02,West DC,160,9,0,0,423,1186,423,0
2025-03-02,61,SKU09,Wheat Beer 650ml,Beer,WH02,West DC,160,9,0,0,541,763,541,0
2025-03-09,62,SKU09,Wheat Beer 650ml,Beer,WH02,West DC,160,9,0,0,538,950,538,0
2025-03-16,63,SKU09,Wheat Beer 650ml,Beer,WH02,West DC,160,9,1,0,1025,1140,1025,0
2025-03-23,64,SKU09,Wheat Beer 650ml,Beer,WH02,West DC,160,9,1,0,1079,843,843,1
2025-03-30,65,SKU09,Wheat Beer 650ml,Beer,WH02,West DC,160,9,0,0,529,728,529,0
2025-04-06,66,SKU09,Wheat Beer 650ml,Beer,WH02,West DC,160,9,0,0,703,927,703,0
2025-04-13,67,SKU09,Wheat Beer 650ml,Beer,WH02,West DC,160,9,0,0,635,952,635,0
2025-04-20,68,SKU09,Wheat Beer 650ml,Beer,WH02,West DC,160,9,0,0,726,1045,726,0
2025-04-27,69,SKU09,Wheat Beer 650ml,Beer,WH02,West DC,160,9,0,1,718,1047,718,0
2025-05-04,70,SKU09,Wheat Beer 650ml,Beer,WH02,West DC,160,9,0,1,944,1057,944,0
2025-05-11,71,SKU09,Wheat Beer 650ml,Beer,WH02,West DC,160,9,0,0,616,841,616,0
2025-05-18,72,SKU09,Wheat Beer 650ml,Beer,WH02,West DC,160,9,0,0,555,953,555,0
2025-05-25,73,SKU09,Wheat Beer 650ml,Beer,WH02,West DC,160,9,0,0,623,1126,623,0
2025-06-01,74,SKU09,Wheat Beer 650ml,Beer,WH02,West DC,160,9,0,0,645,1231,645,0
2025-06-08,75,SKU09,Wheat Beer 650ml,Beer,WH02,West DC,160,9,0,1,728,586,586,1
2025-06-15,76,SKU09,Wheat Beer 650ml,Beer,WH02,West DC,160,9,0,0,664,728,664,0
2025-06-22,77,SKU09,Wheat Beer 650ml,Beer,WH02,West DC,160,9,0,0,722,792,722,0
2025-06-29,78,SKU09,Wheat Beer 650ml,Beer,WH02,West DC,160,9,0,0,605,798,605,0
2025-07-06,79,SKU09,Wheat Beer 650ml,Beer,WH02,West DC,160,9,0,0,677,921,677,0
2025-07-13,80,SKU09,Wheat Beer 650ml,Beer,WH02,West DC,160,9,0,0,737,972,737,0
2025-07-20,81,SKU09,Wheat Beer 650ml,Beer,WH02,West DC,160,9,0,0,555,963,555,0
2025-07-27,82,SKU09,Wheat Beer 650ml,Beer,WH02,West DC,160,9,0,0,614,1136,614,0
2025-08-03,83,SKU09,Wheat Beer 650ml,Beer,WH02,West DC,160,9,0,0,521,1250,521,0
2025-08-10,84,SKU09,Wheat Beer 650ml,Beer,WH02,West DC,160,9,0,0,491,729,491,0
2025-08-17,85,SKU09,Wheat Beer 650ml,Beer,WH02,West DC,160,9,0,0,485,966,485,0
2025-08-24,86,SKU09,Wheat Beer 650ml,Beer,WH02,West DC,160,9,0,0,400,1209,400,0
2025-08-31,87,SKU09,Wheat Beer 650ml,Beer,WH02,West DC,160,9,0,0,492,809,492,0
2025-09-07,88,SKU09,Wheat Beer 650ml,Beer,WH02,West DC,160,9,0,0,548,1045,548,0
2025-09-14,89,SKU09,Wheat Beer 650ml,Beer,WH02,West DC,160,9,0,0,467,1225,467,0
2025-09-21,90,SKU09,Wheat Beer 650ml,Beer,WH02,West DC,160,9,0,0,327,758,327,0
2025-09-28,91,SKU09,Wheat Beer 650ml,Beer,WH02,West DC,160,9,0,0,594,1159,594,0
2025-10-05,92,SKU09,Wheat Beer 650ml,Beer,WH02,West DC,160,9,1,0,949,565,565,1
2025-10-12,93,SKU09,Wheat Beer 650ml,Beer,WH02,West DC,160,9,1,0,1032,728,728,1
2025-10-19,94,SKU09,Wheat Beer 650ml,Beer,WH02,West DC,160,9,1,0,884,728,728,1
2025-10-26,95,SKU09,Wheat Beer 650ml,Beer,WH02,West DC,160,9,1,0,926,728,728,1
2025-11-02,96,SKU09,Wheat Beer 650ml,Beer,WH02,West DC,160,9,1,0,972,728,728,1
2025-11-09,97,SKU09,Wheat Beer 650ml,Beer,WH02,West DC,160,9,1,0,874,728,728,1
2025-11-16,98,SKU09,Wheat Beer 650ml,Beer,WH02,West DC,160,9,0,1,716,728,716,0
2025-11-23,99,SKU09,Wheat Beer 650ml,Beer,WH02,West DC,160,9,0,0,473,740,473,0
2025-11-30,100,SKU09,Wheat Beer 650ml,Beer,WH02,West DC,160,9,0,0,626,995,626,0
2025-12-07,101,SKU09,Wheat Beer 650ml,Beer,WH02,West DC,160,9,0,0,439,1097,439,0
2025-12-14,102,SKU09,Wheat Beer 650ml,Beer,WH02,West DC,160,9,0,0,538,658,538,0
2025-12-21,103,SKU09,Wheat Beer 650ml,Beer,WH02,West DC,160,9,1,0,704,848,704,0
2025-12-28,104,SKU09,Wheat Beer 650ml,Beer,WH02,West DC,160,9,1,0,679,872,679,0
2024-01-07,1,SKU10,Light Beer 330ml,Beer,WH02,West DC,90,6,0,0,930,1456,930,0
2024-01-14,2,SKU10,Light Beer 330ml,Beer,WH02,West DC,90,6,0,0,718,2190,718,0
2024-01-21,3,SKU10,Light Beer 330ml,Beer,WH02,West DC,90,6,0,0,916,1472,916,0
2024-01-28,4,SKU10,Light Beer 330ml,Beer,WH02,West DC,90,6,0,0,1150,2220,1150,0
2024-02-04,5,SKU10,Light Beer 330ml,Beer,WH02,West DC,90,6,0,0,1139,2734,1139,0
2024-02-11,6,SKU10,Light Beer 330ml,Beer,WH02,West DC,90,6,0,0,897,1595,897,0
2024-02-18,7,SKU10,Light Beer 330ml,Beer,WH02,West DC,90,6,0,0,1107,2362,1107,0
2024-02-25,8,SKU10,Light Beer 330ml,Beer,WH02,West DC,90,6,0,0,958,1255,958,0
2024-03-03,9,SKU10,Light Beer 330ml,Beer,WH02,West DC,90,6,0,0,938,1961,938,0
2024-03-10,10,SKU10,Light Beer 330ml,Beer,WH02,West DC,90,6,1,0,2134,2687,2134,0
2024-03-17,11,SKU10,Light Beer 330ml,Beer,WH02,West DC,90,6,1,1,2713,2217,2217,1
2024-03-24,12,SKU10,Light Beer 330ml,Beer,WH02,West DC,90,6,1,0,1810,1664,1664,1
2024-03-31,13,SKU10,Light Beer 330ml,Beer,WH02,West DC,90,6,0,0,1382,1664,1382,0
2024-04-07,14,SKU10,Light Beer 330ml,Beer,WH02,West DC,90,6,0,0,1410,1946,1410,0
2024-04-14,15,SKU10,Light Beer 330ml,Beer,WH02,West DC,90,6,0,0,1444,2200,1444,0
2024-04-21,16,SKU10,Light Beer 330ml,Beer,WH02,West DC,90,6,0,0,1404,2420,1404,0
2024-04-28,17,SKU10,Light Beer 330ml,Beer,WH02,West DC,90,6,0,0,1223,2680,1223,0
2024-05-05,18,SKU10,Light Beer 330ml,Beer,WH02,West DC,90,6,0,0,1389,1457,1389,0
2024-05-12,19,SKU10,Light Beer 330ml,Beer,WH02,West DC,90,6,0,0,1233,1732,1233,0
2024-05-19,20,SKU10,Light Beer 330ml,Beer,WH02,West DC,90,6,0,0,1525,2163,1525,0
2024-05-26,21,SKU10,Light Beer 330ml,Beer,WH02,West DC,90,6,0,1,1932,2302,1932,0
2024-06-02,22,SKU10,Light Beer 330ml,Beer,WH02,West DC,90,6,0,0,1114,2034,1114,0
2024-06-09,23,SKU10,Light Beer 330ml,Beer,WH02,West DC,90,6,0,0,1542,2584,1542,0
2024-06-16,24,SKU10,Light Beer 330ml,Beer,WH02,West DC,90,6,0,0,1427,2706,1427,0
2024-06-23,25,SKU10,Light Beer 330ml,Beer,WH02,West DC,90,6,0,0,1151,1279,1151,0
2024-06-30,26,SKU10,Light Beer 330ml,Beer,WH02,West DC,90,6,0,1,1848,1792,1792,1
2024-07-07,27,SKU10,Light Beer 330ml,Beer,WH02,West DC,90,6,0,0,1178,1664,1178,0
2024-07-14,28,SKU10,Light Beer 330ml,Beer,WH02,West DC,90,6,0,0,1129,2150,1129,0
2024-07-21,29,SKU10,Light Beer 330ml,Beer,WH02,West DC,90,6,0,0,1065,2685,1065,0
2024-07-28,30,SKU10,Light Beer 330ml,Beer,WH02,West DC,90,6,0,0,1288,1620,1288,0
2024-08-04,31,SKU10,Light Beer 330ml,Beer,WH02,West DC,90,6,0,0,1086,1996,1086,0
2024-08-11,32,SKU10,Light Beer 330ml,Beer,WH02,West DC,90,6,0,0,1094,2574,1094,0
2024-08-18,33,SKU10,Light Beer 330ml,Beer,WH02,West DC,90,6,0,0,1223,1480,1223,0
2024-08-25,34,SKU10,Light Beer 330ml,Beer,WH02,West DC,90,6,0,0,1275,1921,1275,0
2024-09-01,35,SKU10,Light Beer 330ml,Beer,WH02,West DC,90,6,0,0,814,2310,814,0
2024-09-08,36,SKU10,Light Beer 330ml,Beer,WH02,West DC,90,6,0,0,1129,1496,1129,0
2024-09-15,37,SKU10,Light Beer 330ml,Beer,WH02,West DC,90,6,0,0,1016,2031,1016,0
2024-09-22,38,SKU10,Light Beer 330ml,Beer,WH02,West DC,90,6,0,0,1151,2679,1151,0
2024-09-29,39,SKU10,Light Beer 330ml,Beer,WH02,West DC,90,6,0,0,987,1528,987,0
2024-10-06,40,SKU10,Light Beer 330ml,Beer,WH02,West DC,90,6,1,0,2411,2205,2205,1
2024-10-13,41,SKU10,Light Beer 330ml,Beer,WH02,West DC,90,6,1,0,2089,1664,1664,1
2024-10-20,42,SKU10,Light Beer 330ml,Beer,WH02,West DC,90,6,1,0,1916,1664,1664,1
2024-10-27,43,SKU10,Light Beer 330ml,Beer,WH02,West DC,90,6,1,0,2242,1664,1664,1
2024-11-03,44,SKU10,Light Beer 330ml,Beer,WH02,West DC,90,6,1,1,2204,1664,1664,1
2024-11-10,45,SKU10,Light Beer 330ml,Beer,WH02,West DC,90,6,1,0,2109,1664,1664,1
2024-11-17,46,SKU10,Light Beer 330ml,Beer,WH02,West DC,90,6,0,1,1330,1664,1330,0
2024-11-24,47,SKU10,Light Beer 330ml,Beer,WH02,West DC,90,6,0,0,1082,1998,1082,0
2024-12-01,48,SKU10,Light Beer 330ml,Beer,WH02,West DC,90,6,0,0,1321,2580,1321,0
2024-12-08,49,SKU10,Light Beer 330ml,Beer,WH02,West DC,90,6,0,0,1413,1259,1259,1
2024-12-15,50,SKU10,Light Beer 330ml,Beer,WH02,West DC,90,6,0,0,1149,1664,1149,0
2024-12-22,51,SKU10,Light Beer 330ml,Beer,WH02,West DC,90,6,1,0,1500,2179,1500,0
2024-12-29,52,SKU10,Light Beer 330ml,Beer,WH02,West DC,90,6,1,0,1628,2343,1628,0
2025-01-05,53,SKU10,Light Beer 330ml,Beer,WH02,West DC,90,6,0,0,1008,2379,1008,0
2025-01-12,54,SKU10,Light Beer 330ml,Beer,WH02,West DC,90,6,0,0,1023,1371,1023,0
2025-01-19,55,SKU10,Light Beer 330ml,Beer,WH02,West DC,90,6,0,0,1121,2012,1121,0
2025-01-26,56,SKU10,Light Beer 330ml,Beer,WH02,West DC,90,6,0,0,1017,2555,1017,0
2025-02-02,57,SKU10,Light Beer 330ml,Beer,WH02,West DC,90,6,0,1,1580,1538,1538,1
2025-02-09,58,SKU10,Light Beer 330ml,Beer,WH02,West DC,90,6,0,0,1081,1664,1081,0
2025-02-16,59,SKU10,Light Beer 330ml,Beer,WH02,West DC,90,6,0,0,1102,2247,1102,0
2025-02-23,60,SKU10,Light Beer 330ml,Beer,WH02,West DC,90,6,0,0,1038,2809,1038,0
2025-03-02,61,SKU10,Light Beer 330ml,Beer,WH02,West DC,90,6,0,0,1090,1771,1090,0
2025-03-09,62,SKU10,Light Beer 330ml,Beer,WH02,West DC,90,6,0,0,1109,2345,1109,0
2025-03-16,63,SKU10,Light Beer 330ml,Beer,WH02,West DC,90,6,1,0,2105,2900,2105,0
2025-03-23,64,SKU10,Light Beer 330ml,Beer,WH02,West DC,90,6,1,0,1974,2459,1974,0
2025-03-30,65,SKU10,Light Beer 330ml,Beer,WH02,West DC,90,6,0,0,1328,2149,1328,0
2025-04-06,66,SKU10,Light Beer 330ml,Beer,WH02,West DC,90,6,0,0,1694,2485,1694,0
2025-04-13,67,SKU10,Light Beer 330ml,Beer,WH02,West DC,90,6,0,0,1380,2455,1380,0
2025-04-20,68,SKU10,Light Beer 330ml,Beer,WH02,West DC,90,6,0,0,1904,2739,1904,0
2025-04-27,69,SKU10,Light Beer 330ml,Beer,WH02,West DC,90,6,0,0,1340,2499,1340,0
2025-05-04,70,SKU10,Light Beer 330ml,Beer,WH02,West DC,90,6,0,0,1307,2823,1307,0
2025-05-11,71,SKU10,Light Beer 330ml,Beer,WH02,West DC,90,6,0,1,2097,1516,1516,1
2025-05-18,72,SKU10,Light Beer 330ml,Beer,WH02,West DC,90,6,0,0,1515,1664,1515,0
2025-05-25,73,SKU10,Light Beer 330ml,Beer,WH02,West DC,90,6,0,0,1381,1813,1381,0
2025-06-01,74,SKU10,Light Beer 330ml,Beer,WH02,West DC,90,6,0,0,1299,2096,1299,0
2025-06-08,75,SKU10,Light Beer 330ml,Beer,WH02,West DC,90,6,0,0,1353,2461,1353,0
2025-06-15,76,SKU10,Light Beer 330ml,Beer,WH02,West DC,90,6,0,1,1916,2772,1916,0
2025-06-22,77,SKU10,Light Beer 330ml,Beer,WH02,West DC,90,6,0,0,1780,2520,1780,0
2025-06-29,78,SKU10,Light Beer 330ml,Beer,WH02,West DC,90,6,0,1,1538,2404,1538,0
2025-07-06,79,SKU10,Light Beer 330ml,Beer,WH02,West DC,90,6,0,0,1324,2530,1324,0
2025-07-13,80,SKU10,Light Beer 330ml,Beer,WH02,West DC,90,6,0,0,1417,2870,1417,0
2025-07-20,81,SKU10,Light Beer 330ml,Beer,WH02,West DC,90,6,0,0,1229,1453,1229,0
2025-07-27,82,SKU10,Light Beer 330ml,Beer,WH02,West DC,90,6,0,0,1533,1888,1533,0
2025-08-03,83,SKU10,Light Beer 330ml,Beer,WH02,West DC,90,6,0,0,1174,2019,1174,0
2025-08-10,84,SKU10,Light Beer 330ml,Beer,WH02,West DC,90,6,0,0,1251,2509,1251,0
2025-08-17,85,SKU10,Light Beer 330ml,Beer,WH02,West DC,90,6,0,0,1246,1258,1246,0
2025-08-24,86,SKU10,Light Beer 330ml,Beer,WH02,West DC,90,6,0,0,1298,1676,1298,0
2025-08-31,87,SKU10,Light Beer 330ml,Beer,WH02,West DC,90,6,0,0,1122,2042,1122,0
2025-09-07,88,SKU10,Light Beer 330ml,Beer,WH02,West DC,90,6,0,0,1368,2584,1368,0
2025-09-14,89,SKU10,Light Beer 330ml,Beer,WH02,West DC,90,6,0,0,1134,2880,1134,0
2025-09-21,90,SKU10,Light Beer 330ml,Beer,WH02,West DC,90,6,0,0,1114,1746,1114,0
2025-09-28,91,SKU10,Light Beer 330ml,Beer,WH02,West DC,90,6,0,0,1109,2296,1109,0
2025-10-05,92,SKU10,Light Beer 330ml,Beer,WH02,West DC,90,6,1,0,1981,2851,1981,0
2025-10-12,93,SKU10,Light Beer 330ml,Beer,WH02,West DC,90,6,1,0,1982,2534,1982,0
2025-10-19,94,SKU10,Light Beer 330ml,Beer,WH02,West DC,90,6,1,1,2609,2216,2216,1
2025-10-26,95,SKU10,Light Beer 330ml,Beer,WH02,West DC,90,6,1,0,2097,1664,1664,1
2025-11-02,96,SKU10,Light Beer 330ml,Beer,WH02,West DC,90,6,1,0,2095,1664,1664,1
2025-11-09,97,SKU10,Light Beer 330ml,Beer,WH02,West DC,90,6,1,0,2030,1664,1664,1
2025-11-16,98,SKU10,Light Beer 330ml,Beer,WH02,West DC,90,6,0,0,1263,1664,1263,0
2025-11-23,99,SKU10,Light Beer 330ml,Beer,WH02,West DC,90,6,0,0,1182,2065,1182,0
2025-11-30,100,SKU10,Light Beer 330ml,Beer,WH02,West DC,90,6,0,0,1218,2547,1218,0
2025-12-07,101,SKU10,Light Beer 330ml,Beer,WH02,West DC,90,6,0,0,1034,1329,1034,0
2025-12-14,102,SKU10,Light Beer 330ml,Beer,WH02,West DC,90,6,0,0,992,1959,992,0
2025-12-21,103,SKU10,Light Beer 330ml,Beer,WH02,West DC,90,6,1,0,1881,2631,1881,0
2025-12-28,104,SKU10,Light Beer 330ml,Beer,WH02,West DC,90,6,1,1,2397,2414,2397,0
2024-01-07,1,SKU11,Premium Can 330ml,Beer,WH02,West DC,110,6,0,0,918,1456,918,0
2024-01-14,2,SKU11,Premium Can 330ml,Beer,WH02,West DC,110,6,0,0,905,2202,905,0
2024-01-21,3,SKU11,Premium Can 330ml,Beer,WH02,West DC,110,6,0,0,1194,1297,1194,0
2024-01-28,4,SKU11,Premium Can 330ml,Beer,WH02,West DC,110,6,0,0,982,1767,982,0
2024-02-04,5,SKU11,Premium Can 330ml,Beer,WH02,West DC,110,6,0,0,960,2449,960,0
2024-02-11,6,SKU11,Premium Can 330ml,Beer,WH02,West DC,110,6,0,0,909,1489,909,0
2024-02-18,7,SKU11,Premium Can 330ml,Beer,WH02,West DC,110,6,0,0,911,2244,911,0
2024-02-25,8,SKU11,Premium Can 330ml,Beer,WH02,West DC,110,6,0,0,1315,1333,1315,0
2024-03-03,9,SKU11,Premium Can 330ml,Beer,WH02,West DC,110,6,0,0,1186,1682,1186,0
2024-03-10,10,SKU11,Premium Can 330ml,Beer,WH02,West DC,110,6,1,0,1859,2160,1859,0
2024-03-17,11,SKU11,Premium Can 330ml,Beer,WH02,West DC,110,6,1,0,1667,1965,1667,0
2024-03-24,12,SKU11,Premium Can 330ml,Beer,WH02,West DC,110,6,1,1,1934,1962,1934,0
2024-03-31,13,SKU11,Premium Can 330ml,Beer,WH02,West DC,110,6,0,0,1458,1692,1458,0
2024-04-07,14,SKU11,Premium Can 330ml,Beer,WH02,West DC,110,6,0,0,1596,1898,1596,0
2024-04-14,15,SKU11,Premium Can 330ml,Beer,WH02,West DC,110,6,0,0,1450,1966,1450,0
2024-04-21,16,SKU11,Premium Can 330ml,Beer,WH02,West DC,110,6,0,1,1224,2180,1224,0
2024-04-28,17,SKU11,Premium Can 330ml,Beer,WH02,West DC,110,6,0,0,1382,2620,1382,0
2024-05-05,18,SKU11,Premium Can 330ml,Beer,WH02,West DC,110,6,0,0,1449,2902,1449,0
2024-05-12,19,SKU11,Premium Can 330ml,Beer,WH02,West DC,110,6,0,0,1445,1453,1445,0
2024-05-19,20,SKU11,Premium Can 330ml,Beer,WH02,West DC,110,6,0,0,968,1672,968,0
2024-05-26,21,SKU11,Premium Can 330ml,Beer,WH02,West DC,110,6,0,0,1667,2368,1667,0
2024-06-02,22,SKU11,Premium Can 330ml,Beer,WH02,West DC,110,6,0,0,1502,2365,1502,0
2024-06-09,23,SKU11,Premium Can 330ml,Beer,WH02,West DC,110,6,0,0,1033,2527,1033,0
2024-06-16,24,SKU11,Premium Can 330ml,Beer,WH02,West DC,110,6,0,0,1353,1494,1353,0
2024-06-23,25,SKU11,Premium Can 330ml,Beer,WH02,West DC,110,6,0,0,1311,1805,1311,0
2024-06-30,26,SKU11,Premium Can 330ml,Beer,WH02,West DC,110,6,0,0,1439,2158,1439,0
2024-07-07,27,SKU11,Premium Can 330ml,Beer,WH02,West DC,110,6,0,0,1195,2383,1195,0
2024-07-14,28,SKU11,Premium Can 330ml,Beer,WH02,West DC,110,6,0,0,1281,2852,1281,0
2024-07-21,29,SKU11,Premium Can 330ml,Beer,WH02,West DC,110,6,0,0,959,1571,959,0
2024-07-28,30,SKU11,Premium Can 330ml,Beer,WH02,West DC,110,6,0,0,1253,2276,1253,0
2024-08-04,31,SKU11,Premium Can 330ml,Beer,WH02,West DC,110,6,0,0,953,2687,953,0
2024-08-11,32,SKU11,Premium Can 330ml,Beer,WH02,West DC,110,6,0,0,999,1734,999,0
2024-08-18,33,SKU11,Premium Can 330ml,Beer,WH02,West DC,110,6,0,0,1059,2399,1059,0
2024-08-25,34,SKU11,Premium Can 330ml,Beer,WH02,West DC,110,6,0,0,1275,1340,1275,0
2024-09-01,35,SKU11,Premium Can 330ml,Beer,WH02,West DC,110,6,0,0,1141,1729,1141,0
2024-09-08,36,SKU11,Premium Can 330ml,Beer,WH02,West DC,110,6,0,0,1060,2252,1060,0
2024-09-15,37,SKU11,Premium Can 330ml,Beer,WH02,West DC,110,6,0,0,911,2856,911,0
2024-09-22,38,SKU11,Premium Can 330ml,Beer,WH02,West DC,110,6,0,0,1077,1945,1077,0
2024-09-29,39,SKU11,Premium Can 330ml,Beer,WH02,West DC,110,6,0,0,959,2532,959,0
2024-10-06,40,SKU11,Premium Can 330ml,Beer,WH02,West DC,110,6,1,0,2188,1573,1573,1
2024-10-13,41,SKU11,Premium Can 330ml,Beer,WH02,West DC,110,6,1,1,2420,1664,1664,1
2024-10-20,42,SKU11,Premium Can 330ml,Beer,WH02,West DC,110,6,1,0,1701,1664,1664,1
2024-10-27,43,SKU11,Premium Can 330ml,Beer,WH02,West DC,110,6,1,0,1926,1664,1664,1
2024-11-03,44,SKU11,Premium Can 330ml,Beer,WH02,West DC,110,6,1,0,2187,1664,1664,1
2024-11-10,45,SKU11,Premium Can 330ml,Beer,WH02,West DC,110,6,1,0,2179,1664,1664,1
2024-11-17,46,SKU11,Premium Can 330ml,Beer,WH02,West DC,110,6,0,0,1061,1664,1061,0
2024-11-24,47,SKU11,Premium Can 330ml,Beer,WH02,West DC,110,6,0,0,1185,2267,1185,0
2024-12-01,48,SKU11,Premium Can 330ml,Beer,WH02,West DC,110,6,0,0,1121,2746,1121,0
2024-12-08,49,SKU11,Premium Can 330ml,Beer,WH02,West DC,110,6,0,0,869,1625,869,0
2024-12-15,50,SKU11,Premium Can 330ml,Beer,WH02,West DC,110,6,0,0,1050,2420,1050,0
2024-12-22,51,SKU11,Premium Can 330ml,Beer,WH02,West DC,110,6,1,0,1325,1370,1325,0
2024-12-29,52,SKU11,Premium Can 330ml,Beer,WH02,West DC,110,6,1,0,1773,1709,1709,1
2025-01-05,53,SKU11,Premium Can 330ml,Beer,WH02,West DC,110,6,0,0,998,1664,998,0
2025-01-12,54,SKU11,Premium Can 330ml,Beer,WH02,West DC,110,6,0,0,1124,2330,1124,0
2025-01-19,55,SKU11,Premium Can 330ml,Beer,WH02,West DC,110,6,0,0,879,2870,879,0
2025-01-26,56,SKU11,Premium Can 330ml,Beer,WH02,West DC,110,6,0,0,1116,1991,1116,0
2025-02-02,57,SKU11,Premium Can 330ml,Beer,WH02,West DC,110,6,0,0,1087,2539,1087,0
2025-02-09,58,SKU11,Premium Can 330ml,Beer,WH02,West DC,110,6,0,0,1166,1452,1166,0
2025-02-16,59,SKU11,Premium Can 330ml,Beer,WH02,West DC,110,6,0,0,1068,1950,1068,0
2025-02-23,60,SKU11,Premium Can 330ml,Beer,WH02,West DC,110,6,0,0,1115,2546,1115,0
2025-03-02,61,SKU11,Premium Can 330ml,Beer,WH02,West DC,110,6,0,0,1447,1431,1431,1
2025-03-09,62,SKU11,Premium Can 330ml,Beer,WH02,West DC,110,6,0,0,1420,1664,1420,0
2025-03-16,63,SKU11,Premium Can 330ml,Beer,WH02,West DC,110,6,1,0,2541,1908,1908,1
2025-03-23,64,SKU11,Premium Can 330ml,Beer,WH02,West DC,110,6,1,0,2616,1664,1664,1
2025-03-30,65,SKU11,Premium Can 330ml,Beer,WH02,West DC,110,6,0,0,1673,1664,1664,1
2025-04-06,66,SKU11,Premium Can 330ml,Beer,WH02,West DC,110,6,0,0,1503,1664,1503,0
2025-04-13,67,SKU11,Premium Can 330ml,Beer,WH02,West DC,110,6,0,0,1539,1825,1539,0
2025-04-20,68,SKU11,Premium Can 330ml,Beer,WH02,West DC,110,6,0,0,1864,1950,1864,0
2025-04-27,69,SKU11,Premium Can 330ml,Beer,WH02,West DC,110,6,0,0,1749,1750,1749,0
2025-05-04,70,SKU11,Premium Can 330ml,Beer,WH02,West DC,110,6,0,0,1406,1665,1406,0
2025-05-11,71,SKU11,Premium Can 330ml,Beer,WH02,West DC,110,6,0,0,1363,1923,1363,0
2025-05-18,72,SKU11,Premium Can 330ml,Beer,WH02,West DC,110,6,0,0,1172,2224,1172,0
2025-05-25,73,SKU11,Premium Can 330ml,Beer,WH02,West DC,110,6,0,0,1587,2716,1587,0
2025-06-01,74,SKU11,Premium Can 330ml,Beer,WH02,West DC,110,6,0,0,1773,2793,1773,0
2025-06-08,75,SKU11,Premium Can 330ml,Beer,WH02,West DC,110,6,0,0,1386,2684,1386,0
2025-06-15,76,SKU11,Premium Can 330ml,Beer,WH02,West DC,110,6,0,0,1395,1298,1298,1
2025-06-22,77,SKU11,Premium Can 330ml,Beer,WH02,West DC,110,6,0,0,996,1664,996,0
2025-06-29,78,SKU11,Premium Can 330ml,Beer,WH02,West DC,110,6,0,0,1639,2332,1639,0
2025-07-06,79,SKU11,Premium Can 330ml,Beer,WH02,West DC,110,6,0,0,1470,2357,1470,0
2025-07-13,80,SKU11,Premium Can 330ml,Beer,WH02,West DC,110,6,0,0,1337,2551,1337,0
2025-07-20,81,SKU11,Premium Can 330ml,Beer,WH02,West DC,110,6,0,0,1189,2878,1189,0
2025-07-27,82,SKU11,Premium Can 330ml,Beer,WH02,West DC,110,6,0,0,1272,1689,1272,0
2025-08-03,83,SKU11,Premium Can 330ml,Beer,WH02,West DC,110,6,0,0,1087,2081,1087,0
2025-08-10,84,SKU11,Premium Can 330ml,Beer,WH02,West DC,110,6,0,0,1215,2658,1215,0
2025-08-17,85,SKU11,Premium Can 330ml,Beer,WH02,West DC,110,6,0,0,1039,1443,1039,0
2025-08-24,86,SKU11,Premium Can 330ml,Beer,WH02,West DC,110,6,0,0,972,2068,972,0
2025-08-31,87,SKU11,Premium Can 330ml,Beer,WH02,West DC,110,6,0,0,885,2760,885,0
2025-09-07,88,SKU11,Premium Can 330ml,Beer,WH02,West DC,110,6,0,0,1063,1875,1063,0
2025-09-14,89,SKU11,Premium Can 330ml,Beer,WH02,West DC,110,6,0,0,1276,2476,1276,0
2025-09-21,90,SKU11,Premium Can 330ml,Beer,WH02,West DC,110,6,0,1,1280,2864,1280,0
2025-09-28,91,SKU11,Premium Can 330ml,Beer,WH02,West DC,110,6,0,1,1165,1584,1165,0
2025-10-05,92,SKU11,Premium Can 330ml,Beer,WH02,West DC,110,6,1,0,1767,2083,1767,0
2025-10-12,93,SKU11,Premium Can 330ml,Beer,WH02,West DC,110,6,1,0,1822,1980,1822,0
2025-10-19,94,SKU11,Premium Can 330ml,Beer,WH02,West DC,110,6,1,0,1929,1822,1822,1
2025-10-26,95,SKU11,Premium Can 330ml,Beer,WH02,West DC,110,6,1,0,1748,1664,1664,1
2025-11-02,96,SKU11,Premium Can 330ml,Beer,WH02,West DC,110,6,1,0,1549,1664,1549,0
2025-11-09,97,SKU11,Premium Can 330ml,Beer,WH02,West DC,110,6,1,0,2276,1779,1779,1
2025-11-16,98,SKU11,Premium Can 330ml,Beer,WH02,West DC,110,6,0,0,1003,1664,1003,0
2025-11-23,99,SKU11,Premium Can 330ml,Beer,WH02,West DC,110,6,0,0,1195,2325,1195,0
2025-11-30,100,SKU11,Premium Can 330ml,Beer,WH02,West DC,110,6,0,1,1344,2794,1344,0
2025-12-07,101,SKU11,Premium Can 330ml,Beer,WH02,West DC,110,6,0,0,1046,1450,1046,0
2025-12-14,102,SKU11,Premium Can 330ml,Beer,WH02,West DC,110,6,0,0,1258,2068,1258,0
2025-12-21,103,SKU11,Premium Can 330ml,Beer,WH02,West DC,110,6,1,1,2145,2474,2145,0
2025-12-28,104,SKU11,Premium Can 330ml,Beer,WH02,West DC,110,6,1,0,2000,1993,1993,1
2024-01-07,1,SKU12,Cider 500ml,Non-Alcoholic,WH02,West DC,130,10,0,0,424,637,424,0
2024-01-14,2,SKU12,Cider 500ml,Non-Alcoholic,WH02,West DC,130,10,0,0,394,941,394,0
2024-01-21,3,SKU12,Cider 500ml,Non-Alcoholic,WH02,West DC,130,10,0,0,435,547,435,0
2024-01-28,4,SKU12,Cider 500ml,Non-Alcoholic,WH02,West DC,130,10,0,0,419,840,419,0
2024-02-04,5,SKU12,Cider 500ml,Non-Alcoholic,WH02,West DC,130,10,0,0,548,1149,548,0
2024-02-11,6,SKU12,Cider 500ml,Non-Alcoholic,WH02,West DC,130,10,0,0,418,601,418,0
2024-02-18,7,SKU12,Cider 500ml,Non-Alcoholic,WH02,West DC,130,10,0,0,474,911,474,0
2024-02-25,8,SKU12,Cider 500ml,Non-Alcoholic,WH02,West DC,130,10,0,0,455,1165,455,0
2024-03-03,9,SKU12,Cider 500ml,Non-Alcoholic,WH02,West DC,130,10,0,0,456,710,456,0
2024-03-10,10,SKU12,Cider 500ml,Non-Alcoholic,WH02,West DC,130,10,1,0,755,982,755,0
2024-03-17,11,SKU12,Cider 500ml,Non-Alcoholic,WH02,West DC,130,10,1,0,857,955,857,0
2024-03-24,12,SKU12,Cider 500ml,Non-Alcoholic,WH02,West DC,130,10,1,0,859,826,826,1
2024-03-31,13,SKU12,Cider 500ml,Non-Alcoholic,WH02,West DC,130,10,0,0,505,728,505,0
2024-04-07,14,SKU12,Cider 500ml,Non-Alcoholic,WH02,West DC,130,10,0,0,611,951,611,0
2024-04-14,15,SKU12,Cider 500ml,Non-Alcoholic,WH02,West DC,130,10,0,1,619,1068,619,0
2024-04-21,16,SKU12,Cider 500ml,Non-Alcoholic,WH02,West DC,130,10,0,0,556,1177,556,0
2024-04-28,17,SKU12,Cider 500ml,Non-Alcoholic,WH02,West DC,130,10,0,0,696,621,621,1
2024-05-05,18,SKU12,Cider 500ml,Non-Alcoholic,WH02,West DC,130,10,0,0,582,728,582,0
2024-05-12,19,SKU12,Cider 500ml,Non-Alcoholic,WH02,West DC,130,10,0,0,697,874,697,0
2024-05-19,20,SKU12,Cider 500ml,Non-Alcoholic,WH02,West DC,130,10,0,0,710,905,710,0
2024-05-26,21,SKU12,Cider 500ml,Non-Alcoholic,WH02,West DC,130,10,0,0,710,923,710,0
2024-06-02,22,SKU12,Cider 500ml,Non-Alcoholic,WH02,West DC,130,10,0,0,750,941,750,0
2024-06-09,23,SKU12,Cider 500ml,Non-Alcoholic,WH02,West DC,130,10,0,0,662,919,662,0
2024-06-16,24,SKU12,Cider 500ml,Non-Alcoholic,WH02,West DC,130,10,0,0,749,985,749,0
2024-06-23,25,SKU12,Cider 500ml,Non-Alcoholic,WH02,West DC,130,10,0,0,697,964,697,0
2024-06-30,26,SKU12,Cider 500ml,Non-Alcoholic,WH02,West DC,130,10,0,0,495,995,495,0
2024-07-07,27,SKU12,Cider 500ml,Non-Alcoholic,WH02,West DC,130,10,0,0,560,1228,560,0
2024-07-14,28,SKU12,Cider 500ml,Non-Alcoholic,WH02,West DC,130,10,0,1,859,668,668,1
2024-07-21,29,SKU12,Cider 500ml,Non-Alcoholic,WH02,West DC,130,10,0,0,413,728,413,0
2024-07-28,30,SKU12,Cider 500ml,Non-Alcoholic,WH02,West DC,130,10,0,0,536,1043,536,0
2024-08-04,31,SKU12,Cider 500ml,Non-Alcoholic,WH02,West DC,130,10,0,0,406,1235,406,0
2024-08-11,32,SKU12,Cider 500ml,Non-Alcoholic,WH02,West DC,130,10,0,0,424,829,424,0
2024-08-18,33,SKU12,Cider 500ml,Non-Alcoholic,WH02,West DC,130,10,0,0,438,1133,438,0
2024-08-25,34,SKU12,Cider 500ml,Non-Alcoholic,WH02,West DC,130,10,0,0,491,695,491,0
2024-09-01,35,SKU12,Cider 500ml,Non-Alcoholic,WH02,West DC,130,10,0,0,450,932,450,0
2024-09-08,36,SKU12,Cider 500ml,Non-Alcoholic,WH02,West DC,130,10,0,0,490,1210,490,0
2024-09-15,37,SKU12,Cider 500ml,Non-Alcoholic,WH02,West DC,130,10,0,0,580,720,580,0
2024-09-22,38,SKU12,Cider 500ml,Non-Alcoholic,WH02,West DC,130,10,0,0,531,868,531,0
2024-09-29,39,SKU12,Cider 500ml,Non-Alcoholic,WH02,West DC,130,10,0,0,481,1065,481,0
2024-10-06,40,SKU12,Cider 500ml,Non-Alcoholic,WH02,West DC,130,10,1,0,823,584,584,1
2024-10-13,41,SKU12,Cider 500ml,Non-Alcoholic,WH02,West DC,130,10,1,0,898,728,728,1
2024-10-20,42,SKU12,Cider 500ml,Non-Alcoholic,WH02,West DC,130,10,1,0,672,728,672,0
2024-10-27,43,SKU12,Cider 500ml,Non-Alcoholic,WH02,West DC,130,10,1,0,807,784,784,1
2024-11-03,44,SKU12,Cider 500ml,Non-Alcoholic,WH02,West DC,130,10,1,0,905,728,728,1
2024-11-10,45,SKU12,Cider 500ml,Non-Alcoholic,WH02,West DC,130,10,1,0,869,728,728,1
2024-11-17,46,SKU12,Cider 500ml,Non-Alcoholic,WH02,West DC,130,10,0,0,539,728,539,0
2024-11-24,47,SKU12,Cider 500ml,Non-Alcoholic,WH02,West DC,130,10,0,0,531,917,531,0
2024-12-01,48,SKU12,Cider 500ml,Non-Alcoholic,WH02,West DC,130,10,0,0,501,1114,501,0
2024-12-08,49,SKU12,Cider 500ml,Non-Alcoholic,WH02,West DC,130,10,0,0,457,613,457,0
2024-12-15,50,SKU12,Cider 500ml,Non-Alcoholic,WH02,West DC,130,10,0,0,445,884,445,0
2024-12-22,51,SKU12,Cider 500ml,Non-Alcoholic,WH02,West DC,130,10,1,0,820,1167,820,0
2024-12-29,52,SKU12,Cider 500ml,Non-Alcoholic,WH02,West DC,130,10,1,0,755,1075,755,0
2025-01-05,53,SKU12,Cider 500ml,Non-Alcoholic,WH02,West DC,130,10,0,0,430,1048,430,0
2025-01-12,54,SKU12,Cider 500ml,Non-Alcoholic,WH02,West DC,130,10,0,0,538,618,538,0
2025-01-19,55,SKU12,Cider 500ml,Non-Alcoholic,WH02,West DC,130,10,0,0,502,808,502,0
2025-01-26,56,SKU12,Cider 500ml,Non-Alcoholic,WH02,West DC,130,10,0,1,593,1034,593,0
2025-02-02,57,SKU12,Cider 500ml,Non-Alcoholic,WH02,West DC,130,10,0,0,529,1169,529,0
2025-02-09,58,SKU12,Cider 500ml,Non-Alcoholic,WH02,West DC,130,10,0,0,515,640,515,0
2025-02-16,59,SKU12,Cider 500ml,Non-Alcoholic,WH02,West DC,130,10,0,0,563,853,563,0
2025-02-23,60,SKU12,Cider 500ml,Non-Alcoholic,WH02,West DC,130,10,0,0,563,1018,563,0
2025-03-02,61,SKU12,Cider 500ml,Non-Alcoholic,WH02,West DC,130,10,0,0,523,1183,523,0
2025-03-09,62,SKU12,Cider 500ml,Non-Alcoholic,WH02,West DC,130,10,0,0,556,660,556,0
2025-03-16,63,SKU12,Cider 500ml,Non-Alcoholic,WH02,West DC,130,10,1,0,858,832,832,1
2025-03-23,64,SKU12,Cider 500ml,Non-Alcoholic,WH02,West DC,130,10,1,1,1372,728,728,1
2025-03-30,65,SKU12,Cider 500ml,Non-Alcoholic,WH02,West DC,130,10,0,0,615,728,615,0
2025-04-06,66,SKU12,Cider 500ml,Non-Alcoholic,WH02,West DC,130,10,0,0,656,841,656,0
2025-04-13,67,SKU12,Cider 500ml,Non-Alcoholic,WH02,West DC,130,10,0,0,602,913,602,0
2025-04-20,68,SKU12,Cider 500ml,Non-Alcoholic,WH02,West DC,130,10,0,0,666,1039,666,0
2025-04-27,69,SKU12,Cider 500ml,Non-Alcoholic,WH02,West DC,130,10,0,0,489,1101,489,0
2025-05-04,70,SKU12,Cider 500ml,Non-Alcoholic,WH02,West DC,130,10,0,0,637,612,612,1
2025-05-11,71,SKU12,Cider 500ml,Non-Alcoholic,WH02,West DC,130,10,0,0,585,728,585,0
2025-05-18,72,SKU12,Cider 500ml,Non-Alcoholic,WH02,West DC,130,10,0,0,739,871,739,0
2025-05-25,73,SKU12,Cider 500ml,Non-Alcoholic,WH02,West DC,130,10,0,0,640,860,640,0
2025-06-01,74,SKU12,Cider 500ml,Non-Alcoholic,WH02,West DC,130,10,0,0,675,948,675,0
2025-06-08,75,SKU12,Cider 500ml,Non-Alcoholic,WH02,West DC,130,10,0,0,657,1001,657,0
2025-06-15,76,SKU12,Cider 500ml,Non-Alcoholic,WH02,West DC,130,10,0,0,745,1072,745,0
2025-06-22,77,SKU12,Cider 500ml,Non-Alcoholic,WH02,West DC,130,10,0,1,936,1055,936,0
2025-06-29,78,SKU12,Cider 500ml,Non-Alcoholic,WH02,West DC,130,10,0,0,712,847,712,0
2025-07-06,79,SKU12,Cider 500ml,Non-Alcoholic,WH02,West DC,130,10,0,0,592,863,592,0
2025-07-13,80,SKU12,Cider 500ml,Non-Alcoholic,WH02,West DC,130,10,0,0,463,999,463,0
2025-07-20,81,SKU12,Cider 500ml,Non-Alcoholic,WH02,West DC,130,10,0,0,557,1264,557,0
2025-07-27,82,SKU12,Cider 500ml,Non-Alcoholic,WH02,West DC,130,10,0,0,654,707,654,0
2025-08-03,83,SKU12,Cider 500ml,Non-Alcoholic,WH02,West DC,130,10,0,0,510,781,510,0
2025-08-10,84,SKU12,Cider 500ml,Non-Alcoholic,WH02,West DC,130,10,0,0,480,999,480,0
2025-08-17,85,SKU12,Cider 500ml,Non-Alcoholic,WH02,West DC,130,10,0,0,470,1247,470,0
2025-08-24,86,SKU12,Cider 500ml,Non-Alcoholic,WH02,West DC,130,10,0,1,589,777,589,0
2025-08-31,87,SKU12,Cider 500ml,Non-Alcoholic,WH02,West DC,130,10,0,0,506,916,506,0
2025-09-07,88,SKU12,Cider 500ml,Non-Alcoholic,WH02,West DC,130,10,0,0,465,1138,465,0
2025-09-14,89,SKU12,Cider 500ml,Non-Alcoholic,WH02,West DC,130,10,0,0,568,673,568,0
2025-09-21,90,SKU12,Cider 500ml,Non-Alcoholic,WH02,West DC,130,10,0,0,399,833,399,0
2025-09-28,91,SKU12,Cider 500ml,Non-Alcoholic,WH02,West DC,130,10,0,1,685,1162,685,0
2025-10-05,92,SKU12,Cider 500ml,Non-Alcoholic,WH02,West DC,130,10,1,0,1058,1205,1058,0
2025-10-12,93,SKU12,Cider 500ml,Non-Alcoholic,WH02,West DC,130,10,1,0,792,875,792,0
2025-10-19,94,SKU12,Cider 500ml,Non-Alcoholic,WH02,West DC,130,10,1,0,976,811,811,1
2025-10-26,95,SKU12,Cider 500ml,Non-Alcoholic,WH02,West DC,130,10,1,0,950,728,728,1
2025-11-02,96,SKU12,Cider 500ml,Non-Alcoholic,WH02,West DC,130,10,1,0,822,728,728,1
2025-11-09,97,SKU12,Cider 500ml,Non-Alcoholic,WH02,West DC,130,10,1,0,785,728,728,1
2025-11-16,98,SKU12,Cider 500ml,Non-Alcoholic,WH02,West DC,130,10,0,0,535,728,535,0
2025-11-23,99,SKU12,Cider 500ml,Non-Alcoholic,WH02,West DC,130,10,0,0,621,921,621,0
2025-11-30,100,SKU12,Cider 500ml,Non-Alcoholic,WH02,West DC,130,10,0,0,583,1028,583,0
2025-12-07,101,SKU12,Cider 500ml,Non-Alcoholic,WH02,West DC,130,10,0,0,547,1173,547,0
2025-12-14,102,SKU12,Cider 500ml,Non-Alcoholic,WH02,West DC,130,10,0,0,536,626,536,0
2025-12-21,103,SKU12,Cider 500ml,Non-Alcoholic,WH02,West DC,130,10,1,0,782,818,782,0
2025-12-28,104,SKU12,Cider 500ml,Non-Alcoholic,WH02,West DC,130,10,1,1,946,764,764,1
2024-01-07,1,SKU01,Lager 650ml,Beer,WH03,South DC,120,5,0,0,1339,1764,1339,0
2024-01-14,2,SKU01,Lager 650ml,Beer,WH03,South DC,120,5,0,0,1138,2441,1138,0
2024-01-21,3,SKU01,Lager 650ml,Beer,WH03,South DC,120,5,0,0,1394,3319,1394,0
2024-01-28,4,SKU01,Lager 650ml,Beer,WH03,South DC,120,5,0,0,1263,1925,1263,0
2024-02-04,5,SKU01,Lager 650ml,Beer,WH03,South DC,120,5,0,0,1266,2678,1266,0
2024-02-11,6,SKU01,Lager 650ml,Beer,WH03,South DC,120,5,0,0,1514,3428,1514,0
2024-02-18,7,SKU01,Lager 650ml,Beer,WH03,South DC,120,5,0,0,1081,1914,1081,0
2024-02-25,8,SKU01,Lager 650ml,Beer,WH03,South DC,120,5,0,0,1373,2849,1373,0
2024-03-03,9,SKU01,Lager 650ml,Beer,WH03,South DC,120,5,0,0,1720,3492,1720,0
2024-03-10,10,SKU01,Lager 650ml,Beer,WH03,South DC,120,5,1,0,2494,1772,1772,1
2024-03-17,11,SKU01,Lager 650ml,Beer,WH03,South DC,120,5,1,0,2410,2016,2016,1
2024-03-24,12,SKU01,Lager 650ml,Beer,WH03,South DC,120,5,1,0,2336,2016,2016,1
2024-03-31,13,SKU01,Lager 650ml,Beer,WH03,South DC,120,5,0,0,1622,2016,1622,0
2024-04-07,14,SKU01,Lager 650ml,Beer,WH03,South DC,120,5,0,0,1322,2410,1322,0
2024-04-14,15,SKU01,Lager 650ml,Beer,WH03,South DC,120,5,0,0,1832,3104,1832,0
2024-04-21,16,SKU01,Lager 650ml,Beer,WH03,South DC,120,5,0,0,1670,3288,1670,0
2024-04-28,17,SKU01,Lager 650ml,Beer,WH03,South DC,120,5,0,0,1722,1618,1618,1
2024-05-05,18,SKU01,Lager 650ml,Beer,WH03,South DC,120,5,0,0,1836,2016,1836,0
2024-05-12,19,SKU01,Lager 650ml,Beer,WH03,South DC,120,5,0,0,1543,2196,1543,0
2024-05-19,20,SKU01,Lager 650ml,Beer,WH03,South DC,120,5,0,0,1615,2669,1615,0
2024-05-26,21,SKU01,Lager 650ml,Beer,WH03,South DC,120,5,0,0,2024,3070,2024,0
2024-06-02,22,SKU01,Lager 650ml,Beer,WH03,South DC,120,5,0,0,1669,3062,1669,0
2024-06-09,23,SKU01,Lager 650ml,Beer,WH03,South DC,120,5,0,0,1505,3409,1505,0
2024-06-16,24,SKU01,Lager 650ml,Beer,WH03,South DC,120,5,0,0,1860,1904,1860,0
2024-06-23,25,SKU01,Lager 650ml,Beer,WH03,South DC,120,5,0,0,2031,2060,2031,0
2024-06-30,26,SKU01,Lager 650ml,Beer,WH03,South DC,120,5,0,0,1486,2045,1486,0
2024-07-07,27,SKU01,Lager 650ml,Beer,WH03,South DC,120,5,0,0,1678,2575,1678,0
2024-07-14,28,SKU01,Lager 650ml,Beer,WH03,South DC,120,5,0,0,1758,2913,1758,0
2024-07-21,29,SKU01,Lager 650ml,Beer,WH03,South DC,120,5,0,1,2089,3171,2089,0
2024-07-28,30,SKU01,Lager 650ml,Beer,WH03,South DC,120,5,0,0,1478,3098,1478,0
2024-08-04,31,SKU01,Lager 650ml,Beer,WH03,South DC,120,5,0,0,1475,1620,1475,0
2024-08-11,32,SKU01,Lager 650ml,Beer,WH03,South DC,120,5,0,0,1493,2161,1493,0
2024-08-18,33,SKU01,Lager 650ml,Beer,WH03,South DC,120,5,0,0,1136,2684,1136,0
2024-08-25,34,SKU01,Lager 650ml,Beer,WH03,South DC,120,5,0,0,1433,1548,1433,0
2024-09-01,35,SKU01,Lager 650ml,Beer,WH03,South DC,120,5,0,0,1330,2131,1330,0
2024-09-08,36,SKU01,Lager 650ml,Beer,WH03,South DC,120,5,0,0,1325,2817,1325,0
2024-09-15,37,SKU01,Lager 650ml,Beer,WH03,South DC,120,5,0,0,1042,3508,1042,0
2024-09-22,38,SKU01,Lager 650ml,Beer,WH03,South DC,120,5,0,0,1009,2466,1009,0
2024-09-29,39,SKU01,Lager 650ml,Beer,WH03,South DC,120,5,0,0,1337,3473,1337,0
2024-10-06,40,SKU01,Lager 650ml,Beer,WH03,South DC,120,5,1,0,2338,2136,2136,1
2024-10-13,41,SKU01,Lager 650ml,Beer,WH03,South DC,120,5,1,0,2337,2016,2016,1
2024-10-20,42,SKU01,Lager 650ml,Beer,WH03,South DC,120,5,1,0,2309,2016,2016,1
2024-10-27,43,SKU01,Lager 650ml,Beer,WH03,South DC,120,5,1,0,2105,2016,2016,1
2024-11-03,44,SKU01,Lager 650ml,Beer,WH03,South DC,120,5,1,0,2631,2016,2016,1
2024-11-10,45,SKU01,Lager 650ml,Beer,WH03,South DC,120,5,1,1,3499,2016,2016,1
2024-11-17,46,SKU01,Lager 650ml,Beer,WH03,South DC,120,5,0,0,1099,2016,1099,0
2024-11-24,47,SKU01,Lager 650ml,Beer,WH03,South DC,120,5,0,0,1439,2933,1439,0
2024-12-01,48,SKU01,Lager 650ml,Beer,WH03,South DC,120,5,0,0,1135,3510,1135,0
2024-12-08,49,SKU01,Lager 650ml,Beer,WH03,South DC,120,5,0,0,1291,2375,1291,0
2024-12-15,50,SKU01,Lager 650ml,Beer,WH03,South DC,120,5,0,0,1401,3100,1401,0
2024-12-22,51,SKU01,Lager 650ml,Beer,WH03,South DC,120,5,1,0,1835,1699,1699,1
2024-12-29,52,SKU01,Lager 650ml,Beer,WH03,South DC,120,5,1,0,1800,2016,1800,0
2025-01-05,53,SKU01,Lager 650ml,Beer,WH03,South DC,120,5,0,0,1337,2232,1337,0
2025-01-12,54,SKU01,Lager 650ml,Beer,WH03,South DC,120,5,0,0,1476,2911,1476,0
2025-01-19,55,SKU01,Lager 650ml,Beer,WH03,South DC,120,5,0,0,1258,3451,1258,0
2025-01-26,56,SKU01,Lager 650ml,Beer,WH03,South DC,120,5,0,0,1204,2193,1204,0
2025-02-02,57,SKU01,Lager 650ml,Beer,WH03,South DC,120,5,0,0,1270,3005,1270,0
2025-02-09,58,SKU01,Lager 650ml,Beer,WH03,South DC,120,5,0,0,1532,1735,1532,0
2025-02-16,59,SKU01,Lager 650ml,Beer,WH03,South DC,120,5,0,0,1350,2219,1350,0
2025-02-23,60,SKU01,Lager 650ml,Beer,WH03,South DC,120,5,0,0,1363,2885,1363,0
2025-03-02,61,SKU01,Lager 650ml,Beer,WH03,South DC,120,5,0,0,1487,1522,1487,0
2025-03-09,62,SKU01,Lager 650ml,Beer,WH03,South DC,120,5,0,1,1900,2051,1900,0
2025-03-16,63,SKU01,Lager 650ml,Beer,WH03,South DC,120,5,1,0,2702,2167,2167,1
2025-03-23,64,SKU01,Lager 650ml,Beer,WH03,South DC,120,5,1,0,2529,2016,2016,1
2025-03-30,65,SKU01,Lager 650ml,Beer,WH03,South DC,120,5,0,0,1889,2016,1889,0
2025-04-06,66,SKU01,Lager 650ml,Beer,WH03,South DC,120,5,0,0,1729,2143,1729,0
2025-04-13,67,SKU01,Lager 650ml,Beer,WH03,South DC,120,5,0,0,2132,2430,2132,0
2025-04-20,68,SKU01,Lager 650ml,Beer,WH03,South DC,120,5,0,1,1913,2314,1913,0
2025-04-27,69,SKU01,Lager 650ml,Beer,WH03,South DC,120,5,0,0,1867,2417,1867,0
2025-05-04,70,SKU01,Lager 650ml,Beer,WH03,South DC,120,5,0,0,1840,2566,1840,0
2025-05-11,71,SKU01,Lager 650ml,Beer,WH03,South DC,120,5,0,0,2143,2742,2143,0
2025-05-18,72,SKU01,Lager 650ml,Beer,WH03,South DC,120,5,0,0,1772,2615,1772,0
2025-05-25,73,SKU01,Lager 650ml,Beer,WH03,South DC,120,5,0,0,2226,2859,2226,0
2025-06-01,74,SKU01,Lager 650ml,Beer,WH03,South DC,120,5,0,0,1519,2649,1519,0
2025-06-08,75,SKU01,Lager 650ml,Beer,WH03,South DC,120,5,0,0,1685,3146,1685,0
2025-06-15,76,SKU01,Lager 650ml,Beer,WH03,South DC,120,5,0,0,1701,3477,1701,0
2025-06-22,77,SKU01,Lager 650ml,Beer,WH03,South DC,120,5,0,0,1573,1776,1573,0
2025-06-29,78,SKU01,Lager 650ml,Beer,WH03,South DC,120,5,0,0,1859,2219,1859,0
2025-07-06,79,SKU01,Lager 650ml,Beer,WH03,South DC,120,5,0,0,1530,2376,1530,0
2025-07-13,80,SKU01,Lager 650ml,Beer,WH03,South DC,120,5,0,0,1779,2862,1779,0
2025-07-20,81,SKU01,Lager 650ml,Beer,WH03,South DC,120,5,0,0,1361,3099,1361,0
2025-07-27,82,SKU01,Lager 650ml,Beer,WH03,South DC,120,5,0,0,2018,1738,1738,1
2025-08-03,83,SKU01,Lager 650ml,Beer,WH03,South DC,120,5,0,1,2068,2016,2016,1
2025-08-10,84,SKU01,Lager 650ml,Beer,WH03,South DC,120,5,0,0,1285,2016,1285,0
2025-08-17,85,SKU01,Lager 650ml,Beer,WH03,South DC,120,5,0,0,1495,2747,1495,0
2025-08-24,86,SKU01,Lager 650ml,Beer,WH03,South DC,120,5,0,0,1290,3268,1290,0
2025-08-31,87,SKU01,Lager 650ml,Beer,WH03,South DC,120,5,0,0,1493,1978,1493,0
2025-09-07,88,SKU01,Lager 650ml,Beer,WH03,South DC,120,5,0,0,1169,2501,1169,0
2025-09-14,89,SKU01,Lager 650ml,Beer,WH03,South DC,120,5,0,0,1489,3348,1489,0
2025-09-21,90,SKU01,Lager 650ml,Beer,WH03,South DC,120,5,0,0,1325,1859,1325,0
2025-09-28,91,SKU01,Lager 650ml,Beer,WH03,South DC,120,5,0,0,1150,2550,1150,0
2025-10-05,92,SKU01,Lager 650ml,Beer,WH03,South DC,120,5,1,0,2491,3416,2491,0
2025-10-12,93,SKU01,Lager 650ml,Beer,WH03,South DC,120,5,1,0,2509,2941,2509,0
2025-10-19,94,SKU01,Lager 650ml,Beer,WH03,South DC,120,5,1,0,2567,2448,2448,1
2025-10-26,95,SKU01,Lager 650ml,Beer,WH03,South DC,120,5,1,0,3044,2016,2016,1
2025-11-02,96,SKU01,Lager 650ml,Beer,WH03,South DC,120,5,1,0,2401,2016,2016,1
2025-11-09,97,SKU01,Lager 650ml,Beer,WH03,South DC,120,5,1,0,2473,2016,2016,1
2025-11-16,98,SKU01,Lager 650ml,Beer,WH03,South DC,120,5,0,0,1171,2016,1171,0
2025-11-23,99,SKU01,Lager 650ml,Beer,WH03,South DC,120,5,0,0,1466,2861,1466,0
2025-11-30,100,SKU01,Lager 650ml,Beer,WH03,South DC,120,5,0,0,1383,3411,1383,0
2025-12-07,101,SKU01,Lager 650ml,Beer,WH03,South DC,120,5,0,0,1225,2028,1225,0
2025-12-14,102,SKU01,Lager 650ml,Beer,WH03,South DC,120,5,0,0,1429,2819,1429,0
2025-12-21,103,SKU01,Lager 650ml,Beer,WH03,South DC,120,5,1,0,1884,3406,1884,0
2025-12-28,104,SKU01,Lager 650ml,Beer,WH03,South DC,120,5,1,0,2652,1522,1522,1
2024-01-07,1,SKU02,Lager 330ml,Beer,WH03,South DC,70,5,0,0,1211,1764,1211,0
2024-01-14,2,SKU02,Lager 330ml,Beer,WH03,South DC,70,5,0,0,1086,2569,1086,0
2024-01-21,3,SKU02,Lager 330ml,Beer,WH03,South DC,70,5,0,0,1348,3499,1348,0
2024-01-28,4,SKU02,Lager 330ml,Beer,WH03,South DC,70,5,0,0,867,2151,867,0
2024-02-04,5,SKU02,Lager 330ml,Beer,WH03,South DC,70,5,0,0,1078,3300,1078,0
2024-02-11,6,SKU02,Lager 330ml,Beer,WH03,South DC,70,5,0,0,1413,2222,1413,0
2024-02-18,7,SKU02,Lager 330ml,Beer,WH03,South DC,70,5,0,0,1077,2825,1077,0
2024-02-25,8,SKU02,Lager 330ml,Beer,WH03,South DC,70,5,0,0,1382,1748,1382,0
2024-03-03,9,SKU02,Lager 330ml,Beer,WH03,South DC,70,5,0,0,1644,2382,1644,0
2024-03-10,10,SKU02,Lager 330ml,Beer,WH03,South DC,70,5,1,0,2782,2754,2754,1
2024-03-17,11,SKU02,Lager 330ml,Beer,WH03,South DC,70,5,1,1,2519,2016,2016,1
2024-03-24,12,SKU02,Lager 330ml,Beer,WH03,South DC,70,5,1,0,2126,2016,2016,1
2024-03-31,13,SKU02,Lager 330ml,Beer,WH03,South DC,70,5,0,0,1628,2016,1628,0
2024-04-07,14,SKU02,Lager 330ml,Beer,WH03,South DC,70,5,0,0,1961,2404,1961,0
2024-04-14,15,SKU02,Lager 330ml,Beer,WH03,South DC,70,5,0,0,1593,2459,1593,0
2024-04-21,16,SKU02,Lager 330ml,Beer,WH03,South DC,70,5,0,0,1397,2882,1397,0
2024-04-28,17,SKU02,Lager 330ml,Beer,WH03,South DC,70,5,0,1,1835,3501,1835,0
2024-05-05,18,SKU02,Lager 330ml,Beer,WH03,South DC,70,5,0,1,1844,1666,1666,1
2024-05-12,19,SKU02,Lager 330ml,Beer,WH03,South DC,70,5,0,0,1675,2016,1675,0
2024-05-19,20,SKU02,Lager 330ml,Beer,WH03,South DC,70,5,0,0,1795,2357,1795,0
2024-05-26,21,SKU02,Lager 330ml,Beer,WH03,South DC,70,5,0,0,1640,2578,1640,0
2024-06-02,22,SKU02,Lager 330ml,Beer,WH03,South DC,70,5,0,0,1768,2954,1768,0
2024-06-09,23,SKU02,Lager 330ml,Beer,WH03,South DC,70,5,0,0,2014,3202,2014,0
2024-06-16,24,SKU02,Lager 330ml,Beer,WH03,South DC,70,5,0,0,1615,3204,1615,0
2024-06-23,25,SKU02,Lager 330ml,Beer,WH03,South DC,70,5,0,0,1723,1589,1589,1
2024-06-30,26,SKU02,Lager 330ml,Beer,WH03,South DC,70,5,0,0,1874,2016,1874,0
2024-07-07,27,SKU02,Lager 330ml,Beer,WH03,South DC,70,5,0,0,1581,2158,1581,0
2024-07-14,28,SKU02,Lager 330ml,Beer,WH03,South DC,70,5,0,0,1593,2593,1593,0
2024-07-21,29,SKU02,Lager 330ml,Beer,WH03,South DC,70,5,0,0,1413,3016,1413,0
2024-07-28,30,SKU02,Lager 330ml,Beer,WH03,South DC,70,5,0,0,1636,1603,1603,1
2024-08-04,31,SKU02,Lager 330ml,Beer,WH03,South DC,70,5,0,1,1655,2016,1655,0
2024-08-11,32,SKU02,Lager 330ml,Beer,WH03,South DC,70,5,0,0,1121,2377,1121,0
2024-08-18,33,SKU02,Lager 330ml,Beer,WH03,South DC,70,5,0,0,1313,3272,1313,0
2024-08-25,34,SKU02,Lager 330ml,Beer,WH03,South DC,70,5,0,0,1265,1959,1265,0
2024-09-01,35,SKU02,Lager 330ml,Beer,WH03,South DC,70,5,0,0,990,2710,990,0
2024-09-08,36,SKU02,Lager 330ml,Beer,WH03,South DC,70,5,0,0,1644,1720,1644,0
2024-09-15,37,SKU02,Lager 330ml,Beer,WH03,South DC,70,5,0,1,1648,2092,1648,0
2024-09-22,38,SKU02,Lager 330ml,Beer,WH03,South DC,70,5,0,0,1629,2460,1629,0
2024-09-29,39,SKU02,Lager 330ml,Beer,WH03,South DC,70,5,0,0,1380,2847,1380,0
2024-10-06,40,SKU02,Lager 330ml,Beer,WH03,South DC,70,5,1,0,2097,3483,2097,0
2024-10-13,41,SKU02,Lager 330ml,Beer,WH03,South DC,70,5,1,0,2065,3402,2065,0
2024-10-20,42,SKU02,Lager 330ml,Beer,WH03,South DC,70,5,1,0,2478,3353,2478,0
2024-10-27,43,SKU02,Lager 330ml,Beer,WH03,South DC,70,5,1,0,2434,2891,2434,0
2024-11-03,44,SKU02,Lager 330ml,Beer,WH03,South DC,70,5,1,0,2196,2473,2196,0
2024-11-10,45,SKU02,Lager 330ml,Beer,WH03,South DC,70,5,1,0,1497,2293,1497,0
2024-11-17,46,SKU02,Lager 330ml,Beer,WH03,South DC,70,5,0,0,1347,2812,1347,0
2024-11-24,47,SKU02,Lager 330ml,Beer,WH03,South DC,70,5,0,0,1646,3481,1646,0
2024-12-01,48,SKU02,Lager 330ml,Beer,WH03,South DC,70,5,0,0,1652,1835,1652,0
2024-12-08,49,SKU02,Lager 330ml,Beer,WH03,South DC,70,5,0,0,1424,2199,1424,0
2024-12-15,50,SKU02,Lager 330ml,Beer,WH03,South DC,70,5,0,0,1273,2791,1273,0
2024-12-22,51,SKU02,Lager 330ml,Beer,WH03,South DC,70,5,1,0,2060,1518,1518,1
2024-12-29,52,SKU02,Lager 330ml,Beer,WH03,South DC,70,5,1,0,1807,2016,1807,0
2025-01-05,53,SKU02,Lager 330ml,Beer,WH03,South DC,70,5,0,0,1442,2225,1442,0
2025-01-12,54,SKU02,Lager 330ml,Beer,WH03,South DC,70,5,0,0,1135,2799,1135,0
2025-01-19,55,SKU02,Lager 330ml,Beer,WH03,South DC,70,5,0,0,1381,1664,1381,0
2025-01-26,56,SKU02,Lager 330ml,Beer,WH03,South DC,70,5,0,0,1505,2299,1505,0
2025-02-02,57,SKU02,Lager 330ml,Beer,WH03,South DC,70,5,0,0,1422,2810,1422,0
2025-02-09,58,SKU02,Lager 330ml,Beer,WH03,South DC,70,5,0,0,1208,3404,1208,0
2025-02-16,59,SKU02,Lager 330ml,Beer,WH03,South DC,70,5,0,0,1565,2196,1565,0
2025-02-23,60,SKU02,Lager 330ml,Beer,WH03,South DC,70,5,0,0,1351,2647,1351,0
2025-03-02,61,SKU02,Lager 330ml,Beer,WH03,South DC,70,5,0,0,1560,3312,1560,0
2025-03-09,62,SKU02,Lager 330ml,Beer,WH03,South DC,70,5,0,0,1670,1752,1670,0
2025-03-16,63,SKU02,Lager 330ml,Beer,WH03,South DC,70,5,1,0,1509,2098,1509,0
2025-03-23,64,SKU02,Lager 330ml,Beer,WH03,South DC,70,5,1,0,2244,2605,2244,0
2025-03-30,65,SKU02,Lager 330ml,Beer,WH03,South DC,70,5,0,0,1494,2377,1494,0
2025-04-06,66,SKU02,Lager 330ml,Beer,WH03,South DC,70,5,0,0,2086,2899,2086,0
2025-04-13,67,SKU02,Lager 330ml,Beer,WH03,South DC,70,5,0,0,1501,2829,1501,0
2025-04-20,68,SKU02,Lager 330ml,Beer,WH03,South DC,70,5,0,0,1926,3344,1926,0
2025-04-27,69,SKU02,Lager 330ml,Beer,WH03,South DC,70,5,0,0,1674,3434,1674,0
2025-05-04,70,SKU02,Lager 330ml,Beer,WH03,South DC,70,5,0,0,1769,1760,1760,1
2025-05-11,71,SKU02,Lager 330ml,Beer,WH03,South DC,70,5,0,0,1644,2016,1644,0
2025-05-18,72,SKU02,Lager 330ml,Beer,WH03,South DC,70,5,0,0,1727,2388,1727,0
2025-05-25,73,SKU02,Lager 330ml,Beer,WH03,South DC,70,5,0,0,1832,2677,1832,0
2025-06-01,74,SKU02,Lager 330ml,Beer,WH03,South DC,70,5,0,0,1815,2861,1815,0
2025-06-08,75,SKU02,Lager 330ml,Beer,WH03,South DC,70,5,0,0,1681,3062,1681,0
2025-06-15,76,SKU02,Lager 330ml,Beer,WH03,South DC,70,5,0,0,1396,3397,1396,0
2025-06-22,77,SKU02,Lager 330ml,Beer,WH03,South DC,70,5,0,0,1660,2001,1660,0
2025-06-29,78,SKU02,Lager 330ml,Beer,WH03,South DC,70,5,0,0,1673,2357,1673,0
2025-07-06,79,SKU02,Lager 330ml,Beer,WH03,South DC,70,5,0,0,1706,2700,1706,0
2025-07-13,80,SKU02,Lager 330ml,Beer,WH03,South DC,70,5,0,1,1757,3010,1757,0
2025-07-20,81,SKU02,Lager 330ml,Beer,WH03,South DC,70,5,0,0,1456,3269,1456,0
2025-07-27,82,SKU02,Lager 330ml,Beer,WH03,South DC,70,5,0,0,1806,1813,1806,0
2025-08-03,83,SKU02,Lager 330ml,Beer,WH03,South DC,70,5,0,0,1322,2023,1322,0
2025-08-10,84,SKU02,Lager 330ml,Beer,WH03,South DC,70,5,0,0,1451,2717,1451,0
2025-08-17,85,SKU02,Lager 330ml,Beer,WH03,South DC,70,5,0,0,1227,3282,1227,0
2025-08-24,86,SKU02,Lager 330ml,Beer,WH03,South DC,70,5,0,0,1577,2055,1577,0
2025-08-31,87,SKU02,Lager 330ml,Beer,WH03,South DC,70,5,0,0,1381,2494,1381,0
2025-09-07,88,SKU02,Lager 330ml,Beer,WH03,South DC,70,5,0,0,1166,3129,1166,0
2025-09-14,89,SKU02,Lager 330ml,Beer,WH03,South DC,70,5,0,0,1503,1963,1503,0
2025-09-21,90,SKU02,Lager 330ml,Beer,WH03,South DC,70,5,0,0,1357,2476,1357,0
2025-09-28,91,SKU02,Lager 330ml,Beer,WH03,South DC,70,5,0,0,1560,3135,1560,0
2025-10-05,92,SKU02,Lager 330ml,Beer,WH03,South DC,70,5,1,0,2894,1575,1575,1
2025-10-12,93,SKU02,Lager 330ml,Beer,WH03,South DC,70,5,1,0,2397,2016,2016,1
2025-10-19,94,SKU02,Lager 330ml,Beer,WH03,South DC,70,5,1,0,2558,2016,2016,1
2025-10-26,95,SKU02,Lager 330ml,Beer,WH03,South DC,70,5,1,1,3165,2016,2016,1
2025-11-02,96,SKU02,Lager 330ml,Beer,WH03,South DC,70,5,1,0,2969,2016,2016,1
2025-11-09,97,SKU02,Lager 330ml,Beer,WH03,South DC,70,5,1,0,2269,2016,2016,1
2025-11-16,98,SKU02,Lager 330ml,Beer,WH03,South DC,70,5,0,0,1159,2016,1159,0
2025-11-23,99,SKU02,Lager 330ml,Beer,WH03,South DC,70,5,0,0,1370,2873,1370,0
2025-11-30,100,SKU02,Lager 330ml,Beer,WH03,South DC,70,5,0,0,1257,3519,1257,0
2025-12-07,101,SKU02,Lager 330ml,Beer,WH03,South DC,70,5,0,0,1380,2262,1380,0
2025-12-14,102,SKU02,Lager 330ml,Beer,WH03,South DC,70,5,0,0,1645,2898,1645,0
2025-12-21,103,SKU02,Lager 330ml,Beer,WH03,South DC,70,5,1,0,2190,3269,2190,0
2025-12-28,104,SKU02,Lager 330ml,Beer,WH03,South DC,70,5,1,0,2217,3095,2217,0
2024-01-07,1,SKU03,Strong Beer 650ml,Beer,WH03,South DC,140,6,0,0,922,1008,922,0
2024-01-14,2,SKU03,Strong Beer 650ml,Beer,WH03,South DC,140,6,0,0,700,1238,700,0
2024-01-21,3,SKU03,Strong Beer 650ml,Beer,WH03,South DC,140,6,0,0,667,1690,667,0
2024-01-28,4,SKU03,Strong Beer 650ml,Beer,WH03,South DC,140,6,0,1,909,1023,909,0
2024-02-04,5,SKU03,Strong Beer 650ml,Beer,WH03,South DC,140,6,0,0,665,1266,665,0
2024-02-11,6,SKU03,Strong Beer 650ml,Beer,WH03,South DC,140,6,0,0,760,1753,760,0
2024-02-18,7,SKU03,Strong Beer 650ml,Beer,WH03,South DC,140,6,0,0,634,993,634,0
2024-02-25,8,SKU03,Strong Beer 650ml,Beer,WH03,South DC,140,6,0,0,654,1511,654,0
2024-03-03,9,SKU03,Strong Beer 650ml,Beer,WH03,South DC,140,6,0,0,578,2009,578,0
2024-03-10,10,SKU03,Strong Beer 650ml,Beer,WH03,South DC,140,6,1,0,1289,1431,1289,0
2024-03-17,11,SKU03,Strong Beer 650ml,Beer,WH03,South DC,140,6,1,1,1568,1294,1294,1
2024-03-24,12,SKU03,Strong Beer 650ml,Beer,WH03,South DC,140,6,1,0,1366,1152,1152,1
2024-03-31,13,SKU03,Strong Beer 650ml,Beer,WH03,South DC,140,6,0,0,1101,1152,1101,0
2024-04-07,14,SKU03,Strong Beer 650ml,Beer,WH03,South DC,140,6,0,0,1121,1203,1121,0
2024-04-14,15,SKU03,Strong Beer 650ml,Beer,WH03,South DC,140,6,0,0,1091,1234,1091,0
2024-04-21,16,SKU03,Strong Beer 650ml,Beer,WH03,South DC,140,6,0,0,789,1295,789,0
2024-04-28,17,SKU03,Strong Beer 650ml,Beer,WH03,South DC,140,6,0,0,1060,1658,1060,0
2024-05-05,18,SKU03,Strong Beer 650ml,Beer,WH03,South DC,140,6,0,0,1064,1750,1064,0
2024-05-12,19,SKU03,Strong Beer 650ml,Beer,WH03,South DC,140,6,0,0,1045,1838,1045,0
2024-05-19,20,SKU03,Strong Beer 650ml,Beer,WH03,South DC,140,6,0,0,898,1945,898,0
2024-05-26,21,SKU03,Strong Beer 650ml,Beer,WH03,South DC,140,6,0,0,1015,1047,1015,0
2024-06-02,22,SKU03,Strong Beer 650ml,Beer,WH03,South DC,140,6,0,0,1042,1184,1042,0
2024-06-09,23,SKU03,Strong Beer 650ml,Beer,WH03,South DC,140,6,0,0,946,1294,946,0
2024-06-16,24,SKU03,Strong Beer 650ml,Beer,WH03,South DC,140,6,0,1,1322,1500,1322,0
2024-06-23,25,SKU03,Strong Beer 650ml,Beer,WH03,South DC,140,6,0,0,1089,1330,1089,0
2024-06-30,26,SKU03,Strong Beer 650ml,Beer,WH03,South DC,140,6,0,0,979,1393,979,0
2024-07-07,27,SKU03,Strong Beer 650ml,Beer,WH03,South DC,140,6,0,0,749,1566,749,0
2024-07-14,28,SKU03,Strong Beer 650ml,Beer,WH03,South DC,140,6,0,1,851,1969,851,0
2024-07-21,29,SKU03,Strong Beer 650ml,Beer,WH03,South DC,140,6,0,0,829,1118,829,0
2024-07-28,30,SKU03,Strong Beer 650ml,Beer,WH03,South DC,140,6,0,0,757,1441,757,0
2024-08-04,31,SKU03,Strong Beer 650ml,Beer,WH03,South DC,140,6,0,0,707,1836,707,0
2024-08-11,32,SKU03,Strong Beer 650ml,Beer,WH03,South DC,140,6,0,0,780,1129,780,0
2024-08-18,33,SKU03,Strong Beer 650ml,Beer,WH03,South DC,140,6,0,0,781,1501,781,0
2024-08-25,34,SKU03,Strong Beer 650ml,Beer,WH03,South DC,140,6,0,0,708,1872,708,0
2024-09-01,35,SKU03,Strong Beer 650ml,Beer,WH03,South DC,140,6,0,0,676,1164,676,0
2024-09-08,36,SKU03,Strong Beer 650ml,Beer,WH03,South DC,140,6,0,0,725,1640,725,0
2024-09-15,37,SKU03,Strong Beer 650ml,Beer,WH03,South DC,140,6,0,0,870,915,870,0
2024-09-22,38,SKU03,Strong Beer 650ml,Beer,WH03,South DC,140,6,0,0,583,1197,583,0
2024-09-29,39,SKU03,Strong Beer 650ml,Beer,WH03,South DC,140,6,0,0,714,1766,714,0
2024-10-06,40,SKU03,Strong Beer 650ml,Beer,WH03,South DC,140,6,1,0,1171,1052,1052,1
2024-10-13,41,SKU03,Strong Beer 650ml,Beer,WH03,South DC,140,6,1,0,1501,1152,1152,1
2024-10-20,42,SKU03,Strong Beer 650ml,Beer,WH03,South DC,140,6,1,0,1418,1152,1152,1
2024-10-27,43,SKU03,Strong Beer 650ml,Beer,WH03,South DC,140,6,1,0,1375,1152,1152,1
2024-11-03,44,SKU03,Strong Beer 650ml,Beer,WH03,South DC,140,6,1,0,1214,1152,1152,1
2024-11-10,45,SKU03,Strong Beer 650ml,Beer,WH03,South DC,140,6,1,0,1176,1152,1152,1
2024-11-17,46,SKU03,Strong Beer 650ml,Beer,WH03,South DC,140,6,0,0,791,1152,791,0
2024-11-24,47,SKU03,Strong Beer 650ml,Beer,WH03,South DC,140,6,0,0,752,1513,752,0
2024-12-01,48,SKU03,Strong Beer 650ml,Beer,WH03,South DC,140,6,0,0,681,1913,681,0
2024-12-08,49,SKU03,Strong Beer 650ml,Beer,WH03,South DC,140,6,0,0,756,1232,756,0
2024-12-15,50,SKU03,Strong Beer 650ml,Beer,WH03,South DC,140,6,0,0,739,1628,739,0
2024-12-22,51,SKU03,Strong Beer 650ml,Beer,WH03,South DC,140,6,1,0,1276,889,889,1
2024-12-29,52,SKU03,Strong Beer 650ml,Beer,WH03,South DC,140,6,1,0,1209,1152,1152,1
2025-01-05,53,SKU03,Strong Beer 650ml,Beer,WH03,South DC,140,6,0,0,747,1152,747,0
2025-01-12,54,SKU03,Strong Beer 650ml,Beer,WH03,South DC,140,6,0,0,782,1557,782,0
2025-01-19,55,SKU03,Strong Beer 650ml,Beer,WH03,South DC,140,6,0,0,801,1927,801,0
2025-01-26,56,SKU03,Strong Beer 650ml,Beer,WH03,South DC,140,6,0,0,766,1126,766,0
2025-02-02,57,SKU03,Strong Beer 650ml,Beer,WH03,South DC,140,6,0,0,639,1512,639,0
2025-02-09,58,SKU03,Strong Beer 650ml,Beer,WH03,South DC,140,6,0,0,886,873,873,1
2025-02-16,59,SKU03,Strong Beer 650ml,Beer,WH03,South DC,140,6,0,1,1215,1152,1152,1
2025-02-23,60,SKU03,Strong Beer 650ml,Beer,WH03,South DC,140,6,0,0,880,1152,880,0
2025-03-02,61,SKU03,Strong Beer 650ml,Beer,WH03,South DC,140,6,0,0,995,1424,995,0
2025-03-09,62,SKU03,Strong Beer 650ml,Beer,WH03,South DC,140,6,0,0,844,1581,844,0
2025-03-16,63,SKU03,Strong Beer 650ml,Beer,WH03,South DC,140,6,1,0,1681,1889,1681,0
2025-03-23,64,SKU03,Strong Beer 650ml,Beer,WH03,South DC,140,6,1,0,1484,1360,1360,1
2025-03-30,65,SKU03,Strong Beer 650ml,Beer,WH03,South DC,140,6,0,0,1003,1152,1003,0
2025-04-06,66,SKU03,Strong Beer 650ml,Beer,WH03,South DC,140,6,0,0,1070,1301,1070,0
2025-04-13,67,SKU03,Strong Beer 650ml,Beer,WH03,South DC,140,6,0,0,904,1383,904,0
2025-04-20,68,SKU03,Strong Beer 650ml,Beer,WH03,South DC,140,6,0,0,1029,1631,1029,0
2025-04-27,69,SKU03,Strong Beer 650ml,Beer,WH03,South DC,140,6,0,0,1150,1754,1150,0
2025-05-04,70,SKU03,Strong Beer 650ml,Beer,WH03,South DC,140,6,0,0,1001,1756,1001,0
2025-05-11,71,SKU03,Strong Beer 650ml,Beer,WH03,South DC,140,6,0,0,1079,1907,1079,0
2025-05-18,72,SKU03,Strong Beer 650ml,Beer,WH03,South DC,140,6,0,0,1000,1980,1000,0
2025-05-25,73,SKU03,Strong Beer 650ml,Beer,WH03,South DC,140,6,0,0,962,980,962,0
2025-06-01,74,SKU03,Strong Beer 650ml,Beer,WH03,South DC,140,6,0,0,697,1170,697,0
2025-06-08,75,SKU03,Strong Beer 650ml,Beer,WH03,South DC,140,6,0,0,793,1625,793,0
2025-06-15,76,SKU03,Strong Beer 650ml,Beer,WH03,South DC,140,6,0,0,936,1984,936,0
2025-06-22,77,SKU03,Strong Beer 650ml,Beer,WH03,South DC,140,6,0,0,993,1048,993,0
2025-06-29,78,SKU03,Strong Beer 650ml,Beer,WH03,South DC,140,6,0,0,1204,1207,1204,0
2025-07-06,79,SKU03,Strong Beer 650ml,Beer,WH03,South DC,140,6,0,0,803,1155,803,0
2025-07-13,80,SKU03,Strong Beer 650ml,Beer,WH03,South DC,140,6,0,0,800,1504,800,0
2025-07-20,81,SKU03,Strong Beer 650ml,Beer,WH03,South DC,140,6,0,0,1107,1856,1107,0
2025-07-27,82,SKU03,Strong Beer 650ml,Beer,WH03,South DC,140,6,0,1,1265,1901,1265,0
2025-08-03,83,SKU03,Strong Beer 650ml,Beer,WH03,South DC,140,6,0,0,1074,1788,1074,0
2025-08-10,84,SKU03,Strong Beer 650ml,Beer,WH03,South DC,140,6,0,0,849,1866,849,0
2025-08-17,85,SKU03,Strong Beer 650ml,Beer,WH03,South DC,140,6,0,0,707,1017,707,0
2025-08-24,86,SKU03,Strong Beer 650ml,Beer,WH03,South DC,140,6,0,1,704,1462,704,0
2025-08-31,87,SKU03,Strong Beer 650ml,Beer,WH03,South DC,140,6,0,1,1027,1910,1027,0
2025-09-07,88,SKU03,Strong Beer 650ml,Beer,WH03,South DC,140,6,0,0,963,883,883,1
2025-09-14,89,SKU03,Strong Beer 650ml,Beer,WH03,South DC,140,6,0,0,726,1152,726,0
2025-09-21,90,SKU03,Strong Beer 650ml,Beer,WH03,South DC,140,6,0,0,844,1578,844,0
2025-09-28,91,SKU03,Strong Beer 650ml,Beer,WH03,South DC,140,6,0,0,702,1886,702,0
2025-10-05,92,SKU03,Strong Beer 650ml,Beer,WH03,South DC,140,6,1,0,1291,1184,1184,1
2025-10-12,93,SKU03,Strong Beer 650ml,Beer,WH03,South DC,140,6,1,0,1381,1152,1152,1
2025-10-19,94,SKU03,Strong Beer 650ml,Beer,WH03,South DC,140,6,1,1,2060,1152,1152,1
2025-10-26,95,SKU03,Strong Beer 650ml,Beer,WH03,South DC,140,6,1,0,1448,1152,1152,1
2025-11-02,96,SKU03,Strong Beer 650ml,Beer,WH03,South DC,140,6,1,0,1489,1152,1152,1
2025-11-09,97,SKU03,Strong Beer 650ml,Beer,WH03,South DC,140,6,1,1,1681,1152,1152,1
2025-11-16,98,SKU03,Strong Beer 650ml,Beer,WH03,South DC,140,6,0,0,803,1152,803,0
2025-11-23,99,SKU03,Strong Beer 650ml,Beer,WH03,South DC,140,6,0,0,806,1501,806,0
2025-11-30,100,SKU03,Strong Beer 650ml,Beer,WH03,South DC,140,6,0,0,851,1847,851,0
2025-12-07,101,SKU03,Strong Beer 650ml,Beer,WH03,South DC,140,6,0,0,758,996,758,0
2025-12-14,102,SKU03,Strong Beer 650ml,Beer,WH03,South DC,140,6,0,0,823,1390,823,0
2025-12-21,103,SKU03,Strong Beer 650ml,Beer,WH03,South DC,140,6,1,0,850,1719,850,0
2025-12-28,104,SKU03,Strong Beer 650ml,Beer,WH03,South DC,140,6,1,0,966,869,869,1
2024-01-07,1,SKU04,Craft IPA 330ml,Beer,WH03,South DC,180,8,0,0,316,441,316,0
2024-01-14,2,SKU04,Craft IPA 330ml,Beer,WH03,South DC,180,8,0,0,268,629,268,0
2024-01-21,3,SKU04,Craft IPA 330ml,Beer,WH03,South DC,180,8,0,0,335,865,335,0
2024-01-28,4,SKU04,Craft IPA 330ml,Beer,WH03,South DC,180,8,0,0,309,530,309,0
2024-02-04,5,SKU04,Craft IPA 330ml,Beer,WH03,South DC,180,8,0,0,325,725,325,0
2024-02-11,6,SKU04,Craft IPA 330ml,Beer,WH03,South DC,180,8,0,0,351,400,351,0
2024-02-18,7,SKU04,Craft IPA 330ml,Beer,WH03,South DC,180,8,0,1,384,553,384,0
2024-02-25,8,SKU04,Craft IPA 330ml,Beer,WH03,South DC,180,8,0,0,256,673,256,0
2024-03-03,9,SKU04,Craft IPA 330ml,Beer,WH03,South DC,180,8,0,0,327,417,327,0
2024-03-10,10,SKU04,Craft IPA 330ml,Beer,WH03,South DC,180,8,1,0,653,594,594,1
2024-03-17,11,SKU04,Craft IPA 330ml,Beer,WH03,South DC,180,8,1,0,692,504,504,1
2024-03-24,12,SKU04,Craft IPA 330ml,Beer,WH03,South DC,180,8,1,0,550,504,504,1
2024-03-31,13,SKU04,Craft IPA 330ml,Beer,WH03,South DC,180,8,0,0,367,504,367,0
2024-04-07,14,SKU04,Craft IPA 330ml,Beer,WH03,South DC,180,8,0,0,338,641,338,0
2024-04-14,15,SKU04,Craft IPA 330ml,Beer,WH03,South DC,180,8,0,0,454,807,454,0
2024-04-21,16,SKU04,Craft IPA 330ml,Beer,WH03,South DC,180,8,0,0,476,857,476,0
2024-04-28,17,SKU04,Craft IPA 330ml,Beer,WH03,South DC,180,8,0,0,416,381,381,1
2024-05-05,18,SKU04,Craft IPA 330ml,Beer,WH03,South DC,180,8,0,0,472,504,472,0
2024-05-12,19,SKU04,Craft IPA 330ml,Beer,WH03,South DC,180,8,0,0,483,536,483,0
2024-05-19,20,SKU04,Craft IPA 330ml,Beer,WH03,South DC,180,8,0,0,414,557,414,0
2024-05-26,21,SKU04,Craft IPA 330ml,Beer,WH03,South DC,180,8,0,0,336,647,336,0
2024-06-02,22,SKU04,Craft IPA 330ml,Beer,WH03,South DC,180,8,0,0,370,815,370,0
2024-06-09,23,SKU04,Craft IPA 330ml,Beer,WH03,South DC,180,8,0,0,452,445,445,1
2024-06-16,24,SKU04,Craft IPA 330ml,Beer,WH03,South DC,180,8,0,0,437,504,437,0
2024-06-23,25,SKU04,Craft IPA 330ml,Beer,WH03,South DC,180,8,0,1,518,571,518,0
2024-06-30,26,SKU04,Craft IPA 330ml,Beer,WH03,South DC,180,8,0,0,352,557,352,0
2024-07-07,27,SKU04,Craft IPA 330ml,Beer,WH03,South DC,180,8,0,0,339,709,339,0
2024-07-14,28,SKU04,Craft IPA 330ml,Beer,WH03,South DC,180,8,0,0,414,874,414,0
2024-07-21,29,SKU04,Craft IPA 330ml,Beer,WH03,South DC,180,8,0,0,443,460,443,0
2024-07-28,30,SKU04,Craft IPA 330ml,Beer,WH03,South DC,180,8,0,0,378,521,378,0
2024-08-04,31,SKU04,Craft IPA 330ml,Beer,WH03,South DC,180,8,0,0,258,647,258,0
2024-08-11,32,SKU04,Craft IPA 330ml,Beer,WH03,South DC,180,8,0,1,419,389,389,1
2024-08-18,33,SKU04,Craft IPA 330ml,Beer,WH03,South DC,180,8,0,0,330,504,330,0
2024-08-25,34,SKU04,Craft IPA 330ml,Beer,WH03,South DC,180,8,0,0,310,678,310,0
2024-09-01,35,SKU04,Craft IPA 330ml,Beer,WH03,South DC,180,8,0,0,299,872,299,0
2024-09-08,36,SKU04,Craft IPA 330ml,Beer,WH03,South DC,180,8,0,0,327,573,327,0
2024-09-15,37,SKU04,Craft IPA 330ml,Beer,WH03,South DC,180,8,0,0,353,750,353,0
2024-09-22,38,SKU04,Craft IPA 330ml,Beer,WH03,South DC,180,8,0,0,318,397,318,0
2024-09-29,39,SKU04,Craft IPA 330ml,Beer,WH03,South DC,180,8,0,0,309,583,309,0
2024-10-06,40,SKU04,Craft IPA 330ml,Beer,WH03,South DC,180,8,1,0,585,778,585,0
2024-10-13,41,SKU04,Craft IPA 330ml,Beer,WH03,South DC,180,8,1,0,616,697,616,0
2024-10-20,42,SKU04,Craft IPA 330ml,Beer,WH03,South DC,180,8,1,0,603,585,585,1
2024-10-27,43,SKU04,Craft IPA 330ml,Beer,WH03,South DC,180,8,1,0,599,504,504,1
2024-11-03,44,SKU04,Craft IPA 330ml,Beer,WH03,South DC,180,8,1,1,684,504,504,1
2024-11-10,45,SKU04,Craft IPA 330ml,Beer,WH03,South DC,180,8,1,0,647,504,504,1
2024-11-17,46,SKU04,Craft IPA 330ml,Beer,WH03,South DC,180,8,0,0,379,504,379,0
2024-11-24,47,SKU04,Craft IPA 330ml,Beer,WH03,South DC,180,8,0,0,333,629,333,0
2024-12-01,48,SKU04,Craft IPA 330ml,Beer,WH03,South DC,180,8,0,0,364,800,364,0
2024-12-08,49,SKU04,Craft IPA 330ml,Beer,WH03,South DC,180,8,0,0,342,436,342,0
2024-12-15,50,SKU04,Craft IPA 330ml,Beer,WH03,South DC,180,8,0,0,293,598,293,0
2024-12-22,51,SKU04,Craft IPA 330ml,Beer,WH03,South DC,180,8,1,0,539,809,539,0
2024-12-29,52,SKU04,Craft IPA 330ml,Beer,WH03,South DC,180,8,1,0,500,774,500,0
2025-01-05,53,SKU04,Craft IPA 330ml,Beer,WH03,South DC,180,8,0,0,364,778,364,0
2025-01-12,54,SKU04,Craft IPA 330ml,Beer,WH03,South DC,180,8,0,0,397,414,397,0
2025-01-19,55,SKU04,Craft IPA 330ml,Beer,WH03,South DC,180,8,0,0,322,521,322,0
2025-01-26,56,SKU04,Craft IPA 330ml,Beer,WH03,South DC,180,8,0,1,372,703,372,0
2025-02-02,57,SKU04,Craft IPA 330ml,Beer,WH03,South DC,180,8,0,0,309,835,309,0
2025-02-09,58,SKU04,Craft IPA 330ml,Beer,WH03,South DC,180,8,0,0,361,526,361,0
2025-02-16,59,SKU04,Craft IPA 330ml,Beer,WH03,South DC,180,8,0,0,360,669,360,0
2025-02-23,60,SKU04,Craft IPA 330ml,Beer,WH03,South DC,180,8,0,0,364,813,364,0
2025-03-02,61,SKU04,Craft IPA 330ml,Beer,WH03,South DC,180,8,0,0,372,449,372,0
2025-03-09,62,SKU04,Craft IPA 330ml,Beer,WH03,South DC,180,8,0,0,394,581,394,0
2025-03-16,63,SKU04,Craft IPA 330ml,Beer,WH03,South DC,180,8,1,0,624,691,624,0
2025-03-23,64,SKU04,Craft IPA 330ml,Beer,WH03,South DC,180,8,1,0,729,571,571,1
2025-03-30,65,SKU04,Craft IPA 330ml,Beer,WH03,South DC,180,8,0,0,368,504,368,0
2025-04-06,66,SKU04,Craft IPA 330ml,Beer,WH03,South DC,180,8,0,0,427,640,427,0
2025-04-13,67,SKU04,Craft IPA 330ml,Beer,WH03,South DC,180,8,0,0,435,717,435,0
2025-04-20,68,SKU04,Craft IPA 330ml,Beer,WH03,South DC,180,8,0,0,517,786,517,0
2025-04-27,69,SKU04,Craft IPA 330ml,Beer,WH03,South DC,180,8,0,0,503,773,503,0
2025-05-04,70,SKU04,Craft IPA 330ml,Beer,WH03,South DC,180,8,0,0,395,774,395,0
2025-05-11,71,SKU04,Craft IPA 330ml,Beer,WH03,South DC,180,8,0,0,392,379,379,1
2025-05-18,72,SKU04,Craft IPA 330ml,Beer,WH03,South DC,180,8,0,0,484,504,484,0
2025-05-25,73,SKU04,Craft IPA 330ml,Beer,WH03,South DC,180,8,0,0,459,524,459,0
2025-06-01,74,SKU04,Craft IPA 330ml,Beer,WH03,South DC,180,8,0,0,364,569,364,0
2025-06-08,75,SKU04,Craft IPA 330ml,Beer,WH03,South DC,180,8,0,0,397,709,397,0
2025-06-15,76,SKU04,Craft IPA 330ml,Beer,WH03,South DC,180,8,0,0,463,816,463,0
2025-06-22,77,SKU04,Craft IPA 330ml,Beer,WH03,South DC,180,8,0,0,605,857,605,0
2025-06-29,78,SKU04,Craft IPA 330ml,Beer,WH03,South DC,180,8,0,1,624,756,624,0
2025-07-06,79,SKU04,Craft IPA 330ml,Beer,WH03,South DC,180,8,0,0,353,636,353,0
2025-07-13,80,SKU04,Craft IPA 330ml,Beer,WH03,South DC,180,8,0,1,578,787,578,0
2025-07-20,81,SKU04,Craft IPA 330ml,Beer,WH03,South DC,180,8,0,0,349,713,349,0
2025-07-27,82,SKU04,Craft IPA 330ml,Beer,WH03,South DC,180,8,0,0,370,868,370,0
2025-08-03,83,SKU04,Craft IPA 330ml,Beer,WH03,South DC,180,8,0,0,402,498,402,0
2025-08-10,84,SKU04,Craft IPA 330ml,Beer,WH03,South DC,180,8,0,0,304,600,304,0
2025-08-17,85,SKU04,Craft IPA 330ml,Beer,WH03,South DC,180,8,0,0,410,800,410,0
2025-08-24,86,SKU04,Craft IPA 330ml,Beer,WH03,South DC,180,8,0,1,329,390,329,0
2025-08-31,87,SKU04,Craft IPA 330ml,Beer,WH03,South DC,180,8,0,1,457,565,457,0
2025-09-07,88,SKU04,Craft IPA 330ml,Beer,WH03,South DC,180,8,0,0,356,612,356,0
2025-09-14,89,SKU04,Craft IPA 330ml,Beer,WH03,South DC,180,8,0,0,389,760,389,0
2025-09-21,90,SKU04,Craft IPA 330ml,Beer,WH03,South DC,180,8,0,0,355,875,355,0
2025-09-28,91,SKU04,Craft IPA 330ml,Beer,WH03,South DC,180,8,0,0,359,520,359,0
2025-10-05,92,SKU04,Craft IPA 330ml,Beer,WH03,South DC,180,8,1,0,580,665,580,0
2025-10-12,93,SKU04,Craft IPA 330ml,Beer,WH03,South DC,180,8,1,0,611,589,589,1
2025-10-19,94,SKU04,Craft IPA 330ml,Beer,WH03,South DC,180,8,1,0,737,504,504,1
2025-10-26,95,SKU04,Craft IPA 330ml,Beer,WH03,South DC,180,8,1,0,662,504,504,1
2025-11-02,96,SKU04,Craft IPA 330ml,Beer,WH03,South DC,180,8,1,0,677,504,504,1
2025-11-09,97,SKU04,Craft IPA 330ml,Beer,WH03,South DC,180,8,1,0,650,504,504,1
2025-11-16,98,SKU04,Craft IPA 330ml,Beer,WH03,South DC,180,8,0,0,344,504,344,0
2025-11-23,99,SKU04,Craft IPA 330ml,Beer,WH03,South DC,180,8,0,0,279,664,279,0
2025-11-30,100,SKU04,Craft IPA 330ml,Beer,WH03,South DC,180,8,0,0,403,385,385,1
2025-12-07,101,SKU04,Craft IPA 330ml,Beer,WH03,South DC,180,8,0,0,382,504,382,0
2025-12-14,102,SKU04,Craft IPA 330ml,Beer,WH03,South DC,180,8,0,0,355,626,355,0
2025-12-21,103,SKU04,Craft IPA 330ml,Beer,WH03,South DC,180,8,1,0,480,775,480,0
2025-12-28,104,SKU04,Craft IPA 330ml,Beer,WH03,South DC,180,8,1,1,726,799,726,0
2024-01-07,1,SKU05,Premium Lager 500ml,Beer,WH03,South DC,150,6,0,0,647,1008,647,0
2024-01-14,2,SKU05,Premium Lager 500ml,Beer,WH03,South DC,150,6,0,0,776,1513,776,0
2024-01-21,3,SKU05,Premium Lager 500ml,Beer,WH03,South DC,150,6,0,0,672,1889,672,0
2024-01-28,4,SKU05,Premium Lager 500ml,Beer,WH03,South DC,150,6,0,0,752,1217,752,0
2024-02-04,5,SKU05,Premium Lager 500ml,Beer,WH03,South DC,150,6,0,0,838,1617,838,0
2024-02-11,6,SKU05,Premium Lager 500ml,Beer,WH03,South DC,150,6,0,0,739,1931,739,0
2024-02-18,7,SKU05,Premium Lager 500ml,Beer,WH03,South DC,150,6,0,0,771,1192,771,0
2024-02-25,8,SKU05,Premium Lager 500ml,Beer,WH03,South DC,150,6,0,0,886,1573,886,0
2024-03-03,9,SKU05,Premium Lager 500ml,Beer,WH03,South DC,150,6,0,0,876,1839,876,0
2024-03-10,10,SKU05,Premium Lager 500ml,Beer,WH03,South DC,150,6,1,0,1199,963,963,1
2024-03-17,11,SKU05,Premium Lager 500ml,Beer,WH03,South DC,150,6,1,0,1449,1152,1152,1
2024-03-24,12,SKU05,Premium Lager 500ml,Beer,WH03,South DC,150,6,1,0,1298,1152,1152,1
2024-03-31,13,SKU05,Premium Lager 500ml,Beer,WH03,South DC,150,6,0,0,999,1152,999,0
2024-04-07,14,SKU05,Premium Lager 500ml,Beer,WH03,South DC,150,6,0,0,950,1305,950,0
2024-04-14,15,SKU05,Premium Lager 500ml,Beer,WH03,South DC,150,6,0,0,952,1507,952,0
2024-04-21,16,SKU05,Premium Lager 500ml,Beer,WH03,South DC,150,6,0,0,1050,1707,1050,0
2024-04-28,17,SKU05,Premium Lager 500ml,Beer,WH03,South DC,150,6,0,0,1027,1809,1027,0
2024-05-05,18,SKU05,Premium Lager 500ml,Beer,WH03,South DC,150,6,0,0,1070,1934,1070,0
2024-05-12,19,SKU05,Premium Lager 500ml,Beer,WH03,South DC,150,6,0,0,945,864,864,1
2024-05-19,20,SKU05,Premium Lager 500ml,Beer,WH03,South DC,150,6,0,0,1091,1152,1091,0
2024-05-26,21,SKU05,Premium Lager 500ml,Beer,WH03,South DC,150,6,0,0,812,1213,812,0
2024-06-02,22,SKU05,Premium Lager 500ml,Beer,WH03,South DC,150,6,0,0,936,1553,936,0
2024-06-09,23,SKU05,Premium Lager 500ml,Beer,WH03,South DC,150,6,0,0,1070,1769,1070,0
2024-06-16,24,SKU05,Premium Lager 500ml,Beer,WH03,South DC,150,6,0,0,791,1851,791,0
2024-06-23,25,SKU05,Premium Lager 500ml,Beer,WH03,South DC,150,6,0,0,1054,1060,1054,0
2024-06-30,26,SKU05,Premium Lager 500ml,Beer,WH03,South DC,150,6,0,0,1035,1158,1035,0
2024-07-07,27,SKU05,Premium Lager 500ml,Beer,WH03,South DC,150,6,0,0,786,1275,786,0
2024-07-14,28,SKU05,Premium Lager 500ml,Beer,WH03,South DC,150,6,0,0,901,1641,901,0
2024-07-21,29,SKU05,Premium Lager 500ml,Beer,WH03,South DC,150,6,0,0,793,1892,793,0
2024-07-28,30,SKU05,Premium Lager 500ml,Beer,WH03,South DC,150,6,0,1,1164,1099,1099,1
2024-08-04,31,SKU05,Premium Lager 500ml,Beer,WH03,South DC,150,6,0,0,777,1152,777,0
2024-08-11,32,SKU05,Premium Lager 500ml,Beer,WH03,South DC,150,6,0,0,833,1527,833,0
2024-08-18,33,SKU05,Premium Lager 500ml,Beer,WH03,South DC,150,6,0,0,936,1846,936,0
2024-08-25,34,SKU05,Premium Lager 500ml,Beer,WH03,South DC,150,6,0,0,781,910,781,0
2024-09-01,35,SKU05,Premium Lager 500ml,Beer,WH03,South DC,150,6,0,0,849,1281,849,0
2024-09-08,36,SKU05,Premium Lager 500ml,Beer,WH03,South DC,150,6,0,1,814,1584,814,0
2024-09-15,37,SKU05,Premium Lager 500ml,Beer,WH03,South DC,150,6,0,0,805,1922,805,0
2024-09-22,38,SKU05,Premium Lager 500ml,Beer,WH03,South DC,150,6,0,1,705,1117,705,0
2024-09-29,39,SKU05,Premium Lager 500ml,Beer,WH03,South DC,150,6,0,0,813,1564,813,0
2024-10-06,40,SKU05,Premium Lager 500ml,Beer,WH03,South DC,150,6,1,0,1179,1903,1179,0
2024-10-13,41,SKU05,Premium Lager 500ml,Beer,WH03,South DC,150,6,1,0,1490,1876,1490,0
2024-10-20,42,SKU05,Premium Lager 500ml,Beer,WH03,South DC,150,6,1,0,1557,1538,1538,1
2024-10-27,43,SKU05,Premium Lager 500ml,Beer,WH03,South DC,150,6,1,0,1457,1152,1152,1
2024-11-03,44,SKU05,Premium Lager 500ml,Beer,WH03,South DC,150,6,1,0,1079,1152,1079,0
2024-11-10,45,SKU05,Premium Lager 500ml,Beer,WH03,South DC,150,6,1,0,1299,1225,1225,1
2024-11-17,46,SKU05,Premium Lager 500ml,Beer,WH03,South DC,150,6,0,0,588,1152,588,0
2024-11-24,47,SKU05,Premium Lager 500ml,Beer,WH03,South DC,150,6,0,0,942,1716,942,0
2024-12-01,48,SKU05,Premium Lager 500ml,Beer,WH03,South DC,150,6,0,0,811,1926,811,0
2024-12-08,49,SKU05,Premium Lager 500ml,Beer,WH03,South DC,150,6,0,0,830,1115,830,0
2024-12-15,50,SKU05,Premium Lager 500ml,Beer,WH03,South DC,150,6,0,0,672,1437,672,0
2024-12-22,51,SKU05,Premium Lager 500ml,Beer,WH03,South DC,150,6,1,0,1030,1917,1030,0
2024-12-29,52,SKU05,Premium Lager 500ml,Beer,WH03,South DC,150,6,1,0,1121,887,887,1
2025-01-05,53,SKU05,Premium Lager 500ml,Beer,WH03,South DC,150,6,0,0,853,1152,853,0
2025-01-12,54,SKU05,Premium Lager 500ml,Beer,WH03,South DC,150,6,0,1,870,1451,870,0
2025-01-19,55,SKU05,Premium Lager 500ml,Beer,WH03,South DC,150,6,0,0,940,1733,940,0
2025-01-26,56,SKU05,Premium Lager 500ml,Beer,WH03,South DC,150,6,0,0,634,1945,634,0
2025-02-02,57,SKU05,Premium Lager 500ml,Beer,WH03,South DC,150,6,0,0,750,1311,750,0
2025-02-09,58,SKU05,Premium Lager 500ml,Beer,WH03,South DC,150,6,0,0,894,1713,894,0
2025-02-16,59,SKU05,Premium Lager 500ml,Beer,WH03,South DC,150,6,0,0,678,1971,678,0
2025-02-23,60,SKU05,Premium Lager 500ml,Beer,WH03,South DC,150,6,0,0,728,1293,728,0
2025-03-02,61,SKU05,Premium Lager 500ml,Beer,WH03,South DC,150,6,0,0,905,1717,905,0
2025-03-09,62,SKU05,Premium Lager 500ml,Beer,WH03,South DC,150,6,0,0,784,1964,784,0
2025-03-16,63,SKU05,Premium Lager 500ml,Beer,WH03,South DC,150,6,1,0,1146,1180,1146,0
2025-03-23,64,SKU05,Premium Lager 500ml,Beer,WH03,South DC,150,6,1,0,1303,1186,1186,1
2025-03-30,65,SKU05,Premium Lager 500ml,Beer,WH03,South DC,150,6,0,0,1021,1152,1021,0
2025-04-06,66,SKU05,Premium Lager 500ml,Beer,WH03,South DC,150,6,0,0,1023,1283,1023,0
2025-04-13,67,SKU05,Premium Lager 500ml,Beer,WH03,South DC,150,6,0,0,920,1412,920,0
2025-04-20,68,SKU05,Premium Lager 500ml,Beer,WH03,South DC,150,6,0,0,925,1644,925,0
2025-04-27,69,SKU05,Premium Lager 500ml,Beer,WH03,South DC,150,6,0,0,1164,1871,1164,0
2025-05-04,70,SKU05,Premium Lager 500ml,Beer,WH03,South DC,150,6,0,0,966,1859,966,0
2025-05-11,71,SKU05,Premium Lager 500ml,Beer,WH03,South DC,150,6,0,0,1106,893,893,1
2025-05-18,72,SKU05,Premium Lager 500ml,Beer,WH03,South DC,150,6,0,0,1014,1152,1014,0
2025-05-25,73,SKU05,Premium Lager 500ml,Beer,WH03,South DC,150,6,0,0,1096,1290,1096,0
2025-06-01,74,SKU05,Premium Lager 500ml,Beer,WH03,South DC,150,6,0,0,1170,1346,1170,0
2025-06-08,75,SKU05,Premium Lager 500ml,Beer,WH03,South DC,150,6,0,0,1182,1328,1182,0
2025-06-15,76,SKU05,Premium Lager 500ml,Beer,WH03,South DC,150,6,0,0,943,1298,943,0
2025-06-22,77,SKU05,Premium Lager 500ml,Beer,WH03,South DC,150,6,0,0,1038,1507,1038,0
2025-06-29,78,SKU05,Premium Lager 500ml,Beer,WH03,South DC,150,6,0,0,997,1621,997,0
2025-07-06,79,SKU05,Premium Lager 500ml,Beer,WH03,South DC,150,6,0,0,1026,1776,1026,0
2025-07-13,80,SKU05,Premium Lager 500ml,Beer,WH03,South DC,150,6,0,0,805,1902,805,0
2025-07-20,81,SKU05,Premium Lager 500ml,Beer,WH03,South DC,150,6,0,0,949,1097,949,0
2025-07-27,82,SKU05,Premium Lager 500ml,Beer,WH03,South DC,150,6,0,0,945,1300,945,0
2025-08-03,83,SKU05,Premium Lager 500ml,Beer,WH03,South DC,150,6,0,0,710,1507,710,0
2025-08-10,84,SKU05,Premium Lager 500ml,Beer,WH03,South DC,150,6,0,0,638,1949,638,0
2025-08-17,85,SKU05,Premium Lager 500ml,Beer,WH03,South DC,150,6,0,0,731,1311,731,0
2025-08-24,86,SKU05,Premium Lager 500ml,Beer,WH03,South DC,150,6,0,0,764,1732,764,0
2025-08-31,87,SKU05,Premium Lager 500ml,Beer,WH03,South DC,150,6,0,1,962,968,962,0
2025-09-07,88,SKU05,Premium Lager 500ml,Beer,WH03,South DC,150,6,0,0,762,1158,762,0
2025-09-14,89,SKU05,Premium Lager 500ml,Beer,WH03,South DC,150,6,0,0,855,1548,855,0
2025-09-21,90,SKU05,Premium Lager 500ml,Beer,WH03,South DC,150,6,0,0,871,1845,871,0
2025-09-28,91,SKU05,Premium Lager 500ml,Beer,WH03,South DC,150,6,0,0,898,974,898,0
2025-10-05,92,SKU05,Premium Lager 500ml,Beer,WH03,South DC,150,6,1,1,1637,1228,1228,1
2025-10-12,93,SKU05,Premium Lager 500ml,Beer,WH03,South DC,150,6,1,1,1770,1152,1152,1
2025-10-19,94,SKU05,Premium Lager 500ml,Beer,WH03,South DC,150,6,1,0,1685,1152,1152,1
2025-10-26,95,SKU05,Premium Lager 500ml,Beer,WH03,South DC,150,6,1,0,1411,1152,1152,1
2025-11-02,96,SKU05,Premium Lager 500ml,Beer,WH03,South DC,150,6,1,0,1760,1152,1152,1
2025-11-09,97,SKU05,Premium Lager 500ml,Beer,WH03,South DC,150,6,1,0,1350,1152,1152,1
2025-11-16,98,SKU05,Premium Lager 500ml,Beer,WH03,South DC,150,6,0,0,853,1152,853,0
2025-11-23,99,SKU05,Premium Lager 500ml,Beer,WH03,South DC,150,6,0,0,868,1451,868,0
2025-11-30,100,SKU05,Premium Lager 500ml,Beer,WH03,South DC,150,6,0,0,788,1735,788,0
2025-12-07,101,SKU05,Premium Lager 500ml,Beer,WH03,South DC,150,6,0,0,765,947,765,0
2025-12-14,102,SKU05,Premium Lager 500ml,Beer,WH03,South DC,150,6,0,0,705,1334,705,0
2025-12-21,103,SKU05,Premium Lager 500ml,Beer,WH03,South DC,150,6,1,0,1157,1781,1157,0
2025-12-28,104,SKU05,Premium Lager 500ml,Beer,WH03,South DC,150,6,1,0,1021,1776,1021,0
2024-01-07,1,SKU06,Malt Drink 300ml,Non-Alcoholic,WH03,South DC,40,4,0,0,814,1008,814,0
2024-01-14,2,SKU06,Malt Drink 300ml,Non-Alcoholic,WH03,South DC,40,4,0,0,593,1346,593,0
2024-01-21,3,SKU06,Malt Drink 300ml,Non-Alcoholic,WH03,South DC,40,4,0,0,667,1905,667,0
2024-01-28,4,SKU06,Malt Drink 300ml,Non-Alcoholic,WH03,South DC,40,4,0,0,740,1238,740,0
2024-02-04,5,SKU06,Malt Drink 300ml,Non-Alcoholic,WH03,South DC,40,4,0,0,729,1650,729,0
2024-02-11,6,SKU06,Malt Drink 300ml,Non-Alcoholic,WH03,South DC,40,4,0,0,654,921,654,0
2024-02-18,7,SKU06,Malt Drink 300ml,Non-Alcoholic,WH03,South DC,40,4,0,0,752,1419,752,0
2024-02-25,8,SKU06,Malt Drink 300ml,Non-Alcoholic,WH03,South DC,40,4,0,0,617,1819,617,0
2024-03-03,9,SKU06,Malt Drink 300ml,Non-Alcoholic,WH03,South DC,40,4,0,0,857,1202,857,0
2024-03-10,10,SKU06,Malt Drink 300ml,Non-Alcoholic,WH03,South DC,40,4,1,0,1223,1497,1223,0
2024-03-17,11,SKU06,Malt Drink 300ml,Non-Alcoholic,WH03,South DC,40,4,1,0,1126,1426,1126,0
2024-03-24,12,SKU06,Malt Drink 300ml,Non-Alcoholic,WH03,South DC,40,4,1,0,1296,1452,1296,0
2024-03-31,13,SKU06,Malt Drink 300ml,Non-Alcoholic,WH03,South DC,40,4,0,0,928,1308,928,0
2024-04-07,14,SKU06,Malt Drink 300ml,Non-Alcoholic,WH03,South DC,40,4,0,0,896,1532,896,0
2024-04-14,15,SKU06,Malt Drink 300ml,Non-Alcoholic,WH03,South DC,40,4,0,0,1069,1788,1069,0
2024-04-21,16,SKU06,Malt Drink 300ml,Non-Alcoholic,WH03,South DC,40,4,0,0,983,1871,983,0
2024-04-28,17,SKU06,Malt Drink 300ml,Non-Alcoholic,WH03,South DC,40,4,0,0,874,888,874,0
2024-05-05,18,SKU06,Malt Drink 300ml,Non-Alcoholic,WH03,South DC,40,4,0,0,944,1166,944,0
2024-05-12,19,SKU06,Malt Drink 300ml,Non-Alcoholic,WH03,South DC,40,4,0,0,972,1374,972,0
2024-05-19,20,SKU06,Malt Drink 300ml,Non-Alcoholic,WH03,South DC,40,4,0,0,707,1554,707,0
2024-05-26,21,SKU06,Malt Drink 300ml,Non-Alcoholic,WH03,South DC,40,4,0,0,821,1999,821,0
2024-06-02,22,SKU06,Malt Drink 300ml,Non-Alcoholic,WH03,South DC,40,4,0,0,945,1178,945,0
2024-06-09,23,SKU06,Malt Drink 300ml,Non-Alcoholic,WH03,South DC,40,4,0,1,1050,1385,1050,0
2024-06-16,24,SKU06,Malt Drink 300ml,Non-Alcoholic,WH03,South DC,40,4,0,1,1366,1487,1366,0
2024-06-23,25,SKU06,Malt Drink 300ml,Non-Alcoholic,WH03,South DC,40,4,0,0,1049,1273,1049,0
2024-06-30,26,SKU06,Malt Drink 300ml,Non-Alcoholic,WH03,South DC,40,4,0,0,1043,1376,1043,0
2024-07-07,27,SKU06,Malt Drink 300ml,Non-Alcoholic,WH03,South DC,40,4,0,0,782,1485,782,0
2024-07-14,28,SKU06,Malt Drink 300ml,Non-Alcoholic,WH03,South DC,40,4,0,0,756,1855,756,0
2024-07-21,29,SKU06,Malt Drink 300ml,Non-Alcoholic,WH03,South DC,40,4,0,0,877,1099,877,0
2024-07-28,30,SKU06,Malt Drink 300ml,Non-Alcoholic,WH03,South DC,40,4,0,0,935,1374,935,0
2024-08-04,31,SKU06,Malt Drink 300ml,Non-Alcoholic,WH03,South DC,40,4,0,0,924,1591,924,0
2024-08-11,32,SKU06,Malt Drink 300ml,Non-Alcoholic,WH03,South DC,40,4,0,1,1060,1819,1060,0
2024-08-18,33,SKU06,Malt Drink 300ml,Non-Alcoholic,WH03,South DC,40,4,0,0,867,1911,867,0
2024-08-25,34,SKU06,Malt Drink 300ml,Non-Alcoholic,WH03,South DC,40,4,0,0,838,1044,838,0
2024-09-01,35,SKU06,Malt Drink 300ml,Non-Alcoholic,WH03,South DC,40,4,0,0,735,1358,735,0
2024-09-08,36,SKU06,Malt Drink 300ml,Non-Alcoholic,WH03,South DC,40,4,0,0,672,1775,672,0
2024-09-15,37,SKU06,Malt Drink 300ml,Non-Alcoholic,WH03,South DC,40,4,0,0,572,1103,572,0
2024-09-22,38,SKU06,Malt Drink 300ml,Non-Alcoholic,WH03,South DC,40,4,0,0,727,1683,727,0
2024-09-29,39,SKU06,Malt Drink 300ml,Non-Alcoholic,WH03,South DC,40,4,0,0,838,956,838,0
2024-10-06,40,SKU06,Malt Drink 300ml,Non-Alcoholic,WH03,South DC,40,4,1,0,1260,1270,1260,0
2024-10-13,41,SKU06,Malt Drink 300ml,Non-Alcoholic,WH03,South DC,40,4,1,0,1370,1162,1162,1
2024-10-20,42,SKU06,Malt Drink 300ml,Non-Alcoholic,WH03,South DC,40,4,1,0,1262,1152,1152,1
2024-10-27,43,SKU06,Malt Drink 300ml,Non-Alcoholic,WH03,South DC,40,4,1,0,1427,1152,1152,1
2024-11-03,44,SKU06,Malt Drink 300ml,Non-Alcoholic,WH03,South DC,40,4,1,1,1641,1152,1152,1
2024-11-10,45,SKU06,Malt Drink 300ml,Non-Alcoholic,WH03,South DC,40,4,1,0,934,1152,934,0
2024-11-17,46,SKU06,Malt Drink 300ml,Non-Alcoholic,WH03,South DC,40,4,0,1,801,1370,801,0
2024-11-24,47,SKU06,Malt Drink 300ml,Non-Alcoholic,WH03,South DC,40,4,0,0,815,1721,815,0
2024-12-01,48,SKU06,Malt Drink 300ml,Non-Alcoholic,WH03,South DC,40,4,0,0,565,906,565,0
2024-12-08,49,SKU06,Malt Drink 300ml,Non-Alcoholic,WH03,South DC,40,4,0,0,764,1493,764,0
2024-12-15,50,SKU06,Malt Drink 300ml,Non-Alcoholic,WH03,South DC,40,4,0,0,816,1881,816,0
2024-12-22,51,SKU06,Malt Drink 300ml,Non-Alcoholic,WH03,South DC,40,4,1,0,954,1065,954,0
2024-12-29,52,SKU06,Malt Drink 300ml,Non-Alcoholic,WH03,South DC,40,4,1,0,1277,1263,1263,1
2025-01-05,53,SKU06,Malt Drink 300ml,Non-Alcoholic,WH03,South DC,40,4,0,0,893,1152,893,0
2025-01-12,54,SKU06,Malt Drink 300ml,Non-Alcoholic,WH03,South DC,40,4,0,0,654,1411,654,0
2025-01-19,55,SKU06,Malt Drink 300ml,Non-Alcoholic,WH03,South DC,40,4,0,0,708,1909,708,0
2025-01-26,56,SKU06,Malt Drink 300ml,Non-Alcoholic,WH03,South DC,40,4,0,0,779,1201,779,0
2025-02-02,57,SKU06,Malt Drink 300ml,Non-Alcoholic,WH03,South DC,40,4,0,0,913,1574,913,0
2025-02-09,58,SKU06,Malt Drink 300ml,Non-Alcoholic,WH03,South DC,40,4,0,0,730,1813,730,0
2025-02-16,59,SKU06,Malt Drink 300ml,Non-Alcoholic,WH03,South DC,40,4,0,0,836,1083,836,0
2025-02-23,60,SKU06,Malt Drink 300ml,Non-Alcoholic,WH03,South DC,40,4,0,0,775,1399,775,0
2025-03-02,61,SKU06,Malt Drink 300ml,Non-Alcoholic,WH03,South DC,40,4,0,0,819,1776,819,0
2025-03-09,62,SKU06,Malt Drink 300ml,Non-Alcoholic,WH03,South DC,40,4,0,0,700,957,700,0
2025-03-16,63,SKU06,Malt Drink 300ml,Non-Alcoholic,WH03,South DC,40,4,1,0,1286,1409,1286,0
2025-03-23,64,SKU06,Malt Drink 300ml,Non-Alcoholic,WH03,South DC,40,4,1,0,1288,1275,1275,1
2025-03-30,65,SKU06,Malt Drink 300ml,Non-Alcoholic,WH03,South DC,40,4,0,0,1082,1152,1082,0
2025-04-06,66,SKU06,Malt Drink 300ml,Non-Alcoholic,WH03,South DC,40,4,0,0,1153,1222,1153,0
2025-04-13,67,SKU06,Malt Drink 300ml,Non-Alcoholic,WH03,South DC,40,4,0,0,994,1221,994,0
2025-04-20,68,SKU06,Malt Drink 300ml,Non-Alcoholic,WH03,South DC,40,4,0,0,1062,1379,1062,0
2025-04-27,69,SKU06,Malt Drink 300ml,Non-Alcoholic,WH03,South DC,40,4,0,0,963,1469,963,0
2025-05-04,70,SKU06,Malt Drink 300ml,Non-Alcoholic,WH03,South DC,40,4,0,0,1204,1658,1204,0
2025-05-11,71,SKU06,Malt Drink 300ml,Non-Alcoholic,WH03,South DC,40,4,0,0,967,1606,967,0
2025-05-18,72,SKU06,Malt Drink 300ml,Non-Alcoholic,WH03,South DC,40,4,0,0,954,1791,954,0
2025-05-25,73,SKU06,Malt Drink 300ml,Non-Alcoholic,WH03,South DC,40,4,0,0,1056,1989,1056,0
2025-06-01,74,SKU06,Malt Drink 300ml,Non-Alcoholic,WH03,South DC,40,4,0,0,879,933,879,0
2025-06-08,75,SKU06,Malt Drink 300ml,Non-Alcoholic,WH03,South DC,40,4,0,0,1028,1206,1028,0
2025-06-15,76,SKU06,Malt Drink 300ml,Non-Alcoholic,WH03,South DC,40,4,0,0,975,1330,975,0
2025-06-22,77,SKU06,Malt Drink 300ml,Non-Alcoholic,WH03,South DC,40,4,0,0,1117,1507,1117,0
2025-06-29,78,SKU06,Malt Drink 300ml,Non-Alcoholic,WH03,South DC,40,4,0,0,1225,1542,1225,0
2025-07-06,79,SKU06,Malt Drink 300ml,Non-Alcoholic,WH03,South DC,40,4,0,1,1125,1469,1125,0
2025-07-13,80,SKU06,Malt Drink 300ml,Non-Alcoholic,WH03,South DC,40,4,0,0,917,1496,917,0
2025-07-20,81,SKU06,Malt Drink 300ml,Non-Alcoholic,WH03,South DC,40,4,0,0,975,1731,975,0
2025-07-27,82,SKU06,Malt Drink 300ml,Non-Alcoholic,WH03,South DC,40,4,0,0,729,1908,729,0
2025-08-03,83,SKU06,Malt Drink 300ml,Non-Alcoholic,WH03,South DC,40,4,0,0,740,1179,740,0
2025-08-10,84,SKU06,Malt Drink 300ml,Non-Alcoholic,WH03,South DC,40,4,0,0,859,1591,859,0
2025-08-17,85,SKU06,Malt Drink 300ml,Non-Alcoholic,WH03,South DC,40,4,0,0,897,1884,897,0
2025-08-24,86,SKU06,Malt Drink 300ml,Non-Alcoholic,WH03,South DC,40,4,0,0,853,987,853,0
2025-08-31,87,SKU06,Malt Drink 300ml,Non-Alcoholic,WH03,South DC,40,4,0,0,930,1286,930,0
2025-09-07,88,SKU06,Malt Drink 300ml,Non-Alcoholic,WH03,South DC,40,4,0,1,903,1508,903,0
2025-09-14,89,SKU06,Malt Drink 300ml,Non-Alcoholic,WH03,South DC,40,4,0,0,894,1757,894,0
2025-09-21,90,SKU06,Malt Drink 300ml,Non-Alcoholic,WH03,South DC,40,4,0,0,791,2015,791,0
2025-09-28,91,SKU06,Malt Drink 300ml,Non-Alcoholic,WH03,South DC,40,4,0,0,620,1224,620,0
2025-10-05,92,SKU06,Malt Drink 300ml,Non-Alcoholic,WH03,South DC,40,4,1,0,897,1756,897,0
2025-10-12,93,SKU06,Malt Drink 300ml,Non-Alcoholic,WH03,South DC,40,4,1,0,1503,2011,1503,0
2025-10-19,94,SKU06,Malt Drink 300ml,Non-Alcoholic,WH03,South DC,40,4,1,0,1393,1660,1393,0
2025-10-26,95,SKU06,Malt Drink 300ml,Non-Alcoholic,WH03,South DC,40,4,1,0,1786,1419,1419,1
2025-11-02,96,SKU06,Malt Drink 300ml,Non-Alcoholic,WH03,South DC,40,4,1,0,1479,1152,1152,1
2025-11-09,97,SKU06,Malt Drink 300ml,Non-Alcoholic,WH03,South DC,40,4,1,0,1367,1152,1152,1
2025-11-16,98,SKU06,Malt Drink 300ml,Non-Alcoholic,WH03,South DC,40,4,0,0,810,1152,810,0
2025-11-23,99,SKU06,Malt Drink 300ml,Non-Alcoholic,WH03,South DC,40,4,0,0,756,1494,756,0
2025-11-30,100,SKU06,Malt Drink 300ml,Non-Alcoholic,WH03,South DC,40,4,0,0,695,1890,695,0
2025-12-07,101,SKU06,Malt Drink 300ml,Non-Alcoholic,WH03,South DC,40,4,0,0,805,1195,805,0
2025-12-14,102,SKU06,Malt Drink 300ml,Non-Alcoholic,WH03,South DC,40,4,0,0,727,1542,727,0
2025-12-21,103,SKU06,Malt Drink 300ml,Non-Alcoholic,WH03,South DC,40,4,1,0,1330,1967,1330,0
2025-12-28,104,SKU06,Malt Drink 300ml,Non-Alcoholic,WH03,South DC,40,4,1,0,1505,1789,1505,0
2024-01-07,1,SKU07,Soda Mixer 250ml,Non-Alcoholic,WH03,South DC,30,4,0,0,301,441,301,0
2024-01-14,2,SKU07,Soda Mixer 250ml,Non-Alcoholic,WH03,South DC,30,4,0,0,372,644,372,0
2024-01-21,3,SKU07,Soda Mixer 250ml,Non-Alcoholic,WH03,South DC,30,4,0,0,258,776,258,0
2024-01-28,4,SKU07,Soda Mixer 250ml,Non-Alcoholic,WH03,South DC,30,4,0,0,352,518,352,0
2024-02-04,5,SKU07,Soda Mixer 250ml,Non-Alcoholic,WH03,South DC,30,4,0,0,325,670,325,0
2024-02-11,6,SKU07,Soda Mixer 250ml,Non-Alcoholic,WH03,South DC,30,4,0,0,336,849,336,0
2024-02-18,7,SKU07,Soda Mixer 250ml,Non-Alcoholic,WH03,South DC,30,4,0,0,361,513,361,0
2024-02-25,8,SKU07,Soda Mixer 250ml,Non-Alcoholic,WH03,South DC,30,4,0,1,412,656,412,0
2024-03-03,9,SKU07,Soda Mixer 250ml,Non-Alcoholic,WH03,South DC,30,4,0,0,302,748,302,0
2024-03-10,10,SKU07,Soda Mixer 250ml,Non-Alcoholic,WH03,South DC,30,4,1,1,792,446,446,1
2024-03-17,11,SKU07,Soda Mixer 250ml,Non-Alcoholic,WH03,South DC,30,4,1,1,776,504,504,1
2024-03-24,12,SKU07,Soda Mixer 250ml,Non-Alcoholic,WH03,South DC,30,4,1,0,564,504,504,1
2024-03-31,13,SKU07,Soda Mixer 250ml,Non-Alcoholic,WH03,South DC,30,4,0,0,360,504,360,0
2024-04-07,14,SKU07,Soda Mixer 250ml,Non-Alcoholic,WH03,South DC,30,4,0,0,472,648,472,0
2024-04-14,15,SKU07,Soda Mixer 250ml,Non-Alcoholic,WH03,South DC,30,4,0,0,442,680,442,0
2024-04-21,16,SKU07,Soda Mixer 250ml,Non-Alcoholic,WH03,South DC,30,4,0,0,411,742,411,0
2024-04-28,17,SKU07,Soda Mixer 250ml,Non-Alcoholic,WH03,South DC,30,4,0,0,438,835,438,0
2024-05-05,18,SKU07,Soda Mixer 250ml,Non-Alcoholic,WH03,South DC,30,4,0,0,379,397,379,0
2024-05-12,19,SKU07,Soda Mixer 250ml,Non-Alcoholic,WH03,South DC,30,4,0,0,394,522,394,0
2024-05-19,20,SKU07,Soda Mixer 250ml,Non-Alcoholic,WH03,South DC,30,4,0,0,433,632,433,0
2024-05-26,21,SKU07,Soda Mixer 250ml,Non-Alcoholic,WH03,South DC,30,4,0,0,431,703,431,0
2024-06-02,22,SKU07,Soda Mixer 250ml,Non-Alcoholic,WH03,South DC,30,4,0,0,445,776,445,0
2024-06-09,23,SKU07,Soda Mixer 250ml,Non-Alcoholic,WH03,South DC,30,4,0,0,434,835,434,0
2024-06-16,24,SKU07,Soda Mixer 250ml,Non-Alcoholic,WH03,South DC,30,4,0,0,371,401,371,0
2024-06-23,25,SKU07,Soda Mixer 250ml,Non-Alcoholic,WH03,South DC,30,4,0,0,515,534,515,0
2024-06-30,26,SKU07,Soda Mixer 250ml,Non-Alcoholic,WH03,South DC,30,4,0,0,496,523,496,0
2024-07-07,27,SKU07,Soda Mixer 250ml,Non-Alcoholic,WH03,South DC,30,4,0,0,389,531,389,0
2024-07-14,28,SKU07,Soda Mixer 250ml,Non-Alcoholic,WH03,South DC,30,4,0,0,353,646,353,0
2024-07-21,29,SKU07,Soda Mixer 250ml,Non-Alcoholic,WH03,South DC,30,4,0,0,417,797,417,0
2024-07-28,30,SKU07,Soda Mixer 250ml,Non-Alcoholic,WH03,South DC,30,4,0,0,412,380,380,1
2024-08-04,31,SKU07,Soda Mixer 250ml,Non-Alcoholic,WH03,South DC,30,4,0,0,378,504,378,0
2024-08-11,32,SKU07,Soda Mixer 250ml,Non-Alcoholic,WH03,South DC,30,4,0,0,349,630,349,0
2024-08-18,33,SKU07,Soda Mixer 250ml,Non-Alcoholic,WH03,South DC,30,4,0,0,314,785,314,0
2024-08-25,34,SKU07,Soda Mixer 250ml,Non-Alcoholic,WH03,South DC,30,4,0,0,348,471,348,0
2024-09-01,35,SKU07,Soda Mixer 250ml,Non-Alcoholic,WH03,South DC,30,4,0,0,252,627,252,0
2024-09-08,36,SKU07,Soda Mixer 250ml,Non-Alcoholic,WH03,South DC,30,4,0,0,312,879,312,0
2024-09-15,37,SKU07,Soda Mixer 250ml,Non-Alcoholic,WH03,South DC,30,4,0,0,398,567,398,0
2024-09-22,38,SKU07,Soda Mixer 250ml,Non-Alcoholic,WH03,South DC,30,4,0,0,280,673,280,0
2024-09-29,39,SKU07,Soda Mixer 250ml,Non-Alcoholic,WH03,South DC,30,4,0,0,263,393,263,0
2024-10-06,40,SKU07,Soda Mixer 250ml,Non-Alcoholic,WH03,South DC,30,4,1,0,572,634,572,0
2024-10-13,41,SKU07,Soda Mixer 250ml,Non-Alcoholic,WH03,South DC,30,4,1,0,574,566,566,1
2024-10-20,42,SKU07,Soda Mixer 250ml,Non-Alcoholic,WH03,South DC,30,4,1,0,656,504,504,1
2024-10-27,43,SKU07,Soda Mixer 250ml,Non-Alcoholic,WH03,South DC,30,4,1,0,613,504,504,1
2024-11-03,44,SKU07,Soda Mixer 250ml,Non-Alcoholic,WH03,South DC,30,4,1,0,595,504,504,1
2024-11-10,45,SKU07,Soda Mixer 250ml,Non-Alcoholic,WH03,South DC,30,4,1,0,483,504,483,0
2024-11-17,46,SKU07,Soda Mixer 250ml,Non-Alcoholic,WH03,South DC,30,4,0,0,332,525,332,0
2024-11-24,47,SKU07,Soda Mixer 250ml,Non-Alcoholic,WH03,South DC,30,4,0,0,303,697,303,0
2024-12-01,48,SKU07,Soda Mixer 250ml,Non-Alcoholic,WH03,South DC,30,4,0,0,361,394,361,0
2024-12-08,49,SKU07,Soda Mixer 250ml,Non-Alcoholic,WH03,South DC,30,4,0,0,334,537,334,0
2024-12-15,50,SKU07,Soda Mixer 250ml,Non-Alcoholic,WH03,South DC,30,4,0,0,238,707,238,0
2024-12-22,51,SKU07,Soda Mixer 250ml,Non-Alcoholic,WH03,South DC,30,4,1,0,577,469,469,1
2024-12-29,52,SKU07,Soda Mixer 250ml,Non-Alcoholic,WH03,South DC,30,4,1,0,288,504,288,0
2025-01-05,53,SKU07,Soda Mixer 250ml,Non-Alcoholic,WH03,South DC,30,4,0,0,291,720,291,0
2025-01-12,54,SKU07,Soda Mixer 250ml,Non-Alcoholic,WH03,South DC,30,4,0,0,339,429,339,0
2025-01-19,55,SKU07,Soda Mixer 250ml,Non-Alcoholic,WH03,South DC,30,4,0,0,329,594,329,0
2025-01-26,56,SKU07,Soda Mixer 250ml,Non-Alcoholic,WH03,South DC,30,4,0,0,356,769,356,0
2025-02-02,57,SKU07,Soda Mixer 250ml,Non-Alcoholic,WH03,South DC,30,4,0,0,312,413,312,0
2025-02-09,58,SKU07,Soda Mixer 250ml,Non-Alcoholic,WH03,South DC,30,4,0,0,306,605,306,0
2025-02-16,59,SKU07,Soda Mixer 250ml,Non-Alcoholic,WH03,South DC,30,4,0,0,328,803,328,0
2025-02-23,60,SKU07,Soda Mixer 250ml,Non-Alcoholic,WH03,South DC,30,4,0,0,394,475,394,0
2025-03-02,61,SKU07,Soda Mixer 250ml,Non-Alcoholic,WH03,South DC,30,4,0,0,333,585,333,0
2025-03-09,62,SKU07,Soda Mixer 250ml,Non-Alcoholic,WH03,South DC,30,4,0,0,389,756,389,0
2025-03-16,63,SKU07,Soda Mixer 250ml,Non-Alcoholic,WH03,South DC,30,4,1,0,643,871,643,0
2025-03-23,64,SKU07,Soda Mixer 250ml,Non-Alcoholic,WH03,South DC,30,4,1,0,633,732,633,0
2025-03-30,65,SKU07,Soda Mixer 250ml,Non-Alcoholic,WH03,South DC,30,4,0,0,364,603,364,0
2025-04-06,66,SKU07,Soda Mixer 250ml,Non-Alcoholic,WH03,South DC,30,4,0,0,437,743,437,0
2025-04-13,67,SKU07,Soda Mixer 250ml,Non-Alcoholic,WH03,South DC,30,4,0,0,449,810,449,0
2025-04-20,68,SKU07,Soda Mixer 250ml,Non-Alcoholic,WH03,South DC,30,4,0,0,457,865,457,0
2025-04-27,69,SKU07,Soda Mixer 250ml,Non-Alcoholic,WH03,South DC,30,4,0,1,435,408,408,1
2025-05-04,70,SKU07,Soda Mixer 250ml,Non-Alcoholic,WH03,South DC,30,4,0,0,490,504,490,0
2025-05-11,71,SKU07,Soda Mixer 250ml,Non-Alcoholic,WH03,South DC,30,4,0,0,481,518,481,0
2025-05-18,72,SKU07,Soda Mixer 250ml,Non-Alcoholic,WH03,South DC,30,4,0,0,507,541,507,0
2025-05-25,73,SKU07,Soda Mixer 250ml,Non-Alcoholic,WH03,South DC,30,4,0,0,361,538,361,0
2025-06-01,74,SKU07,Soda Mixer 250ml,Non-Alcoholic,WH03,South DC,30,4,0,1,595,681,595,0
2025-06-08,75,SKU07,Soda Mixer 250ml,Non-Alcoholic,WH03,South DC,30,4,0,0,455,590,455,0
2025-06-15,76,SKU07,Soda Mixer 250ml,Non-Alcoholic,WH03,South DC,30,4,0,0,470,639,470,0
2025-06-22,77,SKU07,Soda Mixer 250ml,Non-Alcoholic,WH03,South DC,30,4,0,0,451,673,451,0
2025-06-29,78,SKU07,Soda Mixer 250ml,Non-Alcoholic,WH03,South DC,30,4,0,0,485,726,485,0
2025-07-06,79,SKU07,Soda Mixer 250ml,Non-Alcoholic,WH03,South DC,30,4,0,0,365,745,365,0
2025-07-13,80,SKU07,Soda Mixer 250ml,Non-Alcoholic,WH03,South DC,30,4,0,1,499,380,380,1
2025-07-20,81,SKU07,Soda Mixer 250ml,Non-Alcoholic,WH03,South DC,30,4,0,0,319,504,319,0
2025-07-27,82,SKU07,Soda Mixer 250ml,Non-Alcoholic,WH03,South DC,30,4,0,0,379,689,379,0
2025-08-03,83,SKU07,Soda Mixer 250ml,Non-Alcoholic,WH03,South DC,30,4,0,0,332,814,332,0
2025-08-10,84,SKU07,Soda Mixer 250ml,Non-Alcoholic,WH03,South DC,30,4,0,0,246,482,246,0
2025-08-17,85,SKU07,Soda Mixer 250ml,Non-Alcoholic,WH03,South DC,30,4,0,0,350,740,350,0
2025-08-24,86,SKU07,Soda Mixer 250ml,Non-Alcoholic,WH03,South DC,30,4,0,1,450,390,390,1
2025-08-31,87,SKU07,Soda Mixer 250ml,Non-Alcoholic,WH03,South DC,30,4,0,0,331,504,331,0
2025-09-07,88,SKU07,Soda Mixer 250ml,Non-Alcoholic,WH03,South DC,30,4,0,0,377,677,377,0
2025-09-14,89,SKU07,Soda Mixer 250ml,Non-Alcoholic,WH03,South DC,30,4,0,0,401,804,401,0
2025-09-21,90,SKU07,Soda Mixer 250ml,Non-Alcoholic,WH03,South DC,30,4,0,1,536,403,403,1
2025-09-28,91,SKU07,Soda Mixer 250ml,Non-Alcoholic,WH03,South DC,30,4,0,0,296,504,296,0
2025-10-05,92,SKU07,Soda Mixer 250ml,Non-Alcoholic,WH03,South DC,30,4,1,0,666,712,666,0
2025-10-12,93,SKU07,Soda Mixer 250ml,Non-Alcoholic,WH03,South DC,30,4,1,0,636,550,550,1
2025-10-19,94,SKU07,Soda Mixer 250ml,Non-Alcoholic,WH03,South DC,30,4,1,0,624,504,504,1
2025-10-26,95,SKU07,Soda Mixer 250ml,Non-Alcoholic,WH03,South DC,30,4,1,0,535,504,504,1
2025-11-02,96,SKU07,Soda Mixer 250ml,Non-Alcoholic,WH03,South DC,30,4,1,0,628,504,504,1
2025-11-09,97,SKU07,Soda Mixer 250ml,Non-Alcoholic,WH03,South DC,30,4,1,0,459,504,459,0
2025-11-16,98,SKU07,Soda Mixer 250ml,Non-Alcoholic,WH03,South DC,30,4,0,0,342,549,342,0
2025-11-23,99,SKU07,Soda Mixer 250ml,Non-Alcoholic,WH03,South DC,30,4,0,0,281,711,281,0
2025-11-30,100,SKU07,Soda Mixer 250ml,Non-Alcoholic,WH03,South DC,30,4,0,0,330,430,330,0
2025-12-07,101,SKU07,Soda Mixer 250ml,Non-Alcoholic,WH03,South DC,30,4,0,1,491,604,491,0
2025-12-14,102,SKU07,Soda Mixer 250ml,Non-Alcoholic,WH03,South DC,30,4,0,1,404,617,404,0
2025-12-21,103,SKU07,Soda Mixer 250ml,Non-Alcoholic,WH03,South DC,30,4,1,0,408,717,408,0
2025-12-28,104,SKU07,Soda Mixer 250ml,Non-Alcoholic,WH03,South DC,30,4,1,0,546,813,546,0
2024-01-07,1,SKU08,Lager Can 500ml,Beer,WH03,South DC,100,5,0,1,1437,1764,1437,0
2024-01-14,2,SKU08,Lager Can 500ml,Beer,WH03,South DC,100,5,0,0,1560,2343,1560,0
2024-01-21,3,SKU08,Lager Can 500ml,Beer,WH03,South DC,100,5,0,0,1027,2799,1027,0
2024-01-28,4,SKU08,Lager Can 500ml,Beer,WH03,South DC,100,5,0,0,1694,1772,1694,0
2024-02-04,5,SKU08,Lager Can 500ml,Beer,WH03,South DC,100,5,0,1,1473,2094,1473,0
2024-02-11,6,SKU08,Lager Can 500ml,Beer,WH03,South DC,100,5,0,0,1174,2637,1174,0
2024-02-18,7,SKU08,Lager Can 500ml,Beer,WH03,South DC,100,5,0,0,1054,3479,1054,0
2024-02-25,8,SKU08,Lager Can 500ml,Beer,WH03,South DC,100,5,0,0,1326,2425,1326,0
2024-03-03,9,SKU08,Lager Can 500ml,Beer,WH03,South DC,100,5,0,0,1079,3115,1079,0
2024-03-10,10,SKU08,Lager Can 500ml,Beer,WH03,South DC,100,5,1,0,2420,2036,2036,1
2024-03-17,11,SKU08,Lager Can 500ml,Beer,WH03,South DC,100,5,1,1,3231,2016,2016,1
2024-03-24,12,SKU08,Lager Can 500ml,Beer,WH03,South DC,100,5,1,0,1989,2016,1989,0
2024-03-31,13,SKU08,Lager Can 500ml,Beer,WH03,South DC,100,5,0,0,1751,2043,1751,0
2024-04-07,14,SKU08,Lager Can 500ml,Beer,WH03,South DC,100,5,0,0,1550,2308,1550,0
2024-04-14,15,SKU08,Lager Can 500ml,Beer,WH03,South DC,100,5,0,0,1660,2774,1660,0
2024-04-21,16,SKU08,Lager Can 500ml,Beer,WH03,South DC,100,5,0,0,1378,3130,1378,0
2024-04-28,17,SKU08,Lager Can 500ml,Beer,WH03,South DC,100,5,0,0,1697,1752,1697,0
2024-05-05,18,SKU08,Lager Can 500ml,Beer,WH03,South DC,100,5,0,1,2284,2071,2071,1
2024-05-12,19,SKU08,Lager Can 500ml,Beer,WH03,South DC,100,5,0,0,1475,2016,1475,0
2024-05-19,20,SKU08,Lager Can 500ml,Beer,WH03,South DC,100,5,0,0,1774,2557,1774,0
2024-05-26,21,SKU08,Lager Can 500ml,Beer,WH03,South DC,100,5,0,0,1820,2799,1820,0
2024-06-02,22,SKU08,Lager Can 500ml,Beer,WH03,South DC,100,5,0,0,1888,2995,1888,0
2024-06-09,23,SKU08,Lager Can 500ml,Beer,WH03,South DC,100,5,0,0,1730,3123,1730,0
2024-06-16,24,SKU08,Lager Can 500ml,Beer,WH03,South DC,100,5,0,0,1996,3409,1996,0
2024-06-23,25,SKU08,Lager Can 500ml,Beer,WH03,South DC,100,5,0,0,1478,3429,1478,0
2024-06-30,26,SKU08,Lager Can 500ml,Beer,WH03,South DC,100,5,0,0,1820,1951,1820,0
2024-07-07,27,SKU08,Lager Can 500ml,Beer,WH03,South DC,100,5,0,0,1353,2147,1353,0
2024-07-14,28,SKU08,Lager Can 500ml,Beer,WH03,South DC,100,5,0,0,1541,2810,1541,0
2024-07-21,29,SKU08,Lager Can 500ml,Beer,WH03,South DC,100,5,0,0,1506,3285,1506,0
2024-07-28,30,SKU08,Lager Can 500ml,Beer,WH03,South DC,100,5,0,0,1350,1779,1350,0
2024-08-04,31,SKU08,Lager Can 500ml,Beer,WH03,South DC,100,5,0,0,1282,2445,1282,0
2024-08-11,32,SKU08,Lager Can 500ml,Beer,WH03,South DC,100,5,0,0,1173,3179,1173,0
2024-08-18,33,SKU08,Lager Can 500ml,Beer,WH03,South DC,100,5,0,0,1595,2006,1595,0
2024-08-25,34,SKU08,Lager Can 500ml,Beer,WH03,South DC,100,5,0,0,1402,2427,1402,0
2024-09-01,35,SKU08,Lager Can 500ml,Beer,WH03,South DC,100,5,0,0,1602,3041,1602,0
2024-09-08,36,SKU08,Lager Can 500ml,Beer,WH03,South DC,100,5,0,1,1453,3455,1453,0
2024-09-15,37,SKU08,Lager Can 500ml,Beer,WH03,South DC,100,5,0,0,1035,2002,1035,0
2024-09-22,38,SKU08,Lager Can 500ml,Beer,WH03,South DC,100,5,0,1,1700,2983,1700,0
2024-09-29,39,SKU08,Lager Can 500ml,Beer,WH03,South DC,100,5,0,0,1365,3299,1365,0
2024-10-06,40,SKU08,Lager Can 500ml,Beer,WH03,South DC,100,5,1,0,2561,1934,1934,1
2024-10-13,41,SKU08,Lager Can 500ml,Beer,WH03,South DC,100,5,1,1,3207,2016,2016,1
2024-10-20,42,SKU08,Lager Can 500ml,Beer,WH03,South DC,100,5,1,0,2881,2016,2016,1
2024-10-27,43,SKU08,Lager Can 500ml,Beer,WH03,South DC,100,5,1,0,2568,2016,2016,1
2024-11-03,44,SKU08,Lager Can 500ml,Beer,WH03,South DC,100,5,1,0,2066,2016,2016,1
2024-11-10,45,SKU08,Lager Can 500ml,Beer,WH03,South DC,100,5,1,0,1968,2016,1968,0
2024-11-17,46,SKU08,Lager Can 500ml,Beer,WH03,South DC,100,5,0,0,1623,2064,1623,0
2024-11-24,47,SKU08,Lager Can 500ml,Beer,WH03,South DC,100,5,0,0,1318,2457,1318,0
2024-12-01,48,SKU08,Lager Can 500ml,Beer,WH03,South DC,100,5,0,0,1538,3155,1538,0
2024-12-08,49,SKU08,Lager Can 500ml,Beer,WH03,South DC,100,5,0,0,1188,1617,1188,0
2024-12-15,50,SKU08,Lager Can 500ml,Beer,WH03,South DC,100,5,0,0,1432,2445,1432,0
2024-12-22,51,SKU08,Lager Can 500ml,Beer,WH03,South DC,100,5,1,0,1784,3029,1784,0
2024-12-29,52,SKU08,Lager Can 500ml,Beer,WH03,South DC,100,5,1,0,1411,3261,1411,0
2025-01-05,53,SKU08,Lager Can 500ml,Beer,WH03,South DC,100,5,0,0,1510,1850,1510,0
2025-01-12,54,SKU08,Lager Can 500ml,Beer,WH03,South DC,100,5,0,0,1136,2356,1136,0
2025-01-19,55,SKU08,Lager Can 500ml,Beer,WH03,South DC,100,5,0,0,1118,3236,1118,0
2025-01-26,56,SKU08,Lager Can 500ml,Beer,WH03,South DC,100,5,0,0,1312,2118,1312,0
2025-02-02,57,SKU08,Lager Can 500ml,Beer,WH03,South DC,100,5,0,1,1646,2822,1646,0
2025-02-09,58,SKU08,Lager Can 500ml,Beer,WH03,South DC,100,5,0,0,1379,3192,1379,0
2025-02-16,59,SKU08,Lager Can 500ml,Beer,WH03,South DC,100,5,0,0,1399,1813,1399,0
2025-02-23,60,SKU08,Lager Can 500ml,Beer,WH03,South DC,100,5,0,1,1502,2430,1502,0
2025-03-02,61,SKU08,Lager Can 500ml,Beer,WH03,South DC,100,5,0,0,1297,2944,1297,0
2025-03-09,62,SKU08,Lager Can 500ml,Beer,WH03,South DC,100,5,0,0,1781,1647,1647,1
2025-03-16,63,SKU08,Lager Can 500ml,Beer,WH03,South DC,100,5,1,0,2720,2016,2016,1
2025-03-23,64,SKU08,Lager Can 500ml,Beer,WH03,South DC,100,5,1,0,2110,2016,2016,1
2025-03-30,65,SKU08,Lager Can 500ml,Beer,WH03,South DC,100,5,0,0,1248,2016,1248,0
2025-04-06,66,SKU08,Lager Can 500ml,Beer,WH03,South DC,100,5,0,0,1732,2784,1732,0
2025-04-13,67,SKU08,Lager Can 500ml,Beer,WH03,South DC,100,5,0,0,1526,3068,1526,0
2025-04-20,68,SKU08,Lager Can 500ml,Beer,WH03,South DC,100,5,0,0,1728,1542,1542,1
2025-04-27,69,SKU08,Lager Can 500ml,Beer,WH03,South DC,100,5,0,0,1993,2016,1993,0
2025-05-04,70,SKU08,Lager Can 500ml,Beer,WH03,South DC,100,5,0,0,1787,2039,1787,0
2025-05-11,71,SKU08,Lager Can 500ml,Beer,WH03,South DC,100,5,0,0,2083,2268,2083,0
2025-05-18,72,SKU08,Lager Can 500ml,Beer,WH03,South DC,100,5,0,0,1758,2201,1758,0
2025-05-25,73,SKU08,Lager Can 500ml,Beer,WH03,South DC,100,5,0,0,2070,2459,2070,0
2025-06-01,74,SKU08,Lager Can 500ml,Beer,WH03,South DC,100,5,0,1,2159,2405,2159,0
2025-06-08,75,SKU08,Lager Can 500ml,Beer,WH03,South DC,100,5,0,0,1294,2262,1294,0
2025-06-15,76,SKU08,Lager Can 500ml,Beer,WH03,South DC,100,5,0,0,1919,2984,1919,0
2025-06-22,77,SKU08,Lager Can 500ml,Beer,WH03,South DC,100,5,0,0,1409,3081,1409,0
2025-06-29,78,SKU08,Lager Can 500ml,Beer,WH03,South DC,100,5,0,0,1703,1672,1672,1
2025-07-06,79,SKU08,Lager Can 500ml,Beer,WH03,South DC,100,5,0,0,1094,2016,1094,0
2025-07-13,80,SKU08,Lager Can 500ml,Beer,WH03,South DC,100,5,0,0,1564,2938,1564,0
2025-07-20,81,SKU08,Lager Can 500ml,Beer,WH03,South DC,100,5,0,0,1603,3390,1603,0
2025-07-27,82,SKU08,Lager Can 500ml,Beer,WH03,South DC,100,5,0,0,1675,1787,1675,0
2025-08-03,83,SKU08,Lager Can 500ml,Beer,WH03,South DC,100,5,0,0,1107,2128,1107,0
2025-08-10,84,SKU08,Lager Can 500ml,Beer,WH03,South DC,100,5,0,0,1209,3037,1209,0
2025-08-17,85,SKU08,Lager Can 500ml,Beer,WH03,South DC,100,5,0,0,1317,1828,1317,0
2025-08-24,86,SKU08,Lager Can 500ml,Beer,WH03,South DC,100,5,0,0,1466,2527,1466,0
2025-08-31,87,SKU08,Lager Can 500ml,Beer,WH03,South DC,100,5,0,0,1413,3077,1413,0
2025-09-07,88,SKU08,Lager Can 500ml,Beer,WH03,South DC,100,5,0,0,1211,1664,1211,0
2025-09-14,89,SKU08,Lager Can 500ml,Beer,WH03,South DC,100,5,0,0,1555,2469,1555,0
2025-09-21,90,SKU08,Lager Can 500ml,Beer,WH03,South DC,100,5,0,0,1121,2930,1121,0
2025-09-28,91,SKU08,Lager Can 500ml,Beer,WH03,South DC,100,5,0,0,1434,1809,1434,0
2025-10-05,92,SKU08,Lager Can 500ml,Beer,WH03,South DC,100,5,1,0,2238,2391,2238,0
2025-10-12,93,SKU08,Lager Can 500ml,Beer,WH03,South DC,100,5,1,0,2736,2169,2169,1
2025-10-19,94,SKU08,Lager Can 500ml,Beer,WH03,South DC,100,5,1,1,2886,2016,2016,1
2025-10-26,95,SKU08,Lager Can 500ml,Beer,WH03,South DC,100,5,1,0,3390,2016,2016,1
2025-11-02,96,SKU08,Lager Can 500ml,Beer,WH03,South DC,100,5,1,0,2603,2016,2016,1
2025-11-09,97,SKU08,Lager Can 500ml,Beer,WH03,South DC,100,5,1,0,2932,2016,2016,1
2025-11-16,98,SKU08,Lager Can 500ml,Beer,WH03,South DC,100,5,0,0,1704,2016,1704,0
2025-11-23,99,SKU08,Lager Can 500ml,Beer,WH03,South DC,100,5,0,0,1345,2328,1345,0
2025-11-30,100,SKU08,Lager Can 500ml,Beer,WH03,South DC,100,5,0,0,1371,2999,1371,0
2025-12-07,101,SKU08,Lager Can 500ml,Beer,WH03,South DC,100,5,0,0,1616,1628,1616,0
2025-12-14,102,SKU08,Lager Can 500ml,Beer,WH03,South DC,100,5,0,0,1408,2028,1408,0
2025-12-21,103,SKU08,Lager Can 500ml,Beer,WH03,South DC,100,5,1,0,1836,2636,1836,0
2025-12-28,104,SKU08,Lager Can 500ml,Beer,WH03,South DC,100,5,1,0,1681,2816,1681,0
2024-01-07,1,SKU09,Wheat Beer 650ml,Beer,WH03,South DC,160,9,0,0,320,441,320,0
2024-01-14,2,SKU09,Wheat Beer 650ml,Beer,WH03,South DC,160,9,0,0,291,625,291,0
2024-01-21,3,SKU09,Wheat Beer 650ml,Beer,WH03,South DC,160,9,0,0,342,838,342,0
2024-01-28,4,SKU09,Wheat Beer 650ml,Beer,WH03,South DC,160,9,0,0,296,496,296,0
2024-02-04,5,SKU09,Wheat Beer 650ml,Beer,WH03,South DC,160,9,0,0,382,704,382,0
2024-02-11,6,SKU09,Wheat Beer 650ml,Beer,WH03,South DC,160,9,0,0,280,826,280,0
2024-02-18,7,SKU09,Wheat Beer 650ml,Beer,WH03,South DC,160,9,0,0,266,546,266,0
2024-02-25,8,SKU09,Wheat Beer 650ml,Beer,WH03,South DC,160,9,0,0,309,784,309,0
2024-03-03,9,SKU09,Wheat Beer 650ml,Beer,WH03,South DC,160,9,0,0,392,475,392,0
2024-03-10,10,SKU09,Wheat Beer 650ml,Beer,WH03,South DC,160,9,1,0,642,587,587,1
2024-03-17,11,SKU09,Wheat Beer 650ml,Beer,WH03,South DC,160,9,1,0,587,504,504,1
2024-03-24,12,SKU09,Wheat Beer 650ml,Beer,WH03,South DC,160,9,1,0,714,504,504,1
2024-03-31,13,SKU09,Wheat Beer 650ml,Beer,WH03,South DC,160,9,0,0,363,504,363,0
2024-04-07,14,SKU09,Wheat Beer 650ml,Beer,WH03,South DC,160,9,0,0,412,645,412,0
2024-04-14,15,SKU09,Wheat Beer 650ml,Beer,WH03,South DC,160,9,0,0,447,737,447,0
2024-04-21,16,SKU09,Wheat Beer 650ml,Beer,WH03,South DC,160,9,0,0,370,794,370,0
2024-04-28,17,SKU09,Wheat Beer 650ml,Beer,WH03,South DC,160,9,0,0,486,424,424,1
2024-05-05,18,SKU09,Wheat Beer 650ml,Beer,WH03,South DC,160,9,0,0,497,504,497,0
2024-05-12,19,SKU09,Wheat Beer 650ml,Beer,WH03,South DC,160,9,0,1,549,511,511,1
2024-05-19,20,SKU09,Wheat Beer 650ml,Beer,WH03,South DC,160,9,0,0,381,504,381,0
2024-05-26,21,SKU09,Wheat Beer 650ml,Beer,WH03,South DC,160,9,0,0,444,627,444,0
2024-06-02,22,SKU09,Wheat Beer 650ml,Beer,WH03,South DC,160,9,0,1,659,687,659,0
2024-06-09,23,SKU09,Wheat Beer 650ml,Beer,WH03,South DC,160,9,0,0,462,532,462,0
2024-06-16,24,SKU09,Wheat Beer 650ml,Beer,WH03,South DC,160,9,0,0,476,574,476,0
2024-06-23,25,SKU09,Wheat Beer 650ml,Beer,WH03,South DC,160,9,0,0,486,602,486,0
2024-06-30,26,SKU09,Wheat Beer 650ml,Beer,WH03,South DC,160,9,0,0,373,620,373,0
2024-07-07,27,SKU09,Wheat Beer 650ml,Beer,WH03,South DC,160,9,0,0,360,751,360,0
2024-07-14,28,SKU09,Wheat Beer 650ml,Beer,WH03,South DC,160,9,0,0,402,391,391,1
2024-07-21,29,SKU09,Wheat Beer 650ml,Beer,WH03,South DC,160,9,0,0,307,504,307,0
2024-07-28,30,SKU09,Wheat Beer 650ml,Beer,WH03,South DC,160,9,0,0,426,701,426,0
2024-08-04,31,SKU09,Wheat Beer 650ml,Beer,WH03,South DC,160,9,0,0,270,779,270,0
2024-08-11,32,SKU09,Wheat Beer 650ml,Beer,WH03,South DC,160,9,0,0,304,509,304,0
2024-08-18,33,SKU09,Wheat Beer 650ml,Beer,WH03,South DC,160,9,0,0,370,709,370,0
2024-08-25,34,SKU09,Wheat Beer 650ml,Beer,WH03,South DC,160,9,0,0,320,843,320,0
2024-09-01,35,SKU09,Wheat Beer 650ml,Beer,WH03,South DC,160,9,0,0,333,523,333,0
2024-09-08,36,SKU09,Wheat Beer 650ml,Beer,WH03,South DC,160,9,0,0,405,694,405,0
2024-09-15,37,SKU09,Wheat Beer 650ml,Beer,WH03,South DC,160,9,0,0,364,793,364,0
2024-09-22,38,SKU09,Wheat Beer 650ml,Beer,WH03,South DC,160,9,0,0,323,429,323,0
2024-09-29,39,SKU09,Wheat Beer 650ml,Beer,WH03,South DC,160,9,0,0,264,610,264,0
2024-10-06,40,SKU09,Wheat Beer 650ml,Beer,WH03,South DC,160,9,1,0,662,850,662,0
2024-10-13,41,SKU09,Wheat Beer 650ml,Beer,WH03,South DC,160,9,1,0,586,692,586,0
2024-10-20,42,SKU09,Wheat Beer 650ml,Beer,WH03,South DC,160,9,1,0,573,610,573,0
2024-10-27,43,SKU09,Wheat Beer 650ml,Beer,WH03,South DC,160,9,1,1,740,541,541,1
2024-11-03,44,SKU09,Wheat Beer 650ml,Beer,WH03,South DC,160,9,1,0,566,504,504,1
2024-11-10,45,SKU09,Wheat Beer 650ml,Beer,WH03,South DC,160,9,1,0,544,504,504,1
2024-11-17,46,SKU09,Wheat Beer 650ml,Beer,WH03,South DC,160,9,0,0,311,504,311,0
2024-11-24,47,SKU09,Wheat Beer 650ml,Beer,WH03,South DC,160,9,0,0,307,697,307,0
2024-12-01,48,SKU09,Wheat Beer 650ml,Beer,WH03,South DC,160,9,0,0,291,390,291,0
2024-12-08,49,SKU09,Wheat Beer 650ml,Beer,WH03,South DC,160,9,0,1,445,603,445,0
2024-12-15,50,SKU09,Wheat Beer 650ml,Beer,WH03,South DC,160,9,0,0,362,662,362,0
2024-12-22,51,SKU09,Wheat Beer 650ml,Beer,WH03,South DC,160,9,1,0,483,804,483,0
2024-12-29,52,SKU09,Wheat Beer 650ml,Beer,WH03,South DC,160,9,1,0,624,825,624,0
2025-01-05,53,SKU09,Wheat Beer 650ml,Beer,WH03,South DC,160,9,0,1,483,705,483,0
2025-01-12,54,SKU09,Wheat Beer 650ml,Beer,WH03,South DC,160,9,0,0,357,726,357,0
2025-01-19,55,SKU09,Wheat Beer 650ml,Beer,WH03,South DC,160,9,0,0,369,873,369,0
2025-01-26,56,SKU09,Wheat Beer 650ml,Beer,WH03,South DC,160,9,0,0,281,504,281,0
2025-02-02,57,SKU09,Wheat Beer 650ml,Beer,WH03,South DC,160,9,0,0,383,727,383,0
2025-02-09,58,SKU09,Wheat Beer 650ml,Beer,WH03,South DC,160,9,0,0,308,848,308,0
2025-02-16,59,SKU09,Wheat Beer 650ml,Beer,WH03,South DC,160,9,0,0,408,540,408,0
2025-02-23,60,SKU09,Wheat Beer 650ml,Beer,WH03,South DC,160,9,0,0,449,636,449,0
2025-03-02,61,SKU09,Wheat Beer 650ml,Beer,WH03,South DC,160,9,0,0,496,691,496,0
2025-03-09,62,SKU09,Wheat Beer 650ml,Beer,WH03,South DC,160,9,0,0,416,699,416,0
2025-03-16,63,SKU09,Wheat Beer 650ml,Beer,WH03,South DC,160,9,1,0,678,787,678,0
2025-03-23,64,SKU09,Wheat Beer 650ml,Beer,WH03,South DC,160,9,1,0,684,613,613,1
2025-03-30,65,SKU09,Wheat Beer 650ml,Beer,WH03,South DC,160,9,0,0,373,504,373,0
2025-04-06,66,SKU09,Wheat Beer 650ml,Beer,WH03,South DC,160,9,0,0,487,635,487,0
2025-04-13,67,SKU09,Wheat Beer 650ml,Beer,WH03,South DC,160,9,0,0,412,652,412,0
2025-04-20,68,SKU09,Wheat Beer 650ml,Beer,WH03,South DC,160,9,0,0,554,744,554,0
2025-04-27,69,SKU09,Wheat Beer 650ml,Beer,WH03,South DC,160,9,0,0,500,694,500,0
2025-05-04,70,SKU09,Wheat Beer 650ml,Beer,WH03,South DC,160,9,0,0,530,698,530,0
2025-05-11,71,SKU09,Wheat Beer 650ml,Beer,WH03,South DC,160,9,0,1,579,672,579,0
2025-05-18,72,SKU09,Wheat Beer 650ml,Beer,WH03,South DC,160,9,0,0,434,597,434,0
2025-05-25,73,SKU09,Wheat Beer 650ml,Beer,WH03,South DC,160,9,0,0,389,667,389,0
2025-06-01,74,SKU09,Wheat Beer 650ml,Beer,WH03,South DC,160,9,0,0,425,782,425,0
2025-06-08,75,SKU09,Wheat Beer 650ml,Beer,WH03,South DC,160,9,0,1,568,861,568,0
2025-06-15,76,SKU09,Wheat Beer 650ml,Beer,WH03,South DC,160,9,0,0,505,797,505,0
2025-06-22,77,SKU09,Wheat Beer 650ml,Beer,WH03,South DC,160,9,0,0,485,796,485,0
2025-06-29,78,SKU09,Wheat Beer 650ml,Beer,WH03,South DC,160,9,0,0,477,815,477,0
2025-07-06,79,SKU09,Wheat Beer 650ml,Beer,WH03,South DC,160,9,0,0,429,842,429,0
2025-07-13,80,SKU09,Wheat Beer 650ml,Beer,WH03,South DC,160,9,0,0,390,413,390,0
2025-07-20,81,SKU09,Wheat Beer 650ml,Beer,WH03,South DC,160,9,0,0,430,527,430,0
2025-07-27,82,SKU09,Wheat Beer 650ml,Beer,WH03,South DC,160,9,0,0,407,601,407,0
2025-08-03,83,SKU09,Wheat Beer 650ml,Beer,WH03,South DC,160,9,0,0,353,698,353,0
2025-08-10,84,SKU09,Wheat Beer 650ml,Beer,WH03,South DC,160,9,0,0,315,849,315,0
2025-08-17,85,SKU09,Wheat Beer 650ml,Beer,WH03,South DC,160,9,0,0,332,534,332,0
2025-08-24,86,SKU09,Wheat Beer 650ml,Beer,WH03,South DC,160,9,0,0,268,706,268,0
2025-08-31,87,SKU09,Wheat Beer 650ml,Beer,WH03,South DC,160,9,0,0,310,438,310,0
2025-09-07,88,SKU09,Wheat Beer 650ml,Beer,WH03,South DC,160,9,0,0,391,632,391,0
2025-09-14,89,SKU09,Wheat Beer 650ml,Beer,WH03,South DC,160,9,0,0,316,745,316,0
2025-09-21,90,SKU09,Wheat Beer 650ml,Beer,WH03,South DC,160,9,0,0,364,429,364,0
2025-09-28,91,SKU09,Wheat Beer 650ml,Beer,WH03,South DC,160,9,0,0,313,569,313,0
2025-10-05,92,SKU09,Wheat Beer 650ml,Beer,WH03,South DC,160,9,1,0,694,760,694,0
2025-10-12,93,SKU09,Wheat Beer 650ml,Beer,WH03,South DC,160,9,1,0,663,570,570,1
2025-10-19,94,SKU09,Wheat Beer 650ml,Beer,WH03,South DC,160,9,1,0,535,504,504,1
2025-10-26,95,SKU09,Wheat Beer 650ml,Beer,WH03,South DC,160,9,1,0,701,504,504,1
2025-11-02,96,SKU09,Wheat Beer 650ml,Beer,WH03,South DC,160,9,1,0,726,504,504,1
2025-11-09,97,SKU09,Wheat Beer 650ml,Beer,WH03,South DC,160,9,1,0,568,504,504,1
2025-11-16,98,SKU09,Wheat Beer 650ml,Beer,WH03,South DC,160,9,0,0,340,504,340,0
2025-11-23,99,SKU09,Wheat Beer 650ml,Beer,WH03,South DC,160,9,0,0,309,668,309,0
2025-11-30,100,SKU09,Wheat Beer 650ml,Beer,WH03,South DC,160,9,0,0,387,863,387,0
2025-12-07,101,SKU09,Wheat Beer 650ml,Beer,WH03,South DC,160,9,0,0,353,476,353,0
2025-12-14,102,SKU09,Wheat Beer 650ml,Beer,WH03,South DC,160,9,0,0,353,627,353,0
2025-12-21,103,SKU09,Wheat Beer 650ml,Beer,WH03,South DC,160,9,1,0,393,778,393,0
2025-12-28,104,SKU09,Wheat Beer 650ml,Beer,WH03,South DC,160,9,1,0,520,385,385,1
2024-01-07,1,SKU10,Light Beer 330ml,Beer,WH03,South DC,90,6,0,1,1043,1008,1008,1
2024-01-14,2,SKU10,Light Beer 330ml,Beer,WH03,South DC,90,6,0,0,912,1152,912,0
2024-01-21,3,SKU10,Light Beer 330ml,Beer,WH03,South DC,90,6,0,0,833,1392,833,0
2024-01-28,4,SKU10,Light Beer 330ml,Beer,WH03,South DC,90,6,0,1,997,1711,997,0
2024-02-04,5,SKU10,Light Beer 330ml,Beer,WH03,South DC,90,6,0,0,681,1866,681,0
2024-02-11,6,SKU10,Light Beer 330ml,Beer,WH03,South DC,90,6,0,0,671,1185,671,0
2024-02-18,7,SKU10,Light Beer 330ml,Beer,WH03,South DC,90,6,0,1,828,1666,828,0
2024-02-25,8,SKU10,Light Beer 330ml,Beer,WH03,South DC,90,6,0,0,696,1990,696,0
2024-03-03,9,SKU10,Light Beer 330ml,Beer,WH03,South DC,90,6,0,0,792,1294,792,0
2024-03-10,10,SKU10,Light Beer 330ml,Beer,WH03,South DC,90,6,1,1,1802,1654,1654,1
2024-03-17,11,SKU10,Light Beer 330ml,Beer,WH03,South DC,90,6,1,0,1102,1152,1102,0
2024-03-24,12,SKU10,Light Beer 330ml,Beer,WH03,South DC,90,6,1,0,1281,1202,1202,1
2024-03-31,13,SKU10,Light Beer 330ml,Beer,WH03,South DC,90,6,0,0,644,1152,644,0
2024-04-07,14,SKU10,Light Beer 330ml,Beer,WH03,South DC,90,6,0,0,1092,1660,1092,0
2024-04-14,15,SKU10,Light Beer 330ml,Beer,WH03,South DC,90,6,0,0,945,1720,945,0
2024-04-21,16,SKU10,Light Beer 330ml,Beer,WH03,South DC,90,6,0,0,1192,1927,1192,0
2024-04-28,17,SKU10,Light Beer 330ml,Beer,WH03,South DC,90,6,0,0,1075,1887,1075,0
2024-05-05,18,SKU10,Light Beer 330ml,Beer,WH03,South DC,90,6,0,0,763,1964,763,0
2024-05-12,19,SKU10,Light Beer 330ml,Beer,WH03,South DC,90,6,0,0,832,1201,832,0
2024-05-19,20,SKU10,Light Beer 330ml,Beer,WH03,South DC,90,6,0,0,946,1521,946,0
2024-05-26,21,SKU10,Light Beer 330ml,Beer,WH03,South DC,90,6,0,0,1262,1727,1262,0
2024-06-02,22,SKU10,Light Beer 330ml,Beer,WH03,South DC,90,6,0,0,884,1617,884,0
2024-06-09,23,SKU10,Light Beer 330ml,Beer,WH03,South DC,90,6,0,0,1020,1885,1020,0
2024-06-16,24,SKU10,Light Beer 330ml,Beer,WH03,South DC,90,6,0,0,1124,865,865,1
2024-06-23,25,SKU10,Light Beer 330ml,Beer,WH03,South DC,90,6,0,1,1446,1152,1152,1
2024-06-30,26,SKU10,Light Beer 330ml,Beer,WH03,South DC,90,6,0,0,983,1152,983,0
2024-07-07,27,SKU10,Light Beer 330ml,Beer,WH03,South DC,90,6,0,0,747,1321,747,0
2024-07-14,28,SKU10,Light Beer 330ml,Beer,WH03,South DC,90,6,0,1,1065,1726,1065,0
2024-07-21,29,SKU10,Light Beer 330ml,Beer,WH03,South DC,90,6,0,0,956,1813,956,0
2024-07-28,30,SKU10,Light Beer 330ml,Beer,WH03,South DC,90,6,0,0,925,2009,925,0
2024-08-04,31,SKU10,Light Beer 330ml,Beer,WH03,South DC,90,6,0,0,585,1084,585,0
2024-08-11,32,SKU10,Light Beer 330ml,Beer,WH03,South DC,90,6,0,0,604,1651,604,0
2024-08-18,33,SKU10,Light Beer 330ml,Beer,WH03,South DC,90,6,0,0,615,1047,615,0
2024-08-25,34,SKU10,Light Beer 330ml,Beer,WH03,South DC,90,6,0,0,839,1584,839,0
2024-09-01,35,SKU10,Light Beer 330ml,Beer,WH03,South DC,90,6,0,0,635,1897,635,0
2024-09-08,36,SKU10,Light Beer 330ml,Beer,WH03,South DC,90,6,0,1,783,1262,783,0
2024-09-15,37,SKU10,Light Beer 330ml,Beer,WH03,South DC,90,6,0,0,758,1631,758,0
2024-09-22,38,SKU10,Light Beer 330ml,Beer,WH03,South DC,90,6,0,0,839,873,839,0
2024-09-29,39,SKU10,Light Beer 330ml,Beer,WH03,South DC,90,6,0,0,894,1186,894,0
2024-10-06,40,SKU10,Light Beer 330ml,Beer,WH03,South DC,90,6,1,1,1447,1444,1444,1
2024-10-13,41,SKU10,Light Beer 330ml,Beer,WH03,South DC,90,6,1,1,2135,1152,1152,1
2024-10-20,42,SKU10,Light Beer 330ml,Beer,WH03,South DC,90,6,1,0,1055,1152,1055,0
2024-10-27,43,SKU10,Light Beer 330ml,Beer,WH03,South DC,90,6,1,0,1277,1249,1249,1
2024-11-03,44,SKU10,Light Beer 330ml,Beer,WH03,South DC,90,6,1,0,1452,1152,1152,1
2024-11-10,45,SKU10,Light Beer 330ml,Beer,WH03,South DC,90,6,1,0,1185,1152,1152,1
2024-11-17,46,SKU10,Light Beer 330ml,Beer,WH03,South DC,90,6,0,0,730,1152,730,0
2024-11-24,47,SKU10,Light Beer 330ml,Beer,WH03,South DC,90,6,0,0,716,1574,716,0
2024-12-01,48,SKU10,Light Beer 330ml,Beer,WH03,South DC,90,6,0,0,497,2010,497,0
2024-12-08,49,SKU10,Light Beer 330ml,Beer,WH03,South DC,90,6,0,0,605,1513,605,0
2024-12-15,50,SKU10,Light Beer 330ml,Beer,WH03,South DC,90,6,0,0,755,908,755,0
2024-12-22,51,SKU10,Light Beer 330ml,Beer,WH03,South DC,90,6,1,0,1044,1305,1044,0
2024-12-29,52,SKU10,Light Beer 330ml,Beer,WH03,South DC,90,6,1,0,1024,1413,1024,0
2025-01-05,53,SKU10,Light Beer 330ml,Beer,WH03,South DC,90,6,0,1,902,1541,902,0
2025-01-12,54,SKU10,Light Beer 330ml,Beer,WH03,South DC,90,6,0,0,882,1791,882,0
2025-01-19,55,SKU10,Light Beer 330ml,Beer,WH03,South DC,90,6,0,0,859,909,859,0
2025-01-26,56,SKU10,Light Beer 330ml,Beer,WH03,South DC,90,6,0,1,685,1202,685,0
2025-02-02,57,SKU10,Light Beer 330ml,Beer,WH03,South DC,90,6,0,1,1050,1669,1050,0
2025-02-09,58,SKU10,Light Beer 330ml,Beer,WH03,South DC,90,6,0,0,665,1771,665,0
2025-02-16,59,SKU10,Light Beer 330ml,Beer,WH03,South DC,90,6,0,0,932,1106,932,0
2025-02-23,60,SKU10,Light Beer 330ml,Beer,WH03,South DC,90,6,0,0,671,1326,671,0
2025-03-02,61,SKU10,Light Beer 330ml,Beer,WH03,South DC,90,6,0,0,956,1807,956,0
2025-03-09,62,SKU10,Light Beer 330ml,Beer,WH03,South DC,90,6,0,0,839,2003,839,0
2025-03-16,63,SKU10,Light Beer 330ml,Beer,WH03,South DC,90,6,1,0,1488,1164,1164,1
2025-03-23,64,SKU10,Light Beer 330ml,Beer,WH03,South DC,90,6,1,0,1353,1152,1152,1
2025-03-30,65,SKU10,Light Beer 330ml,Beer,WH03,South DC,90,6,0,0,759,1152,759,0
2025-04-06,66,SKU10,Light Beer 330ml,Beer,WH03,South DC,90,6,0,0,940,1545,940,0
2025-04-13,67,SKU10,Light Beer 330ml,Beer,WH03,South DC,90,6,0,0,820,1757,820,0
2025-04-20,68,SKU10,Light Beer 330ml,Beer,WH03,South DC,90,6,0,0,1185,937,937,1
2025-04-27,69,SKU10,Light Beer 330ml,Beer,WH03,South DC,90,6,0,0,1145,1152,1145,0
2025-05-04,70,SKU10,Light Beer 330ml,Beer,WH03,South DC,90,6,0,0,1084,1159,1084,0
2025-05-11,71,SKU10,Light Beer 330ml,Beer,WH03,South DC,90,6,0,0,1095,1227,1095,0
2025-05-18,72,SKU10,Light Beer 330ml,Beer,WH03,South DC,90,6,0,0,928,1284,928,0
2025-05-25,73,SKU10,Light Beer 330ml,Beer,WH03,South DC,90,6,0,0,1073,1508,1073,0
2025-06-01,74,SKU10,Light Beer 330ml,Beer,WH03,South DC,90,6,0,1,1217,1587,1217,0
2025-06-08,75,SKU10,Light Beer 330ml,Beer,WH03,South DC,90,6,0,0,1314,1522,1314,0
2025-06-15,76,SKU10,Light Beer 330ml,Beer,WH03,South DC,90,6,0,0,1102,1360,1102,0
2025-06-22,77,SKU10,Light Beer 330ml,Beer,WH03,South DC,90,6,0,0,960,1410,960,0
2025-06-29,78,SKU10,Light Beer 330ml,Beer,WH03,South DC,90,6,0,0,1010,1602,1010,0
2025-07-06,79,SKU10,Light Beer 330ml,Beer,WH03,South DC,90,6,0,0,895,1744,895,0
2025-07-13,80,SKU10,Light Beer 330ml,Beer,WH03,South DC,90,6,0,0,855,2001,855,0
2025-07-20,81,SKU10,Light Beer 330ml,Beer,WH03,South DC,90,6,0,0,792,1146,792,0
2025-07-27,82,SKU10,Light Beer 330ml,Beer,WH03,South DC,90,6,0,0,952,1506,952,0
2025-08-03,83,SKU10,Light Beer 330ml,Beer,WH03,South DC,90,6,0,0,866,1706,866,0
2025-08-10,84,SKU10,Light Beer 330ml,Beer,WH03,South DC,90,6,0,0,875,1992,875,0
2025-08-17,85,SKU10,Light Beer 330ml,Beer,WH03,South DC,90,6,0,0,854,1117,854,0
2025-08-24,86,SKU10,Light Beer 330ml,Beer,WH03,South DC,90,6,0,0,694,1415,694,0
2025-08-31,87,SKU10,Light Beer 330ml,Beer,WH03,South DC,90,6,0,0,856,1873,856,0
2025-09-07,88,SKU10,Light Beer 330ml,Beer,WH03,South DC,90,6,0,0,856,1017,856,0
2025-09-14,89,SKU10,Light Beer 330ml,Beer,WH03,South DC,90,6,0,0,837,1313,837,0
2025-09-21,90,SKU10,Light Beer 330ml,Beer,WH03,South DC,90,6,0,0,889,1628,889,0
2025-09-28,91,SKU10,Light Beer 330ml,Beer,WH03,South DC,90,6,0,0,726,1891,726,0
2025-10-05,92,SKU10,Light Beer 330ml,Beer,WH03,South DC,90,6,1,0,1373,1165,1165,1
2025-10-12,93,SKU10,Light Beer 330ml,Beer,WH03,South DC,90,6,1,0,1587,1152,1152,1
2025-10-19,94,SKU10,Light Beer 330ml,Beer,WH03,South DC,90,6,1,0,1420,1152,1152,1
2025-10-26,95,SKU10,Light Beer 330ml,Beer,WH03,South DC,90,6,1,0,1332,1152,1152,1
2025-11-02,96,SKU10,Light Beer 330ml,Beer,WH03,South DC,90,6,1,0,1489,1152,1152,1
2025-11-09,97,SKU10,Light Beer 330ml,Beer,WH03,South DC,90,6,1,0,1666,1152,1152,1
2025-11-16,98,SKU10,Light Beer 330ml,Beer,WH03,South DC,90,6,0,0,735,1152,735,0
2025-11-23,99,SKU10,Light Beer 330ml,Beer,WH03,South DC,90,6,0,0,1002,1569,1002,0
2025-11-30,100,SKU10,Light Beer 330ml,Beer,WH03,South DC,90,6,0,0,727,1719,727,0
2025-12-07,101,SKU10,Light Beer 330ml,Beer,WH03,South DC,90,6,0,0,789,992,789,0
2025-12-14,102,SKU10,Light Beer 330ml,Beer,WH03,South DC,90,6,0,0,954,1355,954,0
2025-12-21,103,SKU10,Light Beer 330ml,Beer,WH03,South DC,90,6,1,0,1208,1553,1208,0
2025-12-28,104,SKU10,Light Beer 330ml,Beer,WH03,South DC,90,6,1,0,1351,1497,1351,0
2024-01-07,1,SKU11,Premium Can 330ml,Beer,WH03,South DC,110,6,0,0,597,1008,597,0
2024-01-14,2,SKU11,Premium Can 330ml,Beer,WH03,South DC,110,6,0,0,680,1563,680,0
2024-01-21,3,SKU11,Premium Can 330ml,Beer,WH03,South DC,110,6,0,0,734,883,734,0
2024-01-28,4,SKU11,Premium Can 330ml,Beer,WH03,South DC,110,6,0,0,588,1301,588,0
2024-02-04,5,SKU11,Premium Can 330ml,Beer,WH03,South DC,110,6,0,0,612,1865,612,0
2024-02-11,6,SKU11,Premium Can 330ml,Beer,WH03,South DC,110,6,0,0,787,1253,787,0
2024-02-18,7,SKU11,Premium Can 330ml,Beer,WH03,South DC,110,6,0,0,701,1618,701,0
2024-02-25,8,SKU11,Premium Can 330ml,Beer,WH03,South DC,110,6,0,0,683,917,683,0
2024-03-03,9,SKU11,Premium Can 330ml,Beer,WH03,South DC,110,6,0,0,792,1386,792,0
2024-03-10,10,SKU11,Premium Can 330ml,Beer,WH03,South DC,110,6,1,0,1629,1746,1629,0
2024-03-17,11,SKU11,Premium Can 330ml,Beer,WH03,South DC,110,6,1,0,1497,1269,1269,1
2024-03-24,12,SKU11,Premium Can 330ml,Beer,WH03,South DC,110,6,1,0,1442,1152,1152,1
2024-03-31,13,SKU11,Premium Can 330ml,Beer,WH03,South DC,110,6,0,0,828,1152,828,0
2024-04-07,14,SKU11,Premium Can 330ml,Beer,WH03,South DC,110,6,0,0,799,1476,799,0
2024-04-14,15,SKU11,Premium Can 330ml,Beer,WH03,South DC,110,6,0,0,986,1829,986,0
2024-04-21,16,SKU11,Premium Can 330ml,Beer,WH03,South DC,110,6,0,0,948,1995,948,0
2024-04-28,17,SKU11,Premium Can 330ml,Beer,WH03,South DC,110,6,0,0,784,1047,784,0
2024-05-05,18,SKU11,Premium Can 330ml,Beer,WH03,South DC,110,6,0,0,1217,1415,1217,0
2024-05-12,19,SKU11,Premium Can 330ml,Beer,WH03,South DC,110,6,0,0,1101,1350,1101,0
2024-05-19,20,SKU11,Premium Can 330ml,Beer,WH03,South DC,110,6,0,0,1054,1401,1054,0
2024-05-26,21,SKU11,Premium Can 330ml,Beer,WH03,South DC,110,6,0,0,779,1499,779,0
2024-06-02,22,SKU11,Premium Can 330ml,Beer,WH03,South DC,110,6,0,0,1137,1872,1137,0
2024-06-09,23,SKU11,Premium Can 330ml,Beer,WH03,South DC,110,6,0,0,953,1887,953,0
2024-06-16,24,SKU11,Premium Can 330ml,Beer,WH03,South DC,110,6,0,0,943,934,934,1
2024-06-23,25,SKU11,Premium Can 330ml,Beer,WH03,South DC,110,6,0,0,1047,1152,1047,0
2024-06-30,26,SKU11,Premium Can 330ml,Beer,WH03,South DC,110,6,0,0,1017,1257,1017,0
2024-07-07,27,SKU11,Premium Can 330ml,Beer,WH03,South DC,110,6,0,1,1335,1392,1335,0
2024-07-14,28,SKU11,Premium Can 330ml,Beer,WH03,South DC,110,6,0,0,712,1209,712,0
2024-07-21,29,SKU11,Premium Can 330ml,Beer,WH03,South DC,110,6,0,0,829,1649,829,0
2024-07-28,30,SKU11,Premium Can 330ml,Beer,WH03,South DC,110,6,0,0,719,1972,719,0
2024-08-04,31,SKU11,Premium Can 330ml,Beer,WH03,South DC,110,6,0,0,632,1253,632,0
2024-08-11,32,SKU11,Premium Can 330ml,Beer,WH03,South DC,110,6,0,0,785,1773,785,0
2024-08-18,33,SKU11,Premium Can 330ml,Beer,WH03,South DC,110,6,0,0,747,988,747,0
2024-08-25,34,SKU11,Premium Can 330ml,Beer,WH03,South DC,110,6,0,0,888,1393,888,0
2024-09-01,35,SKU11,Premium Can 330ml,Beer,WH03,South DC,110,6,0,0,661,1657,661,0
2024-09-08,36,SKU11,Premium Can 330ml,Beer,WH03,South DC,110,6,0,0,905,996,905,0
2024-09-15,37,SKU11,Premium Can 330ml,Beer,WH03,South DC,110,6,0,0,690,1243,690,0
2024-09-22,38,SKU11,Premium Can 330ml,Beer,WH03,South DC,110,6,0,0,704,1705,704,0
2024-09-29,39,SKU11,Premium Can 330ml,Beer,WH03,South DC,110,6,0,0,673,1001,673,0
2024-10-06,40,SKU11,Premium Can 330ml,Beer,WH03,South DC,110,6,1,0,1403,1480,1403,0
2024-10-13,41,SKU11,Premium Can 330ml,Beer,WH03,South DC,110,6,1,0,1476,1229,1229,1
2024-10-20,42,SKU11,Premium Can 330ml,Beer,WH03,South DC,110,6,1,0,1243,1152,1152,1
2024-10-27,43,SKU11,Premium Can 330ml,Beer,WH03,South DC,110,6,1,0,1601,1152,1152,1
2024-11-03,44,SKU11,Premium Can 330ml,Beer,WH03,South DC,110,6,1,1,1490,1152,1152,1
2024-11-10,45,SKU11,Premium Can 330ml,Beer,WH03,South DC,110,6,1,0,1370,1152,1152,1
2024-11-17,46,SKU11,Premium Can 330ml,Beer,WH03,South DC,110,6,0,0,806,1152,806,0
2024-11-24,47,SKU11,Premium Can 330ml,Beer,WH03,South DC,110,6,0,0,847,1498,847,0
2024-12-01,48,SKU11,Premium Can 330ml,Beer,WH03,South DC,110,6,0,0,883,1803,883,0
2024-12-08,49,SKU11,Premium Can 330ml,Beer,WH03,South DC,110,6,0,0,739,920,739,0
2024-12-15,50,SKU11,Premium Can 330ml,Beer,WH03,South DC,110,6,0,0,811,1333,811,0
2024-12-22,51,SKU11,Premium Can 330ml,Beer,WH03,South DC,110,6,1,0,1221,1674,1221,0
2024-12-29,52,SKU11,Premium Can 330ml,Beer,WH03,South DC,110,6,1,0,1026,1605,1026,0
2025-01-05,53,SKU11,Premium Can 330ml,Beer,WH03,South DC,110,6,0,0,744,1731,744,0
2025-01-12,54,SKU11,Premium Can 330ml,Beer,WH03,South DC,110,6,0,0,671,987,671,0
2025-01-19,55,SKU11,Premium Can 330ml,Beer,WH03,South DC,110,6,0,0,720,1468,720,0
2025-01-26,56,SKU11,Premium Can 330ml,Beer,WH03,South DC,110,6,0,0,752,1900,752,0
2025-02-02,57,SKU11,Premium Can 330ml,Beer,WH03,South DC,110,6,0,0,815,1148,815,0
2025-02-09,58,SKU11,Premium Can 330ml,Beer,WH03,South DC,110,6,0,0,722,1485,722,0
2025-02-16,59,SKU11,Premium Can 330ml,Beer,WH03,South DC,110,6,0,0,857,1915,857,0
2025-02-23,60,SKU11,Premium Can 330ml,Beer,WH03,South DC,110,6,0,0,641,1058,641,0
2025-03-02,61,SKU11,Premium Can 330ml,Beer,WH03,South DC,110,6,0,0,839,1569,839,0
2025-03-09,62,SKU11,Premium Can 330ml,Beer,WH03,South DC,110,6,0,0,823,1882,823,0
2025-03-16,63,SKU11,Premium Can 330ml,Beer,WH03,South DC,110,6,1,0,1574,1059,1059,1
2025-03-23,64,SKU11,Premium Can 330ml,Beer,WH03,South DC,110,6,1,0,1366,1152,1152,1
2025-03-30,65,SKU11,Premium Can 330ml,Beer,WH03,South DC,110,6,0,0,834,1152,834,0
2025-04-06,66,SKU11,Premium Can 330ml,Beer,WH03,South DC,110,6,0,0,889,1470,889,0
2025-04-13,67,SKU11,Premium Can 330ml,Beer,WH03,South DC,110,6,0,0,1124,1733,1124,0
2025-04-20,68,SKU11,Premium Can 330ml,Beer,WH03,South DC,110,6,0,1,1045,1761,1045,0
2025-04-27,69,SKU11,Premium Can 330ml,Beer,WH03,South DC,110,6,0,0,1132,1868,1132,0
2025-05-04,70,SKU11,Premium Can 330ml,Beer,WH03,South DC,110,6,0,0,1033,1888,1033,0
2025-05-11,71,SKU11,Premium Can 330ml,Beer,WH03,South DC,110,6,0,0,980,2007,980,0
2025-05-18,72,SKU11,Premium Can 330ml,Beer,WH03,South DC,110,6,0,1,1257,1027,1027,1
2025-05-25,73,SKU11,Premium Can 330ml,Beer,WH03,South DC,110,6,0,0,1012,1152,1012,0
2025-06-01,74,SKU11,Premium Can 330ml,Beer,WH03,South DC,110,6,0,0,1011,1292,1011,0
2025-06-08,75,SKU11,Premium Can 330ml,Beer,WH03,South DC,110,6,0,1,992,1433,992,0
2025-06-15,76,SKU11,Premium Can 330ml,Beer,WH03,South DC,110,6,0,0,1183,1593,1183,0
2025-06-22,77,SKU11,Premium Can 330ml,Beer,WH03,South DC,110,6,0,0,914,1562,914,0
2025-06-29,78,SKU11,Premium Can 330ml,Beer,WH03,South DC,110,6,0,0,928,1800,928,0
2025-07-06,79,SKU11,Premium Can 330ml,Beer,WH03,South DC,110,6,0,0,872,872,872,0
2025-07-13,80,SKU11,Premium Can 330ml,Beer,WH03,South DC,110,6,0,0,986,1152,986,0
2025-07-20,81,SKU11,Premium Can 330ml,Beer,WH03,South DC,110,6,0,0,931,1318,931,0
2025-07-27,82,SKU11,Premium Can 330ml,Beer,WH03,South DC,110,6,0,0,798,1539,798,0
2025-08-03,83,SKU11,Premium Can 330ml,Beer,WH03,South DC,110,6,0,0,922,1893,922,0
2025-08-10,84,SKU11,Premium Can 330ml,Beer,WH03,South DC,110,6,0,0,768,971,768,0
2025-08-17,85,SKU11,Premium Can 330ml,Beer,WH03,South DC,110,6,0,0,963,1355,963,0
2025-08-24,86,SKU11,Premium Can 330ml,Beer,WH03,South DC,110,6,0,0,832,1544,832,0
2025-08-31,87,SKU11,Premium Can 330ml,Beer,WH03,South DC,110,6,0,0,837,1864,837,0
2025-09-07,88,SKU11,Premium Can 330ml,Beer,WH03,South DC,110,6,0,0,719,1027,719,0
2025-09-14,89,SKU11,Premium Can 330ml,Beer,WH03,South DC,110,6,0,1,785,1460,785,0
2025-09-21,90,SKU11,Premium Can 330ml,Beer,WH03,South DC,110,6,0,0,707,1827,707,0
2025-09-28,91,SKU11,Premium Can 330ml,Beer,WH03,South DC,110,6,0,0,872,1120,872,0
2025-10-05,92,SKU11,Premium Can 330ml,Beer,WH03,South DC,110,6,1,0,1464,1400,1400,1
2025-10-12,93,SKU11,Premium Can 330ml,Beer,WH03,South DC,110,6,1,0,1216,1152,1152,1
2025-10-19,94,SKU11,Premium Can 330ml,Beer,WH03,South DC,110,6,1,0,1744,1152,1152,1
2025-10-26,95,SKU11,Premium Can 330ml,Beer,WH03,South DC,110,6,1,0,1446,1152,1152,1
2025-11-02,96,SKU11,Premium Can 330ml,Beer,WH03,South DC,110,6,1,0,1475,1152,1152,1
2025-11-09,97,SKU11,Premium Can 330ml,Beer,WH03,South DC,110,6,1,0,1539,1152,1152,1
2025-11-16,98,SKU11,Premium Can 330ml,Beer,WH03,South DC,110,6,0,1,918,1152,918,0
2025-11-23,99,SKU11,Premium Can 330ml,Beer,WH03,South DC,110,6,0,0,928,1386,928,0
2025-11-30,100,SKU11,Premium Can 330ml,Beer,WH03,South DC,110,6,0,0,651,1610,651,0
2025-12-07,101,SKU11,Premium Can 330ml,Beer,WH03,South DC,110,6,0,0,861,959,861,0
2025-12-14,102,SKU11,Premium Can 330ml,Beer,WH03,South DC,110,6,0,0,1050,1250,1050,0
2025-12-21,103,SKU11,Premium Can 330ml,Beer,WH03,South DC,110,6,1,0,939,1352,939,0
2025-12-28,104,SKU11,Premium Can 330ml,Beer,WH03,South DC,110,6,1,1,1256,1565,1256,0
2024-01-07,1,SKU12,Cider 500ml,Non-Alcoholic,WH03,South DC,130,10,0,0,349,441,349,0
2024-01-14,2,SKU12,Cider 500ml,Non-Alcoholic,WH03,South DC,130,10,0,0,250,596,250,0
2024-01-21,3,SKU12,Cider 500ml,Non-Alcoholic,WH03,South DC,130,10,0,0,335,850,335,0
2024-01-28,4,SKU12,Cider 500ml,Non-Alcoholic,WH03,South DC,130,10,0,0,317,515,317,0
2024-02-04,5,SKU12,Cider 500ml,Non-Alcoholic,WH03,South DC,130,10,0,1,423,702,423,0
2024-02-11,6,SKU12,Cider 500ml,Non-Alcoholic,WH03,South DC,130,10,0,0,292,783,292,0
2024-02-18,7,SKU12,Cider 500ml,Non-Alcoholic,WH03,South DC,130,10,0,0,309,491,309,0
2024-02-25,8,SKU12,Cider 500ml,Non-Alcoholic,WH03,South DC,130,10,0,0,320,686,320,0
2024-03-03,9,SKU12,Cider 500ml,Non-Alcoholic,WH03,South DC,130,10,0,0,404,870,404,0
2024-03-10,10,SKU12,Cider 500ml,Non-Alcoholic,WH03,South DC,130,10,1,0,514,466,466,1
2024-03-17,11,SKU12,Cider 500ml,Non-Alcoholic,WH03,South DC,130,10,1,1,686,504,504,1
2024-03-24,12,SKU12,Cider 500ml,Non-Alcoholic,WH03,South DC,130,10,1,0,552,504,504,1
2024-03-31,13,SKU12,Cider 500ml,Non-Alcoholic,WH03,South DC,130,10,0,0,224,504,224,0
2024-04-07,14,SKU12,Cider 500ml,Non-Alcoholic,WH03,South DC,130,10,0,0,494,784,494,0
2024-04-14,15,SKU12,Cider 500ml,Non-Alcoholic,WH03,South DC,130,10,0,1,439,794,439,0
2024-04-21,16,SKU12,Cider 500ml,Non-Alcoholic,WH03,South DC,130,10,0,0,514,859,514,0
2024-04-28,17,SKU12,Cider 500ml,Non-Alcoholic,WH03,South DC,130,10,0,0,465,849,465,0
2024-05-05,18,SKU12,Cider 500ml,Non-Alcoholic,WH03,South DC,130,10,0,0,456,384,384,1
2024-05-12,19,SKU12,Cider 500ml,Non-Alcoholic,WH03,South DC,130,10,0,0,383,504,383,0
2024-05-19,20,SKU12,Cider 500ml,Non-Alcoholic,WH03,South DC,130,10,0,0,469,625,469,0
2024-05-26,21,SKU12,Cider 500ml,Non-Alcoholic,WH03,South DC,130,10,0,1,535,660,535,0
2024-06-02,22,SKU12,Cider 500ml,Non-Alcoholic,WH03,South DC,130,10,0,0,442,629,442,0
2024-06-09,23,SKU12,Cider 500ml,Non-Alcoholic,WH03,South DC,130,10,0,0,523,691,523,0
2024-06-16,24,SKU12,Cider 500ml,Non-Alcoholic,WH03,South DC,130,10,0,0,424,672,424,0
2024-06-23,25,SKU12,Cider 500ml,Non-Alcoholic,WH03,South DC,130,10,0,0,512,752,512,0
2024-06-30,26,SKU12,Cider 500ml,Non-Alcoholic,WH03,South DC,130,10,0,0,420,744,420,0
2024-07-07,27,SKU12,Cider 500ml,Non-Alcoholic,WH03,South DC,130,10,0,0,239,828,239,0
2024-07-14,28,SKU12,Cider 500ml,Non-Alcoholic,WH03,South DC,130,10,0,0,325,589,325,0
2024-07-21,29,SKU12,Cider 500ml,Non-Alcoholic,WH03,South DC,130,10,0,0,316,768,316,0
2024-07-28,30,SKU12,Cider 500ml,Non-Alcoholic,WH03,South DC,130,10,0,0,384,452,384,0
2024-08-04,31,SKU12,Cider 500ml,Non-Alcoholic,WH03,South DC,130,10,0,0,355,572,355,0
2024-08-11,32,SKU12,Cider 500ml,Non-Alcoholic,WH03,South DC,130,10,0,1,437,721,437,0
2024-08-18,33,SKU12,Cider 500ml,Non-Alcoholic,WH03,South DC,130,10,0,0,368,788,368,0
2024-08-25,34,SKU12,Cider 500ml,Non-Alcoholic,WH03,South DC,130,10,0,1,432,420,420,1
2024-09-01,35,SKU12,Cider 500ml,Non-Alcoholic,WH03,South DC,130,10,0,0,273,504,273,0
2024-09-08,36,SKU12,Cider 500ml,Non-Alcoholic,WH03,South DC,130,10,0,0,337,735,337,0
2024-09-15,37,SKU12,Cider 500ml,Non-Alcoholic,WH03,South DC,130,10,0,0,303,398,303,0
2024-09-22,38,SKU12,Cider 500ml,Non-Alcoholic,WH03,South DC,130,10,0,0,330,599,330,0
2024-09-29,39,SKU12,Cider 500ml,Non-Alcoholic,WH03,South DC,130,10,0,0,315,773,315,0
2024-10-06,40,SKU12,Cider 500ml,Non-Alcoholic,WH03,South DC,130,10,1,0,557,458,458,1
2024-10-13,41,SKU12,Cider 500ml,Non-Alcoholic,WH03,South DC,130,10,1,0,571,504,504,1
2024-10-20,42,SKU12,Cider 500ml,Non-Alcoholic,WH03,South DC,130,10,1,0,704,504,504,1
2024-10-27,43,SKU12,Cider 500ml,Non-Alcoholic,WH03,South DC,130,10,1,0,450,504,450,0
2024-11-03,44,SKU12,Cider 500ml,Non-Alcoholic,WH03,South DC,130,10,1,0,507,558,507,0
2024-11-10,45,SKU12,Cider 500ml,Non-Alcoholic,WH03,South DC,130,10,1,0,514,555,514,0
2024-11-17,46,SKU12,Cider 500ml,Non-Alcoholic,WH03,South DC,130,10,0,0,316,545,316,0
2024-11-24,47,SKU12,Cider 500ml,Non-Alcoholic,WH03,South DC,130,10,0,0,353,733,353,0
2024-12-01,48,SKU12,Cider 500ml,Non-Alcoholic,WH03,South DC,130,10,0,0,226,380,226,0
2024-12-08,49,SKU12,Cider 500ml,Non-Alcoholic,WH03,South DC,130,10,0,0,315,658,315,0
2024-12-15,50,SKU12,Cider 500ml,Non-Alcoholic,WH03,South DC,130,10,0,0,359,847,359,0
2024-12-22,51,SKU12,Cider 500ml,Non-Alcoholic,WH03,South DC,130,10,1,0,558,488,488,1
2024-12-29,52,SKU12,Cider 500ml,Non-Alcoholic,WH03,South DC,130,10,1,0,398,504,398,0
2025-01-05,53,SKU12,Cider 500ml,Non-Alcoholic,WH03,South DC,130,10,0,0,371,610,371,0
2025-01-12,54,SKU12,Cider 500ml,Non-Alcoholic,WH03,South DC,130,10,0,0,362,743,362,0
2025-01-19,55,SKU12,Cider 500ml,Non-Alcoholic,WH03,South DC,130,10,0,0,380,381,380,0
2025-01-26,56,SKU12,Cider 500ml,Non-Alcoholic,WH03,South DC,130,10,0,0,329,505,329,0
2025-02-02,57,SKU12,Cider 500ml,Non-Alcoholic,WH03,South DC,130,10,0,0,341,680,341,0
2025-02-09,58,SKU12,Cider 500ml,Non-Alcoholic,WH03,South DC,130,10,0,0,364,843,364,0
2025-02-16,59,SKU12,Cider 500ml,Non-Alcoholic,WH03,South DC,130,10,0,0,339,479,339,0
2025-02-23,60,SKU12,Cider 500ml,Non-Alcoholic,WH03,South DC,130,10,0,0,271,644,271,0
2025-03-02,61,SKU12,Cider 500ml,Non-Alcoholic,WH03,South DC,130,10,0,0,337,877,337,0
2025-03-09,62,SKU12,Cider 500ml,Non-Alcoholic,WH03,South DC,130,10,0,1,477,540,477,0
2025-03-16,63,SKU12,Cider 500ml,Non-Alcoholic,WH03,South DC,130,10,1,0,734,567,567,1
2025-03-23,64,SKU12,Cider 500ml,Non-Alcoholic,WH03,South DC,130,10,1,0,653,504,504,1
2025-03-30,65,SKU12,Cider 500ml,Non-Alcoholic,WH03,South DC,130,10,0,0,351,504,351,0
2025-04-06,66,SKU12,Cider 500ml,Non-Alcoholic,WH03,South DC,130,10,0,1,521,657,521,0
2025-04-13,67,SKU12,Cider 500ml,Non-Alcoholic,WH03,South DC,130,10,0,0,419,640,419,0
2025-04-20,68,SKU12,Cider 500ml,Non-Alcoholic,WH03,South DC,130,10,0,0,439,725,439,0
2025-04-27,69,SKU12,Cider 500ml,Non-Alcoholic,WH03,South DC,130,10,0,0,444,790,444,0
2025-05-04,70,SKU12,Cider 500ml,Non-Alcoholic,WH03,South DC,130,10,0,0,441,850,441,0
2025-05-11,71,SKU12,Cider 500ml,Non-Alcoholic,WH03,South DC,130,10,0,1,553,409,409,1
2025-05-18,72,SKU12,Cider 500ml,Non-Alcoholic,WH03,South DC,130,10,0,1,465,504,465,0
2025-05-25,73,SKU12,Cider 500ml,Non-Alcoholic,WH03,South DC,130,10,0,0,374,543,374,0
2025-06-01,74,SKU12,Cider 500ml,Non-Alcoholic,WH03,South DC,130,10,0,0,429,673,429,0
2025-06-08,75,SKU12,Cider 500ml,Non-Alcoholic,WH03,South DC,130,10,0,0,393,748,393,0
2025-06-15,76,SKU12,Cider 500ml,Non-Alcoholic,WH03,South DC,130,10,0,0,444,859,444,0
2025-06-22,77,SKU12,Cider 500ml,Non-Alcoholic,WH03,South DC,130,10,0,0,500,415,415,1
2025-06-29,78,SKU12,Cider 500ml,Non-Alcoholic,WH03,South DC,130,10,0,0,524,504,504,1
2025-07-06,79,SKU12,Cider 500ml,Non-Alcoholic,WH03,South DC,130,10,0,0,426,504,426,0
2025-07-13,80,SKU12,Cider 500ml,Non-Alcoholic,WH03,South DC,130,10,0,0,392,582,392,0
2025-07-20,81,SKU12,Cider 500ml,Non-Alcoholic,WH03,South DC,130,10,0,0,418,694,418,0
2025-07-27,82,SKU12,Cider 500ml,Non-Alcoholic,WH03,South DC,130,10,0,0,391,780,391,0
2025-08-03,83,SKU12,Cider 500ml,Non-Alcoholic,WH03,South DC,130,10,0,0,334,389,334,0
2025-08-10,84,SKU12,Cider 500ml,Non-Alcoholic,WH03,South DC,130,10,0,0,366,559,366,0
2025-08-17,85,SKU12,Cider 500ml,Non-Alcoholic,WH03,South DC,130,10,0,0,329,697,329,0
2025-08-24,86,SKU12,Cider 500ml,Non-Alcoholic,WH03,South DC,130,10,0,0,280,872,280,0
2025-08-31,87,SKU12,Cider 500ml,Non-Alcoholic,WH03,South DC,130,10,0,0,328,592,328,0
2025-09-07,88,SKU12,Cider 500ml,Non-Alcoholic,WH03,South DC,130,10,0,0,275,768,275,0
2025-09-14,89,SKU12,Cider 500ml,Non-Alcoholic,WH03,South DC,130,10,0,0,326,493,326,0
2025-09-21,90,SKU12,Cider 500ml,Non-Alcoholic,WH03,South DC,130,10,0,0,358,671,358,0
2025-09-28,91,SKU12,Cider 500ml,Non-Alcoholic,WH03,South DC,130,10,0,0,354,817,354,0
2025-10-05,92,SKU12,Cider 500ml,Non-Alcoholic,WH03,South DC,130,10,1,0,621,463,463,1
2025-10-12,93,SKU12,Cider 500ml,Non-Alcoholic,WH03,South DC,130,10,1,0,608,504,504,1
2025-10-19,94,SKU12,Cider 500ml,Non-Alcoholic,WH03,South DC,130,10,1,0,642,504,504,1
2025-10-26,95,SKU12,Cider 500ml,Non-Alcoholic,WH03,South DC,130,10,1,0,665,504,504,1
2025-11-02,96,SKU12,Cider 500ml,Non-Alcoholic,WH03,South DC,130,10,1,0,593,504,504,1
2025-11-09,97,SKU12,Cider 500ml,Non-Alcoholic,WH03,South DC,130,10,1,0,536,504,504,1
2025-11-16,98,SKU12,Cider 500ml,Non-Alcoholic,WH03,South DC,130,10,0,0,359,504,359,0
2025-11-23,99,SKU12,Cider 500ml,Non-Alcoholic,WH03,South DC,130,10,0,0,304,649,304,0
2025-11-30,100,SKU12,Cider 500ml,Non-Alcoholic,WH03,South DC,130,10,0,0,311,849,311,0
2025-12-07,101,SKU12,Cider 500ml,Non-Alcoholic,WH03,South DC,130,10,0,0,384,538,384,0
2025-12-14,102,SKU12,Cider 500ml,Non-Alcoholic,WH03,South DC,130,10,0,0,360,658,360,0
2025-12-21,103,SKU12,Cider 500ml,Non-Alcoholic,WH03,South DC,130,10,1,0,612,802,612,0
2025-12-28,104,SKU12,Cider 500ml,Non-Alcoholic,WH03,South DC,130,10,1,0,589,694,589,0
2024-01-07,1,SKU01,Lager 650ml,Beer,WH04,East DC,120,5,0,0,1040,1470,1040,0
2024-01-14,2,SKU01,Lager 650ml,Beer,WH04,East DC,120,5,0,0,1152,2110,1152,0
2024-01-21,3,SKU01,Lager 650ml,Beer,WH04,East DC,120,5,0,0,906,2638,906,0
2024-01-28,4,SKU01,Lager 650ml,Beer,WH04,East DC,120,5,0,0,1021,1732,1021,0
2024-02-04,5,SKU01,Lager 650ml,Beer,WH04,East DC,120,5,0,0,1049,2391,1049,0
2024-02-11,6,SKU01,Lager 650ml,Beer,WH04,East DC,120,5,0,0,1006,1342,1006,0
2024-02-18,7,SKU01,Lager 650ml,Beer,WH04,East DC,120,5,0,0,1150,2016,1150,0
2024-02-25,8,SKU01,Lager 650ml,Beer,WH04,East DC,120,5,0,1,1361,2546,1361,0
2024-03-03,9,SKU01,Lager 650ml,Beer,WH04,East DC,120,5,0,0,1249,2865,1249,0
2024-03-10,10,SKU01,Lager 650ml,Beer,WH04,East DC,120,5,1,0,2294,1616,1616,1
2024-03-17,11,SKU01,Lager 650ml,Beer,WH04,East DC,120,5,1,0,1937,1680,1680,1
2024-03-24,12,SKU01,Lager 650ml,Beer,WH04,East DC,120,5,1,0,2192,1680,1680,1
2024-03-31,13,SKU01,Lager 650ml,Beer,WH04,East DC,120,5,0,0,1376,1680,1376,0
2024-04-07,14,SKU01,Lager 650ml,Beer,WH04,East DC,120,5,0,0,1541,1984,1541,0
2024-04-14,15,SKU01,Lager 650ml,Beer,WH04,East DC,120,5,0,0,1685,2123,1685,0
2024-04-21,16,SKU01,Lager 650ml,Beer,WH04,East DC,120,5,0,0,1453,2118,1453,0
2024-04-28,17,SKU01,Lager 650ml,Beer,WH04,East DC,120,5,0,0,1488,2345,1488,0
2024-05-05,18,SKU01,Lager 650ml,Beer,WH04,East DC,120,5,0,0,1324,2537,1324,0
2024-05-12,19,SKU01,Lager 650ml,Beer,WH04,East DC,120,5,0,0,1366,2893,1366,0
2024-05-19,20,SKU01,Lager 650ml,Beer,WH04,East DC,120,5,0,0,1483,1527,1483,0
2024-05-26,21,SKU01,Lager 650ml,Beer,WH04,East DC,120,5,0,0,1384,1724,1384,0
2024-06-02,22,SKU01,Lager 650ml,Beer,WH04,East DC,120,5,0,0,1518,2020,1518,0
2024-06-09,23,SKU01,Lager 650ml,Beer,WH04,East DC,120,5,0,0,1447,2182,1447,0
2024-06-16,24,SKU01,Lager 650ml,Beer,WH04,East DC,120,5,0,0,1636,2415,1636,0
2024-06-23,25,SKU01,Lager 650ml,Beer,WH04,East DC,120,5,0,0,1436,2459,1436,0
2024-06-30,26,SKU01,Lager 650ml,Beer,WH04,East DC,120,5,0,0,1620,2703,1620,0
2024-07-07,27,SKU01,Lager 650ml,Beer,WH04,East DC,120,5,0,0,1018,2763,1018,0
2024-07-14,28,SKU01,Lager 650ml,Beer,WH04,East DC,120,5,0,0,1126,1745,1126,0
2024-07-21,29,SKU01,Lager 650ml,Beer,WH04,East DC,120,5,0,0,1277,2299,1277,0
2024-07-28,30,SKU01,Lager 650ml,Beer,WH04,East DC,120,5,0,0,1174,2702,1174,0
2024-08-04,31,SKU01,Lager 650ml,Beer,WH04,East DC,120,5,0,0,1075,1528,1075,0
2024-08-11,32,SKU01,Lager 650ml,Beer,WH04,East DC,120,5,0,0,1065,2133,1065,0
2024-08-18,33,SKU01,Lager 650ml,Beer,WH04,East DC,120,5,0,0,1063,2748,1063,0
2024-08-25,34,SKU01,Lager 650ml,Beer,WH04,East DC,120,5,0,0,893,1685,893,0
2024-09-01,35,SKU01,Lager 650ml,Beer,WH04,East DC,120,5,0,0,1102,2472,1102,0
2024-09-08,36,SKU01,Lager 650ml,Beer,WH04,East DC,120,5,0,0,1303,1370,1303,0
2024-09-15,37,SKU01,Lager 650ml,Beer,WH04,East DC,120,5,0,0,1094,1747,1094,0
2024-09-22,38,SKU01,Lager 650ml,Beer,WH04,East DC,120,5,0,0,1094,2333,1094,0
2024-09-29,39,SKU01,Lager 650ml,Beer,WH04,East DC,120,5,0,0,1322,2919,1322,0
2024-10-06,40,SKU01,Lager 650ml,Beer,WH04,East DC,120,5,1,0,2562,1597,1597,1
2024-10-13,41,SKU01,Lager 650ml,Beer,WH04,East DC,120,5,1,0,1752,1680,1680,1
2024-10-20,42,SKU01,Lager 650ml,Beer,WH04,East DC,120,5,1,0,2411,1680,1680,1
2024-10-27,43,SKU01,Lager 650ml,Beer,WH04,East DC,120,5,1,0,1943,1680,1680,1
2024-11-03,44,SKU01,Lager 650ml,Beer,WH04,East DC,120,5,1,0,1702,1680,1680,1
2024-11-10,45,SKU01,Lager 650ml,Beer,WH04,East DC,120,5,1,0,2161,1680,1680,1
2024-11-17,46,SKU01,Lager 650ml,Beer,WH04,East DC,120,5,0,0,933,1680,933,0
2024-11-24,47,SKU01,Lager 650ml,Beer,WH04,East DC,120,5,0,0,1073,2427,1073,0
2024-12-01,48,SKU01,Lager 650ml,Beer,WH04,East DC,120,5,0,0,1059,1354,1059,0
2024-12-08,49,SKU01,Lager 650ml,Beer,WH04,East DC,120,5,0,0,1110,1975,1110,0
2024-12-15,50,SKU01,Lager 650ml,Beer,WH04,East DC,120,5,0,0,932,2545,932,0
2024-12-22,51,SKU01,Lager 650ml,Beer,WH04,East DC,120,5,1,1,1702,1613,1613,1
2024-12-29,52,SKU01,Lager 650ml,Beer,WH04,East DC,120,5,1,0,1812,1680,1680,1
2025-01-05,53,SKU01,Lager 650ml,Beer,WH04,East DC,120,5,0,0,1263,1680,1263,0
2025-01-12,54,SKU01,Lager 650ml,Beer,WH04,East DC,120,5,0,0,1275,2097,1275,0
2025-01-19,55,SKU01,Lager 650ml,Beer,WH04,East DC,120,5,0,1,1124,2502,1124,0
2025-01-26,56,SKU01,Lager 650ml,Beer,WH04,East DC,120,5,0,0,1024,1378,1024,0
2025-02-02,57,SKU01,Lager 650ml,Beer,WH04,East DC,120,5,0,0,1420,2034,1420,0
2025-02-09,58,SKU01,Lager 650ml,Beer,WH04,East DC,120,5,0,0,998,2294,998,0
2025-02-16,59,SKU01,Lager 650ml,Beer,WH04,East DC,120,5,0,0,900,1296,900,0
2025-02-23,60,SKU01,Lager 650ml,Beer,WH04,East DC,120,5,0,0,1048,2076,1048,0
2025-03-02,61,SKU01,Lager 650ml,Beer,WH04,East DC,120,5,0,0,970,2708,970,0
2025-03-09,62,SKU01,Lager 650ml,Beer,WH04,East DC,120,5,0,0,1020,1738,1020,0
2025-03-16,63,SKU01,Lager 650ml,Beer,WH04,East DC,120,5,1,0,1917,2398,1917,0
2025-03-23,64,SKU01,Lager 650ml,Beer,WH04,East DC,120,5,1,0,1928,2161,1928,0
2025-03-30,65,SKU01,Lager 650ml,Beer,WH04,East DC,120,5,0,0,1014,1913,1014,0
2025-04-06,66,SKU01,Lager 650ml,Beer,WH04,East DC,120,5,0,0,1742,2579,1742,0
2025-04-13,67,SKU01,Lager 650ml,Beer,WH04,East DC,120,5,0,0,1441,2517,1441,0
2025-04-20,68,SKU01,Lager 650ml,Beer,WH04,East DC,120,5,0,0,1454,2756,1454,0
2025-04-27,69,SKU01,Lager 650ml,Beer,WH04,East DC,120,5,0,0,1444,1302,1302,1
2025-05-04,70,SKU01,Lager 650ml,Beer,WH04,East DC,120,5,0,0,1515,1680,1515,0
2025-05-11,71,SKU01,Lager 650ml,Beer,WH04,East DC,120,5,0,0,1858,1845,1845,1
2025-05-18,72,SKU01,Lager 650ml,Beer,WH04,East DC,120,5,0,0,1627,1680,1627,0
2025-05-25,73,SKU01,Lager 650ml,Beer,WH04,East DC,120,5,0,0,1535,1733,1535,0
2025-06-01,74,SKU01,Lager 650ml,Beer,WH04,East DC,120,5,0,0,1330,1878,1330,0
2025-06-08,75,SKU01,Lager 650ml,Beer,WH04,East DC,120,5,0,1,1725,2228,1725,0
2025-06-15,76,SKU01,Lager 650ml,Beer,WH04,East DC,120,5,0,0,1463,2183,1463,0
2025-06-22,77,SKU01,Lager 650ml,Beer,WH04,East DC,120,5,0,0,1453,2400,1453,0
2025-06-29,78,SKU01,Lager 650ml,Beer,WH04,East DC,120,5,0,0,1630,2627,1630,0
2025-07-06,79,SKU01,Lager 650ml,Beer,WH04,East DC,120,5,0,0,1045,2677,1045,0
2025-07-13,80,SKU01,Lager 650ml,Beer,WH04,East DC,120,5,0,0,1445,1632,1445,0
2025-07-20,81,SKU01,Lager 650ml,Beer,WH04,East DC,120,5,0,0,1272,1867,1272,0
2025-07-27,82,SKU01,Lager 650ml,Beer,WH04,East DC,120,5,0,0,1115,2275,1115,0
2025-08-03,83,SKU01,Lager 650ml,Beer,WH04,East DC,120,5,0,0,1152,2840,1152,0
2025-08-10,84,SKU01,Lager 650ml,Beer,WH04,East DC,120,5,0,0,1109,1688,1109,0
2025-08-17,85,SKU01,Lager 650ml,Beer,WH04,East DC,120,5,0,0,1043,2259,1043,0
2025-08-24,86,SKU01,Lager 650ml,Beer,WH04,East DC,120,5,0,0,1495,2896,1495,0
2025-08-31,87,SKU01,Lager 650ml,Beer,WH04,East DC,120,5,0,0,1084,1401,1084,0
2025-09-07,88,SKU01,Lager 650ml,Beer,WH04,East DC,120,5,0,0,1289,1997,1289,0
2025-09-14,89,SKU01,Lager 650ml,Beer,WH04,East DC,120,5,0,0,1393,2388,1393,0
2025-09-21,90,SKU01,Lager 650ml,Beer,WH04,East DC,120,5,0,0,1163,2675,1163,0
2025-09-28,91,SKU01,Lager 650ml,Beer,WH04,East DC,120,5,0,1,1598,1512,1512,1
2025-10-05,92,SKU01,Lager 650ml,Beer,WH04,East DC,120,5,1,0,2246,1680,1680,1
2025-10-12,93,SKU01,Lager 650ml,Beer,WH04,East DC,120,5,1,0,2331,1680,1680,1
2025-10-19,94,SKU01,Lager 650ml,Beer,WH04,East DC,120,5,1,0,2050,1680,1680,1
2025-10-26,95,SKU01,Lager 650ml,Beer,WH04,East DC,120,5,1,0,2274,1680,1680,1
2025-11-02,96,SKU01,Lager 650ml,Beer,WH04,East DC,120,5,1,0,2188,1680,1680,1
2025-11-09,97,SKU01,Lager 650ml,Beer,WH04,East DC,120,5,1,0,1904,1680,1680,1
2025-11-16,98,SKU01,Lager 650ml,Beer,WH04,East DC,120,5,0,0,1268,1680,1268,0
2025-11-23,99,SKU01,Lager 650ml,Beer,WH04,East DC,120,5,0,0,1076,2092,1076,0
2025-11-30,100,SKU01,Lager 650ml,Beer,WH04,East DC,120,5,0,0,1390,2696,1390,0
2025-12-07,101,SKU01,Lager 650ml,Beer,WH04,East DC,120,5,0,0,1055,1306,1055,0
2025-12-14,102,SKU01,Lager 650ml,Beer,WH04,East DC,120,5,0,0,1095,1931,1095,0
2025-12-21,103,SKU01,Lager 650ml,Beer,WH04,East DC,120,5,1,0,1297,2516,1297,0
2025-12-28,104,SKU01,Lager 650ml,Beer,WH04,East DC,120,5,1,0,1577,2899,1577,0
2024-01-07,1,SKU02,Lager 330ml,Beer,WH04,East DC,70,5,0,0,1263,1470,1263,0
2024-01-14,2,SKU02,Lager 330ml,Beer,WH04,East DC,70,5,0,0,1246,1887,1246,0
2024-01-21,3,SKU02,Lager 330ml,Beer,WH04,East DC,70,5,0,0,1056,2321,1056,0
2024-01-28,4,SKU02,Lager 330ml,Beer,WH04,East DC,70,5,0,0,969,1265,969,0
2024-02-04,5,SKU02,Lager 330ml,Beer,WH04,East DC,70,5,0,0,1084,1976,1084,0
2024-02-11,6,SKU02,Lager 330ml,Beer,WH04,East DC,70,5,0,0,950,2572,950,0
2024-02-18,7,SKU02,Lager 330ml,Beer,WH04,East DC,70,5,0,0,1005,1622,1005,0
2024-02-25,8,SKU02,Lager 330ml,Beer,WH04,East DC,70,5,0,0,1127,2297,1127,0
2024-03-03,9,SKU02,Lager 330ml,Beer,WH04,East DC,70,5,0,0,1160,2850,1160,0
2024-03-10,10,SKU02,Lager 330ml,Beer,WH04,East DC,70,5,1,0,1951,1690,1690,1
2024-03-17,11,SKU02,Lager 330ml,Beer,WH04,East DC,70,5,1,0,2089,1680,1680,1
2024-03-24,12,SKU02,Lager 330ml,Beer,WH04,East DC,70,5,1,0,2097,1680,1680,1
2024-03-31,13,SKU02,Lager 330ml,Beer,WH04,East DC,70,5,0,0,1147,1680,1147,0
2024-04-07,14,SKU02,Lager 330ml,Beer,WH04,East DC,70,5,0,0,1316,2213,1316,0
2024-04-14,15,SKU02,Lager 330ml,Beer,WH04,East DC,70,5,0,0,1543,2577,1543,0
2024-04-21,16,SKU02,Lager 330ml,Beer,WH04,East DC,70,5,0,0,1422,2714,1422,0
2024-04-28,17,SKU02,Lager 330ml,Beer,WH04,East DC,70,5,0,0,1571,1292,1292,1
2024-05-05,18,SKU02,Lager 330ml,Beer,WH04,East DC,70,5,0,0,1320,1680,1320,0
2024-05-12,19,SKU02,Lager 330ml,Beer,WH04,East DC,70,5,0,0,1372,2040,1372,0
2024-05-19,20,SKU02,Lager 330ml,Beer,WH04,East DC,70,5,0,0,1589,2348,1589,0
2024-05-26,21,SKU02,Lager 330ml,Beer,WH04,East DC,70,5,0,0,1364,2439,1364,0
2024-06-02,22,SKU02,Lager 330ml,Beer,WH04,East DC,70,5,0,0,869,2755,869,0
2024-06-09,23,SKU02,Lager 330ml,Beer,WH04,East DC,70,5,0,0,1578,1886,1578,0
2024-06-16,24,SKU02,Lager 330ml,Beer,WH04,East DC,70,5,0,1,1886,1988,1886,0
2024-06-23,25,SKU02,Lager 330ml,Beer,WH04,East DC,70,5,0,0,1370,1782,1370,0
2024-06-30,26,SKU02,Lager 330ml,Beer,WH04,East DC,70,5,0,0,1759,2092,1759,0
2024-07-07,27,SKU02,Lager 330ml,Beer,WH04,East DC,70,5,0,0,1083,2013,1083,0
2024-07-14,28,SKU02,Lager 330ml,Beer,WH04,East DC,70,5,0,0,1248,2610,1248,0
2024-07-21,29,SKU02,Lager 330ml,Beer,WH04,East DC,70,5,0,0,1227,1362,1227,0
2024-07-28,30,SKU02,Lager 330ml,Beer,WH04,East DC,70,5,0,0,994,1815,994,0
2024-08-04,31,SKU02,Lager 330ml,Beer,WH04,East DC,70,5,0,0,1049,2501,1049,0
2024-08-11,32,SKU02,Lager 330ml,Beer,WH04,East DC,70,5,0,0,1238,1452,1238,0
2024-08-18,33,SKU02,Lager 330ml,Beer,WH04,East DC,70,5,0,1,1321,1894,1321,0
2024-08-25,34,SKU02,Lager 330ml,Beer,WH04,East DC,70,5,0,0,1049,2253,1049,0
2024-09-01,35,SKU02,Lager 330ml,Beer,WH04,East DC,70,5,0,0,1261,2884,1261,0
2024-09-08,36,SKU02,Lager 330ml,Beer,WH04,East DC,70,5,0,0,924,1623,924,0
2024-09-15,37,SKU02,Lager 330ml,Beer,WH04,East DC,70,5,0,0,1226,2379,1226,0
2024-09-22,38,SKU02,Lager 330ml,Beer,WH04,East DC,70,5,0,0,850,2833,850,0
2024-09-29,39,SKU02,Lager 330ml,Beer,WH04,East DC,70,5,0,0,1229,1983,1229,0
2024-10-06,40,SKU02,Lager 330ml,Beer,WH04,East DC,70,5,1,0,1660,2434,1660,0
2024-10-13,41,SKU02,Lager 330ml,Beer,WH04,East DC,70,5,1,0,1782,2454,1782,0
2024-10-20,42,SKU02,Lager 330ml,Beer,WH04,East DC,70,5,1,0,1683,2352,1683,0
2024-10-27,43,SKU02,Lager 330ml,Beer,WH04,East DC,70,5,1,0,2147,2349,2147,0
2024-11-03,44,SKU02,Lager 330ml,Beer,WH04,East DC,70,5,1,1,2486,1882,1882,1
2024-11-10,45,SKU02,Lager 330ml,Beer,WH04,East DC,70,5,1,0,2170,1680,1680,1
2024-11-17,46,SKU02,Lager 330ml,Beer,WH04,East DC,70,5,0,1,1407,1680,1407,0
2024-11-24,47,SKU02,Lager 330ml,Beer,WH04,East DC,70,5,0,0,1049,1953,1049,0
2024-12-01,48,SKU02,Lager 330ml,Beer,WH04,East DC,70,5,0,0,1186,2584,1186,0
2024-12-08,49,SKU02,Lager 330ml,Beer,WH04,East DC,70,5,0,1,1424,1398,1398,1
2024-12-15,50,SKU02,Lager 330ml,Beer,WH04,East DC,70,5,0,0,1126,1680,1126,0
2024-12-22,51,SKU02,Lager 330ml,Beer,WH04,East DC,70,5,1,0,1571,2234,1571,0
2024-12-29,52,SKU02,Lager 330ml,Beer,WH04,East DC,70,5,1,0,1663,2343,1663,0
2025-01-05,53,SKU02,Lager 330ml,Beer,WH04,East DC,70,5,0,0,1075,2360,1075,0
2025-01-12,54,SKU02,Lager 330ml,Beer,WH04,East DC,70,5,0,1,1330,1285,1285,1
2025-01-19,55,SKU02,Lager 330ml,Beer,WH04,East DC,70,5,0,0,1131,1680,1131,0
2025-01-26,56,SKU02,Lager 330ml,Beer,WH04,East DC,70,5,0,0,1435,2229,1435,0
2025-02-02,57,SKU02,Lager 330ml,Beer,WH04,East DC,70,5,0,0,1022,2474,1022,0
2025-02-09,58,SKU02,Lager 330ml,Beer,WH04,East DC,70,5,0,0,1349,1452,1349,0
2025-02-16,59,SKU02,Lager 330ml,Beer,WH04,East DC,70,5,0,0,1209,1783,1209,0
2025-02-23,60,SKU02,Lager 330ml,Beer,WH04,East DC,70,5,0,0,1091,2254,1091,0
2025-03-02,61,SKU02,Lager 330ml,Beer,WH04,East DC,70,5,0,0,1117,2843,1117,0
2025-03-09,62,SKU02,Lager 330ml,Beer,WH04,East DC,70,5,0,0,1062,1726,1062,0
2025-03-16,63,SKU02,Lager 330ml,Beer,WH04,East DC,70,5,1,0,1947,2344,1947,0
2025-03-23,64,SKU02,Lager 330ml,Beer,WH04,East DC,70,5,1,0,2059,2077,2059,0
2025-03-30,65,SKU02,Lager 330ml,Beer,WH04,East DC,70,5,0,0,1471,1698,1471,0
2025-04-06,66,SKU02,Lager 330ml,Beer,WH04,East DC,70,5,0,0,1697,1907,1697,0
2025-04-13,67,SKU02,Lager 330ml,Beer,WH04,East DC,70,5,0,0,1475,1890,1475,0
2025-04-20,68,SKU02,Lager 330ml,Beer,WH04,East DC,70,5,0,0,1437,2095,1437,0
2025-04-27,69,SKU02,Lager 330ml,Beer,WH04,East DC,70,5,0,0,1479,2338,1479,0
2025-05-04,70,SKU02,Lager 330ml,Beer,WH04,East DC,70,5,0,0,1531,2539,1531,0
2025-05-11,71,SKU02,Lager 330ml,Beer,WH04,East DC,70,5,0,0,1395,2688,1395,0
2025-05-18,72,SKU02,Lager 330ml,Beer,WH04,East DC,70,5,0,0,1560,1293,1293,1
2025-05-25,73,SKU02,Lager 330ml,Beer,WH04,East DC,70,5,0,0,1546,1680,1546,0
2025-06-01,74,SKU02,Lager 330ml,Beer,WH04,East DC,70,5,0,0,1552,1814,1552,0
2025-06-08,75,SKU02,Lager 330ml,Beer,WH04,East DC,70,5,0,0,1809,1942,1809,0
2025-06-15,76,SKU02,Lager 330ml,Beer,WH04,East DC,70,5,0,0,1789,1813,1789,0
2025-06-22,77,SKU02,Lager 330ml,Beer,WH04,East DC,70,5,0,0,1624,1704,1624,0
2025-06-29,78,SKU02,Lager 330ml,Beer,WH04,East DC,70,5,0,0,1605,1760,1605,0
2025-07-06,79,SKU02,Lager 330ml,Beer,WH04,East DC,70,5,0,0,1672,1835,1672,0
2025-07-13,80,SKU02,Lager 330ml,Beer,WH04,East DC,70,5,0,0,887,1843,887,0
2025-07-20,81,SKU02,Lager 330ml,Beer,WH04,East DC,70,5,0,0,1475,2636,1475,0
2025-07-27,82,SKU02,Lager 330ml,Beer,WH04,East DC,70,5,0,1,2160,2841,2160,0
2025-08-03,83,SKU02,Lager 330ml,Beer,WH04,East DC,70,5,0,0,1104,2361,1104,0
2025-08-10,84,SKU02,Lager 330ml,Beer,WH04,East DC,70,5,0,0,1195,2937,1195,0
2025-08-17,85,SKU02,Lager 330ml,Beer,WH04,East DC,70,5,0,0,1145,1742,1145,0
2025-08-24,86,SKU02,Lager 330ml,Beer,WH04,East DC,70,5,0,0,1189,2277,1189,0
2025-08-31,87,SKU02,Lager 330ml,Beer,WH04,East DC,70,5,0,0,1300,2768,1300,0
2025-09-07,88,SKU02,Lager 330ml,Beer,WH04,East DC,70,5,0,0,1379,1468,1379,0
2025-09-14,89,SKU02,Lager 330ml,Beer,WH04,East DC,70,5,0,0,1124,1769,1124,0
2025-09-21,90,SKU02,Lager 330ml,Beer,WH04,East DC,70,5,0,0,1279,2325,1279,0
2025-09-28,91,SKU02,Lager 330ml,Beer,WH04,East DC,70,5,0,0,1300,2726,1300,0
2025-10-05,92,SKU02,Lager 330ml,Beer,WH04,East DC,70,5,1,0,2014,1426,1426,1
2025-10-12,93,SKU02,Lager 330ml,Beer,WH04,East DC,70,5,1,0,2181,1680,1680,1
2025-10-19,94,SKU02,Lager 330ml,Beer,WH04,East DC,70,5,1,0,2209,1680,1680,1
2025-10-26,95,SKU02,Lager 330ml,Beer,WH04,East DC,70,5,1,0,1687,1680,1680,1
2025-11-02,96,SKU02,Lager 330ml,Beer,WH04,East DC,70,5,1,0,2239,1680,1680,1
2025-11-09,97,SKU02,Lager 330ml,Beer,WH04,East DC,70,5,1,1,2025,1680,1680,1
2025-11-16,98,SKU02,Lager 330ml,Beer,WH04,East DC,70,5,0,0,1277,1680,1277,0
2025-11-23,99,SKU02,Lager 330ml,Beer,WH04,East DC,70,5,0,0,1216,2083,1216,0
2025-11-30,100,SKU02,Lager 330ml,Beer,WH04,East DC,70,5,0,0,1320,2547,1320,0
2025-12-07,101,SKU02,Lager 330ml,Beer,WH04,East DC,70,5,0,0,780,2907,780,0
2025-12-14,102,SKU02,Lager 330ml,Beer,WH04,East DC,70,5,0,1,1660,2127,1660,0
2025-12-21,103,SKU02,Lager 330ml,Beer,WH04,East DC,70,5,1,0,1970,2147,1970,0
2025-12-28,104,SKU02,Lager 330ml,Beer,WH04,East DC,70,5,1,0,2130,1857,1857,1
2024-01-07,1,SKU03,Strong Beer 650ml,Beer,WH04,East DC,140,6,0,0,488,840,488,0
2024-01-14,2,SKU03,Strong Beer 650ml,Beer,WH04,East DC,140,6,0,1,811,1312,811,0
2024-01-21,3,SKU03,Strong Beer 650ml,Beer,WH04,East DC,140,6,0,0,462,1461,462,0
2024-01-28,4,SKU03,Strong Beer 650ml,Beer,WH04,East DC,140,6,0,0,646,999,646,0
2024-02-04,5,SKU03,Strong Beer 650ml,Beer,WH04,East DC,140,6,0,0,688,1313,688,0
2024-02-11,6,SKU03,Strong Beer 650ml,Beer,WH04,East DC,140,6,0,0,548,1585,548,0
2024-02-18,7,SKU03,Strong Beer 650ml,Beer,WH04,East DC,140,6,0,0,585,1037,585,0
2024-02-25,8,SKU03,Strong Beer 650ml,Beer,WH04,East DC,140,6,0,0,607,1412,607,0
2024-03-03,9,SKU03,Strong Beer 650ml,Beer,WH04,East DC,140,6,0,0,570,805,570,0
2024-03-10,10,SKU03,Strong Beer 650ml,Beer,WH04,East DC,140,6,1,0,1187,1195,1187,0
2024-03-17,11,SKU03,Strong Beer 650ml,Beer,WH04,East DC,140,6,1,0,866,968,866,0
2024-03-24,12,SKU03,Strong Beer 650ml,Beer,WH04,East DC,140,6,1,0,1089,1062,1062,1
2024-03-31,13,SKU03,Strong Beer 650ml,Beer,WH04,East DC,140,6,0,0,848,960,848,0
2024-04-07,14,SKU03,Strong Beer 650ml,Beer,WH04,East DC,140,6,0,0,842,1072,842,0
2024-04-14,15,SKU03,Strong Beer 650ml,Beer,WH04,East DC,140,6,0,0,697,1190,697,0
2024-04-21,16,SKU03,Strong Beer 650ml,Beer,WH04,East DC,140,6,0,0,723,1453,723,0
2024-04-28,17,SKU03,Strong Beer 650ml,Beer,WH04,East DC,140,6,0,0,661,730,661,0
2024-05-05,18,SKU03,Strong Beer 650ml,Beer,WH04,East DC,140,6,0,0,887,1029,887,0
2024-05-12,19,SKU03,Strong Beer 650ml,Beer,WH04,East DC,140,6,0,0,702,1102,702,0
2024-05-19,20,SKU03,Strong Beer 650ml,Beer,WH04,East DC,140,6,0,0,915,1360,915,0
2024-05-26,21,SKU03,Strong Beer 650ml,Beer,WH04,East DC,140,6,0,0,846,1405,846,0
2024-06-02,22,SKU03,Strong Beer 650ml,Beer,WH04,East DC,140,6,0,0,637,1519,637,0
2024-06-09,23,SKU03,Strong Beer 650ml,Beer,WH04,East DC,140,6,0,0,644,882,644,0
2024-06-16,24,SKU03,Strong Beer 650ml,Beer,WH04,East DC,140,6,0,0,740,1198,740,0
2024-06-23,25,SKU03,Strong Beer 650ml,Beer,WH04,East DC,140,6,0,0,816,1418,816,0
2024-06-30,26,SKU03,Strong Beer 650ml,Beer,WH04,East DC,140,6,0,0,958,1562,958,0
2024-07-07,27,SKU03,Strong Beer 650ml,Beer,WH04,East DC,140,6,0,0,751,1564,751,0
2024-07-14,28,SKU03,Strong Beer 650ml,Beer,WH04,East DC,140,6,0,0,771,813,771,0
2024-07-21,29,SKU03,Strong Beer 650ml,Beer,WH04,East DC,140,6,0,0,687,1002,687,0
2024-07-28,30,SKU03,Strong Beer 650ml,Beer,WH04,East DC,140,6,0,1,715,1275,715,0
2024-08-04,31,SKU03,Strong Beer 650ml,Beer,WH04,East DC,140,6,0,0,664,1520,664,0
2024-08-11,32,SKU03,Strong Beer 650ml,Beer,WH04,East DC,140,6,0,0,628,856,628,0
2024-08-18,33,SKU03,Strong Beer 650ml,Beer,WH04,East DC,140,6,0,0,580,1188,580,0
2024-08-25,34,SKU03,Strong Beer 650ml,Beer,WH04,East DC,140,6,0,0,627,1568,627,0
2024-09-01,35,SKU03,Strong Beer 650ml,Beer,WH04,East DC,140,6,0,0,570,941,570,0
2024-09-08,36,SKU03,Strong Beer 650ml,Beer,WH04,East DC,140,6,0,0,572,1331,572,0
2024-09-15,37,SKU03,Strong Beer 650ml,Beer,WH04,East DC,140,6,0,0,656,759,656,0
2024-09-22,38,SKU03,Strong Beer 650ml,Beer,WH04,East DC,140,6,0,0,665,1063,665,0
2024-09-29,39,SKU03,Strong Beer 650ml,Beer,WH04,East DC,140,6,0,0,502,1358,502,0
2024-10-06,40,SKU03,Strong Beer 650ml,Beer,WH04,East DC,140,6,1,0,1097,856,856,1
2024-10-13,41,SKU03,Strong Beer 650ml,Beer,WH04,East DC,140,6,1,1,1333,960,960,1
2024-10-20,42,SKU03,Strong Beer 650ml,Beer,WH04,East DC,140,6,1,0,1340,960,960,1
2024-10-27,43,SKU03,Strong Beer 650ml,Beer,WH04,East DC,140,6,1,0,1245,960,960,1
2024-11-03,44,SKU03,Strong Beer 650ml,Beer,WH04,East DC,140,6,1,0,1230,960,960,1
2024-11-10,45,SKU03,Strong Beer 650ml,Beer,WH04,East DC,140,6,1,0,1053,960,960,1
2024-11-17,46,SKU03,Strong Beer 650ml,Beer,WH04,East DC,140,6,0,0,548,960,548,0
2024-11-24,47,SKU03,Strong Beer 650ml,Beer,WH04,East DC,140,6,0,0,573,1372,573,0
2024-12-01,48,SKU03,Strong Beer 650ml,Beer,WH04,East DC,140,6,0,0,721,799,721,0
2024-12-08,49,SKU03,Strong Beer 650ml,Beer,WH04,East DC,140,6,0,0,543,1038,543,0
2024-12-15,50,SKU03,Strong Beer 650ml,Beer,WH04,East DC,140,6,0,1,982,1455,982,0
2024-12-22,51,SKU03,Strong Beer 650ml,Beer,WH04,East DC,140,6,1,0,967,1433,967,0
2024-12-29,52,SKU03,Strong Beer 650ml,Beer,WH04,East DC,140,6,1,0,1171,1426,1171,0
2025-01-05,53,SKU03,Strong Beer 650ml,Beer,WH04,East DC,140,6,0,0,727,1215,727,0
2025-01-12,54,SKU03,Strong Beer 650ml,Beer,WH04,East DC,140,6,0,0,492,1448,492,0
2025-01-19,55,SKU03,Strong Beer 650ml,Beer,WH04,East DC,140,6,0,0,584,956,584,0
2025-01-26,56,SKU03,Strong Beer 650ml,Beer,WH04,East DC,140,6,0,0,670,1332,670,0
2025-02-02,57,SKU03,Strong Beer 650ml,Beer,WH04,East DC,140,6,0,0,596,1622,596,0
2025-02-09,58,SKU03,Strong Beer 650ml,Beer,WH04,East DC,140,6,0,0,689,1026,689,0
2025-02-16,59,SKU03,Strong Beer 650ml,Beer,WH04,East DC,140,6,0,0,833,1297,833,0
2025-02-23,60,SKU03,Strong Beer 650ml,Beer,WH04,East DC,140,6,0,0,775,1424,775,0
2025-03-02,61,SKU03,Strong Beer 650ml,Beer,WH04,East DC,140,6,0,0,953,1609,953,0
2025-03-09,62,SKU03,Strong Beer 650ml,Beer,WH04,East DC,140,6,0,0,688,1616,688,0
2025-03-16,63,SKU03,Strong Beer 650ml,Beer,WH04,East DC,140,6,1,0,1480,928,928,1
2025-03-23,64,SKU03,Strong Beer 650ml,Beer,WH04,East DC,140,6,1,0,1124,960,960,1
2025-03-30,65,SKU03,Strong Beer 650ml,Beer,WH04,East DC,140,6,0,0,733,960,733,0
2025-04-06,66,SKU03,Strong Beer 650ml,Beer,WH04,East DC,140,6,0,0,923,1187,923,0
2025-04-13,67,SKU03,Strong Beer 650ml,Beer,WH04,East DC,140,6,0,0,887,1224,887,0
2025-04-20,68,SKU03,Strong Beer 650ml,Beer,WH04,East DC,140,6,0,0,1049,1297,1049,0
2025-04-27,69,SKU03,Strong Beer 650ml,Beer,WH04,East DC,140,6,0,0,1082,1208,1082,0
2025-05-04,70,SKU03,Strong Beer 650ml,Beer,WH04,East DC,140,6,0,0,943,1086,943,0
2025-05-11,71,SKU03,Strong Beer 650ml,Beer,WH04,East DC,140,6,0,0,731,1103,731,0
2025-05-18,72,SKU03,Strong Beer 650ml,Beer,WH04,East DC,140,6,0,0,1056,1332,1056,0
2025-05-25,73,SKU03,Strong Beer 650ml,Beer,WH04,East DC,140,6,0,0,1061,1236,1061,0
2025-06-01,74,SKU03,Strong Beer 650ml,Beer,WH04,East DC,140,6,0,0,888,1135,888,0
2025-06-08,75,SKU03,Strong Beer 650ml,Beer,WH04,East DC,140,6,0,0,708,1207,708,0
2025-06-15,76,SKU03,Strong Beer 650ml,Beer,WH04,East DC,140,6,0,0,705,1459,705,0
2025-06-22,77,SKU03,Strong Beer 650ml,Beer,WH04,East DC,140,6,0,0,763,754,754,1
2025-06-29,78,SKU03,Strong Beer 650ml,Beer,WH04,East DC,140,6,0,0,882,960,882,0
2025-07-06,79,SKU03,Strong Beer 650ml,Beer,WH04,East DC,140,6,0,0,901,1038,901,0
2025-07-13,80,SKU03,Strong Beer 650ml,Beer,WH04,East DC,140,6,0,0,851,1097,851,0
2025-07-20,81,SKU03,Strong Beer 650ml,Beer,WH04,East DC,140,6,0,0,869,1206,869,0
2025-07-27,82,SKU03,Strong Beer 650ml,Beer,WH04,East DC,140,6,0,0,814,1297,814,0
2025-08-03,83,SKU03,Strong Beer 650ml,Beer,WH04,East DC,140,6,0,0,682,1443,682,0
2025-08-10,84,SKU03,Strong Beer 650ml,Beer,WH04,East DC,140,6,0,0,681,761,681,0
2025-08-17,85,SKU03,Strong Beer 650ml,Beer,WH04,East DC,140,6,0,0,580,1040,580,0
2025-08-24,86,SKU03,Strong Beer 650ml,Beer,WH04,East DC,140,6,0,0,586,1420,586,0
2025-08-31,87,SKU03,Strong Beer 650ml,Beer,WH04,East DC,140,6,0,1,807,834,807,0
2025-09-07,88,SKU03,Strong Beer 650ml,Beer,WH04,East DC,140,6,0,0,633,987,633,0
2025-09-14,89,SKU03,Strong Beer 650ml,Beer,WH04,East DC,140,6,0,0,685,1314,685,0
2025-09-21,90,SKU03,Strong Beer 650ml,Beer,WH04,East DC,140,6,0,1,965,1589,965,0
2025-09-28,91,SKU03,Strong Beer 650ml,Beer,WH04,East DC,140,6,0,0,589,1584,589,0
2025-10-05,92,SKU03,Strong Beer 650ml,Beer,WH04,East DC,140,6,1,0,1163,995,995,1
2025-10-12,93,SKU03,Strong Beer 650ml,Beer,WH04,East DC,140,6,1,0,1335,960,960,1
2025-10-19,94,SKU03,Strong Beer 650ml,Beer,WH04,East DC,140,6,1,1,1664,960,960,1
2025-10-26,95,SKU03,Strong Beer 650ml,Beer,WH04,East DC,140,6,1,0,1261,960,960,1
2025-11-02,96,SKU03,Strong Beer 650ml,Beer,WH04,East DC,140,6,1,0,1257,960,960,1
2025-11-09,97,SKU03,Strong Beer 650ml,Beer,WH04,East DC,140,6,1,0,1213,960,960,1
2025-11-16,98,SKU03,Strong Beer 650ml,Beer,WH04,East DC,140,6,0,0,685,960,685,0
2025-11-23,99,SKU03,Strong Beer 650ml,Beer,WH04,East DC,140,6,0,0,837,1235,837,0
2025-11-30,100,SKU03,Strong Beer 650ml,Beer,WH04,East DC,140,6,0,0,572,1358,572,0
2025-12-07,101,SKU03,Strong Beer 650ml,Beer,WH04,East DC,140,6,0,0,670,786,670,0
2025-12-14,102,SKU03,Strong Beer 650ml,Beer,WH04,East DC,140,6,0,0,605,1076,605,0
2025-12-21,103,SKU03,Strong Beer 650ml,Beer,WH04,East DC,140,6,1,0,1108,1431,1108,0
2025-12-28,104,SKU03,Strong Beer 650ml,Beer,WH04,East DC,140,6,1,0,1028,1283,1028,0
2024-01-07,1,SKU04,Craft IPA 330ml,Beer,WH04,East DC,180,8,0,1,315,368,315,0
2024-01-14,2,SKU04,Craft IPA 330ml,Beer,WH04,East DC,180,8,0,0,261,472,261,0
2024-01-21,3,SKU04,Craft IPA 330ml,Beer,WH04,East DC,180,8,0,0,291,632,291,0
2024-01-28,4,SKU04,Craft IPA 330ml,Beer,WH04,East DC,180,8,0,0,340,340,340,0
2024-02-04,5,SKU04,Craft IPA 330ml,Beer,WH04,East DC,180,8,0,0,259,420,259,0
2024-02-11,6,SKU04,Craft IPA 330ml,Beer,WH04,East DC,180,8,0,0,286,582,286,0
2024-02-18,7,SKU04,Craft IPA 330ml,Beer,WH04,East DC,180,8,0,0,259,716,259,0
2024-02-25,8,SKU04,Craft IPA 330ml,Beer,WH04,East DC,180,8,0,0,319,456,319,0
2024-03-03,9,SKU04,Craft IPA 330ml,Beer,WH04,East DC,180,8,0,0,366,558,366,0
2024-03-10,10,SKU04,Craft IPA 330ml,Beer,WH04,East DC,180,8,1,0,469,612,469,0
2024-03-17,11,SKU04,Craft IPA 330ml,Beer,WH04,East DC,180,8,1,1,610,562,562,1
2024-03-24,12,SKU04,Craft IPA 330ml,Beer,WH04,East DC,180,8,1,0,434,420,420,1
2024-03-31,13,SKU04,Craft IPA 330ml,Beer,WH04,East DC,180,8,0,0,346,420,346,0
2024-04-07,14,SKU04,Craft IPA 330ml,Beer,WH04,East DC,180,8,0,0,406,494,406,0
2024-04-14,15,SKU04,Craft IPA 330ml,Beer,WH04,East DC,180,8,0,0,359,508,359,0
2024-04-21,16,SKU04,Craft IPA 330ml,Beer,WH04,East DC,180,8,0,0,398,569,398,0
2024-04-28,17,SKU04,Craft IPA 330ml,Beer,WH04,East DC,180,8,0,0,354,591,354,0
2024-05-05,18,SKU04,Craft IPA 330ml,Beer,WH04,East DC,180,8,0,0,359,657,359,0
2024-05-12,19,SKU04,Craft IPA 330ml,Beer,WH04,East DC,180,8,0,0,406,718,406,0
2024-05-19,20,SKU04,Craft IPA 330ml,Beer,WH04,East DC,180,8,0,0,330,732,330,0
2024-05-26,21,SKU04,Craft IPA 330ml,Beer,WH04,East DC,180,8,0,0,384,402,384,0
2024-06-02,22,SKU04,Craft IPA 330ml,Beer,WH04,East DC,180,8,0,0,337,438,337,0
2024-06-09,23,SKU04,Craft IPA 330ml,Beer,WH04,East DC,180,8,0,0,450,521,450,0
2024-06-16,24,SKU04,Craft IPA 330ml,Beer,WH04,East DC,180,8,0,0,367,491,367,0
2024-06-23,25,SKU04,Craft IPA 330ml,Beer,WH04,East DC,180,8,0,0,362,544,362,0
2024-06-30,26,SKU04,Craft IPA 330ml,Beer,WH04,East DC,180,8,0,0,361,602,361,0
2024-07-07,27,SKU04,Craft IPA 330ml,Beer,WH04,East DC,180,8,0,0,273,661,273,0
2024-07-14,28,SKU04,Craft IPA 330ml,Beer,WH04,East DC,180,8,0,0,270,388,270,0
2024-07-21,29,SKU04,Craft IPA 330ml,Beer,WH04,East DC,180,8,0,0,367,538,367,0
2024-07-28,30,SKU04,Craft IPA 330ml,Beer,WH04,East DC,180,8,0,0,282,591,282,0
2024-08-04,31,SKU04,Craft IPA 330ml,Beer,WH04,East DC,180,8,0,0,258,729,258,0
2024-08-11,32,SKU04,Craft IPA 330ml,Beer,WH04,East DC,180,8,0,1,341,471,341,0
2024-08-18,33,SKU04,Craft IPA 330ml,Beer,WH04,East DC,180,8,0,0,275,550,275,0
2024-08-25,34,SKU04,Craft IPA 330ml,Beer,WH04,East DC,180,8,0,0,278,695,278,0
2024-09-01,35,SKU04,Craft IPA 330ml,Beer,WH04,East DC,180,8,0,0,296,417,296,0
2024-09-08,36,SKU04,Craft IPA 330ml,Beer,WH04,East DC,180,8,0,0,321,541,321,0
2024-09-15,37,SKU04,Craft IPA 330ml,Beer,WH04,East DC,180,8,0,0,276,640,276,0
2024-09-22,38,SKU04,Craft IPA 330ml,Beer,WH04,East DC,180,8,0,0,224,364,224,0
2024-09-29,39,SKU04,Craft IPA 330ml,Beer,WH04,East DC,180,8,0,0,294,560,294,0
2024-10-06,40,SKU04,Craft IPA 330ml,Beer,WH04,East DC,180,8,1,0,499,686,499,0
2024-10-13,41,SKU04,Craft IPA 330ml,Beer,WH04,East DC,180,8,1,0,478,607,478,0
2024-10-20,42,SKU04,Craft IPA 330ml,Beer,WH04,East DC,180,8,1,0,468,549,468,0
2024-10-27,43,SKU04,Craft IPA 330ml,Beer,WH04,East DC,180,8,1,0,595,501,501,1
2024-11-03,44,SKU04,Craft IPA 330ml,Beer,WH04,East DC,180,8,1,0,498,420,420,1
2024-11-10,45,SKU04,Craft IPA 330ml,Beer,WH04,East DC,180,8,1,0,452,420,420,1
2024-11-17,46,SKU04,Craft IPA 330ml,Beer,WH04,East DC,180,8,0,0,293,420,293,0
2024-11-24,47,SKU04,Craft IPA 330ml,Beer,WH04,East DC,180,8,0,0,321,547,321,0
2024-12-01,48,SKU04,Craft IPA 330ml,Beer,WH04,East DC,180,8,0,0,245,646,245,0
2024-12-08,49,SKU04,Craft IPA 330ml,Beer,WH04,East DC,180,8,0,0,325,401,325,0
2024-12-15,50,SKU04,Craft IPA 330ml,Beer,WH04,East DC,180,8,0,0,235,496,235,0
2024-12-22,51,SKU04,Craft IPA 330ml,Beer,WH04,East DC,180,8,1,0,430,681,430,0
2024-12-29,52,SKU04,Craft IPA 330ml,Beer,WH04,East DC,180,8,1,0,462,671,462,0
2025-01-05,53,SKU04,Craft IPA 330ml,Beer,WH04,East DC,180,8,0,0,258,629,258,0
2025-01-12,54,SKU04,Craft IPA 330ml,Beer,WH04,East DC,180,8,0,0,242,371,242,0
2025-01-19,55,SKU04,Craft IPA 330ml,Beer,WH04,East DC,180,8,0,0,268,549,268,0
2025-01-26,56,SKU04,Craft IPA 330ml,Beer,WH04,East DC,180,8,0,0,330,701,330,0
2025-02-02,57,SKU04,Craft IPA 330ml,Beer,WH04,East DC,180,8,0,0,298,371,298,0
2025-02-09,58,SKU04,Craft IPA 330ml,Beer,WH04,East DC,180,8,0,0,239,493,239,0
2025-02-16,59,SKU04,Craft IPA 330ml,Beer,WH04,East DC,180,8,0,0,347,674,347,0
2025-02-23,60,SKU04,Craft IPA 330ml,Beer,WH04,East DC,180,8,0,0,266,327,266,0
2025-03-02,61,SKU04,Craft IPA 330ml,Beer,WH04,East DC,180,8,0,0,337,481,337,0
2025-03-09,62,SKU04,Craft IPA 330ml,Beer,WH04,East DC,180,8,0,0,358,564,358,0
2025-03-16,63,SKU04,Craft IPA 330ml,Beer,WH04,East DC,180,8,1,0,570,626,570,0
2025-03-23,64,SKU04,Craft IPA 330ml,Beer,WH04,East DC,180,8,1,0,497,476,476,1
2025-03-30,65,SKU04,Craft IPA 330ml,Beer,WH04,East DC,180,8,0,1,431,420,420,1
2025-04-06,66,SKU04,Craft IPA 330ml,Beer,WH04,East DC,180,8,0,0,402,420,402,0
2025-04-13,67,SKU04,Craft IPA 330ml,Beer,WH04,East DC,180,8,0,0,391,438,391,0
2025-04-20,68,SKU04,Craft IPA 330ml,Beer,WH04,East DC,180,8,0,0,472,467,467,1
2025-04-27,69,SKU04,Craft IPA 330ml,Beer,WH04,East DC,180,8,0,0,354,420,354,0
2025-05-04,70,SKU04,Craft IPA 330ml,Beer,WH04,East DC,180,8,0,0,342,486,342,0
2025-05-11,71,SKU04,Craft IPA 330ml,Beer,WH04,East DC,180,8,0,0,409,564,409,0
2025-05-18,72,SKU04,Craft IPA 330ml,Beer,WH04,East DC,180,8,0,0,411,575,411,0
2025-05-25,73,SKU04,Craft IPA 330ml,Beer,WH04,East DC,180,8,0,0,422,584,422,0
2025-06-01,74,SKU04,Craft IPA 330ml,Beer,WH04,East DC,180,8,0,0,336,582,336,0
2025-06-08,75,SKU04,Craft IPA 330ml,Beer,WH04,East DC,180,8,0,0,416,666,416,0
2025-06-15,76,SKU04,Craft IPA 330ml,Beer,WH04,East DC,180,8,0,0,306,670,306,0
2025-06-22,77,SKU04,Craft IPA 330ml,Beer,WH04,East DC,180,8,0,0,373,364,364,1
2025-06-29,78,SKU04,Craft IPA 330ml,Beer,WH04,East DC,180,8,0,0,307,420,307,0
2025-07-06,79,SKU04,Craft IPA 330ml,Beer,WH04,East DC,180,8,0,0,299,533,299,0
2025-07-13,80,SKU04,Craft IPA 330ml,Beer,WH04,East DC,180,8,0,1,483,654,483,0
2025-07-20,81,SKU04,Craft IPA 330ml,Beer,WH04,East DC,180,8,0,1,368,591,368,0
2025-07-27,82,SKU04,Craft IPA 330ml,Beer,WH04,East DC,180,8,0,1,263,643,263,0
2025-08-03,83,SKU04,Craft IPA 330ml,Beer,WH04,East DC,180,8,0,0,305,380,305,0
2025-08-10,84,SKU04,Craft IPA 330ml,Beer,WH04,East DC,180,8,0,0,227,495,227,0
2025-08-17,85,SKU04,Craft IPA 330ml,Beer,WH04,East DC,180,8,0,0,239,688,239,0
2025-08-24,86,SKU04,Craft IPA 330ml,Beer,WH04,East DC,180,8,0,0,271,449,271,0
2025-08-31,87,SKU04,Craft IPA 330ml,Beer,WH04,East DC,180,8,0,0,246,598,246,0
2025-09-07,88,SKU04,Craft IPA 330ml,Beer,WH04,East DC,180,8,0,0,290,352,290,0
2025-09-14,89,SKU04,Craft IPA 330ml,Beer,WH04,East DC,180,8,0,0,287,482,287,0
2025-09-21,90,SKU04,Craft IPA 330ml,Beer,WH04,East DC,180,8,0,1,319,615,319,0
2025-09-28,91,SKU04,Craft IPA 330ml,Beer,WH04,East DC,180,8,0,0,297,716,297,0
2025-10-05,92,SKU04,Craft IPA 330ml,Beer,WH04,East DC,180,8,1,0,415,419,415,0
2025-10-12,93,SKU04,Craft IPA 330ml,Beer,WH04,East DC,180,8,1,0,662,424,424,1
2025-10-19,94,SKU04,Craft IPA 330ml,Beer,WH04,East DC,180,8,1,0,606,420,420,1
2025-10-26,95,SKU04,Craft IPA 330ml,Beer,WH04,East DC,180,8,1,0,478,420,420,1
2025-11-02,96,SKU04,Craft IPA 330ml,Beer,WH04,East DC,180,8,1,0,584,420,420,1
2025-11-09,97,SKU04,Craft IPA 330ml,Beer,WH04,East DC,180,8,1,0,551,420,420,1
2025-11-16,98,SKU04,Craft IPA 330ml,Beer,WH04,East DC,180,8,0,0,306,420,306,0
2025-11-23,99,SKU04,Craft IPA 330ml,Beer,WH04,East DC,180,8,0,0,257,534,257,0
2025-11-30,100,SKU04,Craft IPA 330ml,Beer,WH04,East DC,180,8,0,0,256,697,256,0
2025-12-07,101,SKU04,Craft IPA 330ml,Beer,WH04,East DC,180,8,0,0,264,441,264,0
2025-12-14,102,SKU04,Craft IPA 330ml,Beer,WH04,East DC,180,8,0,0,312,597,312,0
2025-12-21,103,SKU04,Craft IPA 330ml,Beer,WH04,East DC,180,8,1,0,416,705,416,0
2025-12-28,104,SKU04,Craft IPA 330ml,Beer,WH04,East DC,180,8,1,1,397,709,397,0
2024-01-07,1,SKU05,Premium Lager 500ml,Beer,WH04,East DC,150,6,0,0,530,840,530,0
2024-01-14,2,SKU05,Premium Lager 500ml,Beer,WH04,East DC,150,6,0,0,686,1270,686,0
2024-01-21,3,SKU05,Premium Lager 500ml,Beer,WH04,East DC,150,6,0,0,529,1544,529,0
2024-01-28,4,SKU05,Premium Lager 500ml,Beer,WH04,East DC,150,6,0,0,628,1015,628,0
2024-02-04,5,SKU05,Premium Lager 500ml,Beer,WH04,East DC,150,6,0,0,553,1347,553,0
2024-02-11,6,SKU05,Premium Lager 500ml,Beer,WH04,East DC,150,6,0,0,502,794,502,0
2024-02-18,7,SKU05,Premium Lager 500ml,Beer,WH04,East DC,150,6,0,0,698,1252,698,0
2024-02-25,8,SKU05,Premium Lager 500ml,Beer,WH04,East DC,150,6,0,1,655,1514,655,0
2024-03-03,9,SKU05,Premium Lager 500ml,Beer,WH04,East DC,150,6,0,0,811,859,811,0
2024-03-10,10,SKU05,Premium Lager 500ml,Beer,WH04,East DC,150,6,1,0,1108,1008,1008,1
2024-03-17,11,SKU05,Premium Lager 500ml,Beer,WH04,East DC,150,6,1,0,1120,960,960,1
2024-03-24,12,SKU05,Premium Lager 500ml,Beer,WH04,East DC,150,6,1,0,1238,960,960,1
2024-03-31,13,SKU05,Premium Lager 500ml,Beer,WH04,East DC,150,6,0,0,759,960,759,0
2024-04-07,14,SKU05,Premium Lager 500ml,Beer,WH04,East DC,150,6,0,0,857,1161,857,0
2024-04-14,15,SKU05,Premium Lager 500ml,Beer,WH04,East DC,150,6,0,0,788,1264,788,0
2024-04-21,16,SKU05,Premium Lager 500ml,Beer,WH04,East DC,150,6,0,0,886,1436,886,0
2024-04-28,17,SKU05,Premium Lager 500ml,Beer,WH04,East DC,150,6,0,0,907,1510,907,0
2024-05-05,18,SKU05,Premium Lager 500ml,Beer,WH04,East DC,150,6,0,0,676,1563,676,0
2024-05-12,19,SKU05,Premium Lager 500ml,Beer,WH04,East DC,150,6,0,0,829,887,829,0
2024-05-19,20,SKU05,Premium Lager 500ml,Beer,WH04,East DC,150,6,0,1,752,1018,752,0
2024-05-26,21,SKU05,Premium Lager 500ml,Beer,WH04,East DC,150,6,0,0,878,1226,878,0
2024-06-02,22,SKU05,Premium Lager 500ml,Beer,WH04,East DC,150,6,0,0,723,1308,723,0
2024-06-09,23,SKU05,Premium Lager 500ml,Beer,WH04,East DC,150,6,0,0,886,1545,886,0
2024-06-16,24,SKU05,Premium Lager 500ml,Beer,WH04,East DC,150,6,0,0,823,1619,823,0
2024-06-23,25,SKU05,Premium Lager 500ml,Beer,WH04,East DC,150,6,0,0,872,796,796,1
2024-06-30,26,SKU05,Premium Lager 500ml,Beer,WH04,East DC,150,6,0,0,999,960,960,1
2024-07-07,27,SKU05,Premium Lager 500ml,Beer,WH04,East DC,150,6,0,0,637,960,637,0
2024-07-14,28,SKU05,Premium Lager 500ml,Beer,WH04,East DC,150,6,0,0,705,1283,705,0
2024-07-21,29,SKU05,Premium Lager 500ml,Beer,WH04,East DC,150,6,0,0,726,1538,726,0
2024-07-28,30,SKU05,Premium Lager 500ml,Beer,WH04,East DC,150,6,0,0,609,812,609,0
2024-08-04,31,SKU05,Premium Lager 500ml,Beer,WH04,East DC,150,6,0,1,862,1163,862,0
2024-08-11,32,SKU05,Premium Lager 500ml,Beer,WH04,East DC,150,6,0,0,732,1261,732,0
2024-08-18,33,SKU05,Premium Lager 500ml,Beer,WH04,East DC,150,6,0,0,640,1489,640,0
2024-08-25,34,SKU05,Premium Lager 500ml,Beer,WH04,East DC,150,6,0,0,757,849,757,0
2024-09-01,35,SKU05,Premium Lager 500ml,Beer,WH04,East DC,150,6,0,0,669,1052,669,0
2024-09-08,36,SKU05,Premium Lager 500ml,Beer,WH04,East DC,150,6,0,0,636,1343,636,0
2024-09-15,37,SKU05,Premium Lager 500ml,Beer,WH04,East DC,150,6,0,1,873,1667,873,0
2024-09-22,38,SKU05,Premium Lager 500ml,Beer,WH04,East DC,150,6,0,0,618,794,618,0
2024-09-29,39,SKU05,Premium Lager 500ml,Beer,WH04,East DC,150,6,0,0,613,1136,613,0
2024-10-06,40,SKU05,Premium Lager 500ml,Beer,WH04,East DC,150,6,1,0,1209,1483,1209,0
2024-10-13,41,SKU05,Premium Lager 500ml,Beer,WH04,East DC,150,6,1,0,1405,1234,1234,1
2024-10-20,42,SKU05,Premium Lager 500ml,Beer,WH04,East DC,150,6,1,0,1010,960,960,1
2024-10-27,43,SKU05,Premium Lager 500ml,Beer,WH04,East DC,150,6,1,1,1204,960,960,1
2024-11-03,44,SKU05,Premium Lager 500ml,Beer,WH04,East DC,150,6,1,0,1185,960,960,1
2024-11-10,45,SKU05,Premium Lager 500ml,Beer,WH04,East DC,150,6,1,0,856,960,856,0
2024-11-17,46,SKU05,Premium Lager 500ml,Beer,WH04,East DC,150,6,0,0,602,1064,602,0
2024-11-24,47,SKU05,Premium Lager 500ml,Beer,WH04,East DC,150,6,0,0,630,1422,630,0
2024-12-01,48,SKU05,Premium Lager 500ml,Beer,WH04,East DC,150,6,0,0,594,792,594,0
2024-12-08,49,SKU05,Premium Lager 500ml,Beer,WH04,East DC,150,6,0,0,739,1158,739,0
2024-12-15,50,SKU05,Premium Lager 500ml,Beer,WH04,East DC,150,6,0,0,734,1379,734,0
2024-12-22,51,SKU05,Premium Lager 500ml,Beer,WH04,East DC,150,6,1,0,1173,1605,1173,0
2024-12-29,52,SKU05,Premium Lager 500ml,Beer,WH04,East DC,150,6,1,0,959,1392,959,0
2025-01-05,53,SKU05,Premium Lager 500ml,Beer,WH04,East DC,150,6,0,0,652,1393,652,0
2025-01-12,54,SKU05,Premium Lager 500ml,Beer,WH04,East DC,150,6,0,0,601,741,601,0
2025-01-19,55,SKU05,Premium Lager 500ml,Beer,WH04,East DC,150,6,0,0,726,1100,726,0
2025-01-26,56,SKU05,Premium Lager 500ml,Beer,WH04,East DC,150,6,0,0,522,1334,522,0
2025-02-02,57,SKU05,Premium Lager 500ml,Beer,WH04,East DC,150,6,0,0,612,812,612,0
2025-02-09,58,SKU05,Premium Lager 500ml,Beer,WH04,East DC,150,6,0,0,731,1160,731,0
2025-02-16,59,SKU05,Premium Lager 500ml,Beer,WH04,East DC,150,6,0,1,787,1389,787,0
2025-02-23,60,SKU05,Premium Lager 500ml,Beer,WH04,East DC,150,6,0,0,601,1562,601,0
2025-03-02,61,SKU05,Premium Lager 500ml,Beer,WH04,East DC,150,6,0,0,674,961,674,0
2025-03-09,62,SKU05,Premium Lager 500ml,Beer,WH04,East DC,150,6,0,0,660,1247,660,0
2025-03-16,63,SKU05,Premium Lager 500ml,Beer,WH04,East DC,150,6,1,0,1111,1547,1111,0
2025-03-23,64,SKU05,Premium Lager 500ml,Beer,WH04,East DC,150,6,1,0,1255,1396,1255,0
2025-03-30,65,SKU05,Premium Lager 500ml,Beer,WH04,East DC,150,6,0,0,746,1101,746,0
2025-04-06,66,SKU05,Premium Lager 500ml,Beer,WH04,East DC,150,6,0,0,1025,1315,1025,0
2025-04-13,67,SKU05,Premium Lager 500ml,Beer,WH04,East DC,150,6,0,0,716,1250,716,0
2025-04-20,68,SKU05,Premium Lager 500ml,Beer,WH04,East DC,150,6,0,0,805,1494,805,0
2025-04-27,69,SKU05,Premium Lager 500ml,Beer,WH04,East DC,150,6,0,0,747,1649,747,0
2025-05-04,70,SKU05,Premium Lager 500ml,Beer,WH04,East DC,150,6,0,0,798,902,798,0
2025-05-11,71,SKU05,Premium Lager 500ml,Beer,WH04,East DC,150,6,0,1,1015,1064,1015,0
2025-05-18,72,SKU05,Premium Lager 500ml,Beer,WH04,East DC,150,6,0,1,1163,1009,1009,1
2025-05-25,73,SKU05,Premium Lager 500ml,Beer,WH04,East DC,150,6,0,0,946,960,946,0
2025-06-01,74,SKU05,Premium Lager 500ml,Beer,WH04,East DC,150,6,0,0,938,974,938,0
2025-06-08,75,SKU05,Premium Lager 500ml,Beer,WH04,East DC,150,6,0,0,974,996,974,0
2025-06-15,76,SKU05,Premium Lager 500ml,Beer,WH04,East DC,150,6,0,0,993,982,982,1
2025-06-22,77,SKU05,Premium Lager 500ml,Beer,WH04,East DC,150,6,0,0,926,960,926,0
2025-06-29,78,SKU05,Premium Lager 500ml,Beer,WH04,East DC,150,6,0,0,968,994,968,0
2025-07-06,79,SKU05,Premium Lager 500ml,Beer,WH04,East DC,150,6,0,0,730,986,730,0
2025-07-13,80,SKU05,Premium Lager 500ml,Beer,WH04,East DC,150,6,0,1,791,1216,791,0
2025-07-20,81,SKU05,Premium Lager 500ml,Beer,WH04,East DC,150,6,0,0,693,1385,693,0
2025-07-27,82,SKU05,Premium Lager 500ml,Beer,WH04,East DC,150,6,0,0,885,1652,885,0
2025-08-03,83,SKU05,Premium Lager 500ml,Beer,WH04,East DC,150,6,0,0,572,767,572,0
2025-08-10,84,SKU05,Premium Lager 500ml,Beer,WH04,East DC,150,6,0,0,629,1155,629,0
2025-08-17,85,SKU05,Premium Lager 500ml,Beer,WH04,East DC,150,6,0,0,560,1486,560,0
2025-08-24,86,SKU05,Premium Lager 500ml,Beer,WH04,East DC,150,6,0,0,735,926,735,0
2025-08-31,87,SKU05,Premium Lager 500ml,Beer,WH04,East DC,150,6,0,0,657,1151,657,0
2025-09-07,88,SKU05,Premium Lager 500ml,Beer,WH04,East DC,150,6,0,1,792,1454,792,0
2025-09-14,89,SKU05,Premium Lager 500ml,Beer,WH04,East DC,150,6,0,0,500,1622,500,0
2025-09-21,90,SKU05,Premium Lager 500ml,Beer,WH04,East DC,150,6,0,0,663,1122,663,0
2025-09-28,91,SKU05,Premium Lager 500ml,Beer,WH04,East DC,150,6,0,0,750,1419,750,0
2025-10-05,92,SKU05,Premium Lager 500ml,Beer,WH04,East DC,150,6,1,0,1290,1629,1290,0
2025-10-12,93,SKU05,Premium Lager 500ml,Beer,WH04,East DC,150,6,1,0,1103,1299,1103,0
2025-10-19,94,SKU05,Premium Lager 500ml,Beer,WH04,East DC,150,6,1,0,1067,1156,1067,0
2025-10-26,95,SKU05,Premium Lager 500ml,Beer,WH04,East DC,150,6,1,0,1214,1049,1049,1
2025-11-02,96,SKU05,Premium Lager 500ml,Beer,WH04,East DC,150,6,1,0,978,960,960,1
2025-11-09,97,SKU05,Premium Lager 500ml,Beer,WH04,East DC,150,6,1,0,1278,960,960,1
2025-11-16,98,SKU05,Premium Lager 500ml,Beer,WH04,East DC,150,6,0,0,576,960,576,0
2025-11-23,99,SKU05,Premium Lager 500ml,Beer,WH04,East DC,150,6,0,0,599,1344,599,0
2025-11-30,100,SKU05,Premium Lager 500ml,Beer,WH04,East DC,150,6,0,1,747,745,745,1
2025-12-07,101,SKU05,Premium Lager 500ml,Beer,WH04,East DC,150,6,0,0,727,960,727,0
2025-12-14,102,SKU05,Premium Lager 500ml,Beer,WH04,East DC,150,6,0,0,593,1193,593,0
2025-12-21,103,SKU05,Premium Lager 500ml,Beer,WH04,East DC,150,6,1,0,901,1560,901,0
2025-12-28,104,SKU05,Premium Lager 500ml,Beer,WH04,East DC,150,6,1,0,1195,1619,1195,0
2024-01-07,1,SKU06,Malt Drink 300ml,Non-Alcoholic,WH04,East DC,40,4,0,0,643,840,643,0
2024-01-14,2,SKU06,Malt Drink 300ml,Non-Alcoholic,WH04,East DC,40,4,0,1,761,1157,761,0
2024-01-21,3,SKU06,Malt Drink 300ml,Non-Alcoholic,WH04,East DC,40,4,0,0,609,1356,609,0
2024-01-28,4,SKU06,Malt Drink 300ml,Non-Alcoholic,WH04,East DC,40,4,0,1,566,747,566,0
2024-02-04,5,SKU06,Malt Drink 300ml,Non-Alcoholic,WH04,East DC,40,4,0,0,619,1141,619,0
2024-02-11,6,SKU06,Malt Drink 300ml,Non-Alcoholic,WH04,East DC,40,4,0,0,697,1482,697,0
2024-02-18,7,SKU06,Malt Drink 300ml,Non-Alcoholic,WH04,East DC,40,4,0,0,541,785,541,0
2024-02-25,8,SKU06,Malt Drink 300ml,Non-Alcoholic,WH04,East DC,40,4,0,0,495,1204,495,0
2024-03-03,9,SKU06,Malt Drink 300ml,Non-Alcoholic,WH04,East DC,40,4,0,0,525,1669,525,0
2024-03-10,10,SKU06,Malt Drink 300ml,Non-Alcoholic,WH04,East DC,40,4,1,0,957,1144,957,0
2024-03-17,11,SKU06,Malt Drink 300ml,Non-Alcoholic,WH04,East DC,40,4,1,0,913,1147,913,0
2024-03-24,12,SKU06,Malt Drink 300ml,Non-Alcoholic,WH04,East DC,40,4,1,0,1158,1194,1158,0
2024-03-31,13,SKU06,Malt Drink 300ml,Non-Alcoholic,WH04,East DC,40,4,0,0,748,996,748,0
2024-04-07,14,SKU06,Malt Drink 300ml,Non-Alcoholic,WH04,East DC,40,4,0,0,884,1208,884,0
2024-04-14,15,SKU06,Malt Drink 300ml,Non-Alcoholic,WH04,East DC,40,4,0,0,767,1284,767,0
2024-04-21,16,SKU06,Malt Drink 300ml,Non-Alcoholic,WH04,East DC,40,4,0,0,935,1477,935,0
2024-04-28,17,SKU06,Malt Drink 300ml,Non-Alcoholic,WH04,East DC,40,4,0,1,778,1502,778,0
2024-05-05,18,SKU06,Malt Drink 300ml,Non-Alcoholic,WH04,East DC,40,4,0,0,758,724,724,1
2024-05-12,19,SKU06,Malt Drink 300ml,Non-Alcoholic,WH04,East DC,40,4,0,0,785,960,785,0
2024-05-19,20,SKU06,Malt Drink 300ml,Non-Alcoholic,WH04,East DC,40,4,0,0,890,1135,890,0
2024-05-26,21,SKU06,Malt Drink 300ml,Non-Alcoholic,WH04,East DC,40,4,0,0,680,1205,680,0
2024-06-02,22,SKU06,Malt Drink 300ml,Non-Alcoholic,WH04,East DC,40,4,0,0,829,1485,829,0
2024-06-09,23,SKU06,Malt Drink 300ml,Non-Alcoholic,WH04,East DC,40,4,0,0,924,1616,924,0
2024-06-16,24,SKU06,Malt Drink 300ml,Non-Alcoholic,WH04,East DC,40,4,0,0,907,1652,907,0
2024-06-23,25,SKU06,Malt Drink 300ml,Non-Alcoholic,WH04,East DC,40,4,0,0,769,745,745,1
2024-06-30,26,SKU06,Malt Drink 300ml,Non-Alcoholic,WH04,East DC,40,4,0,0,875,960,875,0
2024-07-07,27,SKU06,Malt Drink 300ml,Non-Alcoholic,WH04,East DC,40,4,0,0,663,1045,663,0
2024-07-14,28,SKU06,Malt Drink 300ml,Non-Alcoholic,WH04,East DC,40,4,0,0,667,1342,667,0
2024-07-21,29,SKU06,Malt Drink 300ml,Non-Alcoholic,WH04,East DC,40,4,0,0,695,1635,695,0
2024-07-28,30,SKU06,Malt Drink 300ml,Non-Alcoholic,WH04,East DC,40,4,0,0,855,940,855,0
2024-08-04,31,SKU06,Malt Drink 300ml,Non-Alcoholic,WH04,East DC,40,4,0,0,741,1045,741,0
2024-08-11,32,SKU06,Malt Drink 300ml,Non-Alcoholic,WH04,East DC,40,4,0,1,861,1264,861,0
2024-08-18,33,SKU06,Malt Drink 300ml,Non-Alcoholic,WH04,East DC,40,4,0,0,538,1363,538,0
2024-08-25,34,SKU06,Malt Drink 300ml,Non-Alcoholic,WH04,East DC,40,4,0,0,689,825,689,0
2024-09-01,35,SKU06,Malt Drink 300ml,Non-Alcoholic,WH04,East DC,40,4,0,0,609,1096,609,0
2024-09-08,36,SKU06,Malt Drink 300ml,Non-Alcoholic,WH04,East DC,40,4,0,0,665,1447,665,0
2024-09-15,37,SKU06,Malt Drink 300ml,Non-Alcoholic,WH04,East DC,40,4,0,0,570,782,570,0
2024-09-22,38,SKU06,Malt Drink 300ml,Non-Alcoholic,WH04,East DC,40,4,0,0,679,1172,679,0
2024-09-29,39,SKU06,Malt Drink 300ml,Non-Alcoholic,WH04,East DC,40,4,0,0,683,1453,683,0
2024-10-06,40,SKU06,Malt Drink 300ml,Non-Alcoholic,WH04,East DC,40,4,1,0,1147,770,770,1
2024-10-13,41,SKU06,Malt Drink 300ml,Non-Alcoholic,WH04,East DC,40,4,1,0,1209,960,960,1
2024-10-20,42,SKU06,Malt Drink 300ml,Non-Alcoholic,WH04,East DC,40,4,1,0,965,960,960,1
2024-10-27,43,SKU06,Malt Drink 300ml,Non-Alcoholic,WH04,East DC,40,4,1,0,1208,960,960,1
2024-11-03,44,SKU06,Malt Drink 300ml,Non-Alcoholic,WH04,East DC,40,4,1,0,1044,960,960,1
2024-11-10,45,SKU06,Malt Drink 300ml,Non-Alcoholic,WH04,East DC,40,4,1,0,1321,960,960,1
2024-11-17,46,SKU06,Malt Drink 300ml,Non-Alcoholic,WH04,East DC,40,4,0,0,604,960,604,0
2024-11-24,47,SKU06,Malt Drink 300ml,Non-Alcoholic,WH04,East DC,40,4,0,0,515,1316,515,0
2024-12-01,48,SKU06,Malt Drink 300ml,Non-Alcoholic,WH04,East DC,40,4,0,0,733,801,733,0
2024-12-08,49,SKU06,Malt Drink 300ml,Non-Alcoholic,WH04,East DC,40,4,0,0,639,1028,639,0
2024-12-15,50,SKU06,Malt Drink 300ml,Non-Alcoholic,WH04,East DC,40,4,0,0,688,1349,688,0
2024-12-22,51,SKU06,Malt Drink 300ml,Non-Alcoholic,WH04,East DC,40,4,1,0,954,1621,954,0
2024-12-29,52,SKU06,Malt Drink 300ml,Non-Alcoholic,WH04,East DC,40,4,1,1,980,1627,980,0
2025-01-05,53,SKU06,Malt Drink 300ml,Non-Alcoholic,WH04,East DC,40,4,0,0,610,1607,610,0
2025-01-12,54,SKU06,Malt Drink 300ml,Non-Alcoholic,WH04,East DC,40,4,0,0,638,997,638,0
2025-01-19,55,SKU06,Malt Drink 300ml,Non-Alcoholic,WH04,East DC,40,4,0,0,695,1319,695,0
2025-01-26,56,SKU06,Malt Drink 300ml,Non-Alcoholic,WH04,East DC,40,4,0,0,648,1584,648,0
2025-02-02,57,SKU06,Malt Drink 300ml,Non-Alcoholic,WH04,East DC,40,4,0,0,613,936,613,0
2025-02-09,58,SKU06,Malt Drink 300ml,Non-Alcoholic,WH04,East DC,40,4,0,0,618,1283,618,0
2025-02-16,59,SKU06,Malt Drink 300ml,Non-Alcoholic,WH04,East DC,40,4,0,0,693,1625,693,0
2025-02-23,60,SKU06,Malt Drink 300ml,Non-Alcoholic,WH04,East DC,40,4,0,0,705,932,705,0
2025-03-02,61,SKU06,Malt Drink 300ml,Non-Alcoholic,WH04,East DC,40,4,0,0,650,1187,650,0
2025-03-09,62,SKU06,Malt Drink 300ml,Non-Alcoholic,WH04,East DC,40,4,0,0,747,1497,747,0
2025-03-16,63,SKU06,Malt Drink 300ml,Non-Alcoholic,WH04,East DC,40,4,1,0,1297,750,750,1
2025-03-23,64,SKU06,Malt Drink 300ml,Non-Alcoholic,WH04,East DC,40,4,1,0,1417,960,960,1
2025-03-30,65,SKU06,Malt Drink 300ml,Non-Alcoholic,WH04,East DC,40,4,0,0,857,960,857,0
2025-04-06,66,SKU06,Malt Drink 300ml,Non-Alcoholic,WH04,East DC,40,4,0,0,725,1063,725,0
2025-04-13,67,SKU06,Malt Drink 300ml,Non-Alcoholic,WH04,East DC,40,4,0,0,869,1298,869,0
2025-04-20,68,SKU06,Malt Drink 300ml,Non-Alcoholic,WH04,East DC,40,4,0,0,724,1389,724,0
2025-04-27,69,SKU06,Malt Drink 300ml,Non-Alcoholic,WH04,East DC,40,4,0,0,1036,1625,1036,0
2025-05-04,70,SKU06,Malt Drink 300ml,Non-Alcoholic,WH04,East DC,40,4,0,0,897,1549,897,0
2025-05-11,71,SKU06,Malt Drink 300ml,Non-Alcoholic,WH04,East DC,40,4,0,0,962,1612,962,0
2025-05-18,72,SKU06,Malt Drink 300ml,Non-Alcoholic,WH04,East DC,40,4,0,0,781,1610,781,0
2025-05-25,73,SKU06,Malt Drink 300ml,Non-Alcoholic,WH04,East DC,40,4,0,0,811,829,811,0
2025-06-01,74,SKU06,Malt Drink 300ml,Non-Alcoholic,WH04,East DC,40,4,0,0,916,978,916,0
2025-06-08,75,SKU06,Malt Drink 300ml,Non-Alcoholic,WH04,East DC,40,4,0,0,1007,1022,1007,0
2025-06-15,76,SKU06,Malt Drink 300ml,Non-Alcoholic,WH04,East DC,40,4,0,0,695,975,695,0
2025-06-22,77,SKU06,Malt Drink 300ml,Non-Alcoholic,WH04,East DC,40,4,0,0,995,1240,995,0
2025-06-29,78,SKU06,Malt Drink 300ml,Non-Alcoholic,WH04,East DC,40,4,0,0,906,1205,906,0
2025-07-06,79,SKU06,Malt Drink 300ml,Non-Alcoholic,WH04,East DC,40,4,0,1,725,1259,725,0
2025-07-13,80,SKU06,Malt Drink 300ml,Non-Alcoholic,WH04,East DC,40,4,0,0,816,1494,816,0
2025-07-20,81,SKU06,Malt Drink 300ml,Non-Alcoholic,WH04,East DC,40,4,0,0,822,1638,822,0
2025-07-27,82,SKU06,Malt Drink 300ml,Non-Alcoholic,WH04,East DC,40,4,0,0,759,816,759,0
2025-08-03,83,SKU06,Malt Drink 300ml,Non-Alcoholic,WH04,East DC,40,4,0,0,614,1017,614,0
2025-08-10,84,SKU06,Malt Drink 300ml,Non-Alcoholic,WH04,East DC,40,4,0,0,592,1363,592,0
2025-08-17,85,SKU06,Malt Drink 300ml,Non-Alcoholic,WH04,East DC,40,4,0,0,694,771,694,0
2025-08-24,86,SKU06,Malt Drink 300ml,Non-Alcoholic,WH04,East DC,40,4,0,0,555,1037,555,0
2025-08-31,87,SKU06,Malt Drink 300ml,Non-Alcoholic,WH04,East DC,40,4,0,1,966,1442,966,0
2025-09-07,88,SKU06,Malt Drink 300ml,Non-Alcoholic,WH04,East DC,40,4,0,0,596,1436,596,0
2025-09-14,89,SKU06,Malt Drink 300ml,Non-Alcoholic,WH04,East DC,40,4,0,0,505,840,505,0
2025-09-21,90,SKU06,Malt Drink 300ml,Non-Alcoholic,WH04,East DC,40,4,0,0,739,1295,739,0
2025-09-28,91,SKU06,Malt Drink 300ml,Non-Alcoholic,WH04,East DC,40,4,0,1,900,1516,900,0
2025-10-05,92,SKU06,Malt Drink 300ml,Non-Alcoholic,WH04,East DC,40,4,1,0,1240,1576,1240,0
2025-10-12,93,SKU06,Malt Drink 300ml,Non-Alcoholic,WH04,East DC,40,4,1,0,1346,1296,1296,1
2025-10-19,94,SKU06,Malt Drink 300ml,Non-Alcoholic,WH04,East DC,40,4,1,0,1055,960,960,1
2025-10-26,95,SKU06,Malt Drink 300ml,Non-Alcoholic,WH04,East DC,40,4,1,0,1339,960,960,1
2025-11-02,96,SKU06,Malt Drink 300ml,Non-Alcoholic,WH04,East DC,40,4,1,0,1334,960,960,1
2025-11-09,97,SKU06,Malt Drink 300ml,Non-Alcoholic,WH04,East DC,40,4,1,0,1336,960,960,1
2025-11-16,98,SKU06,Malt Drink 300ml,Non-Alcoholic,WH04,East DC,40,4,0,1,886,960,886,0
2025-11-23,99,SKU06,Malt Drink 300ml,Non-Alcoholic,WH04,East DC,40,4,0,1,734,1034,734,0
2025-11-30,100,SKU06,Malt Drink 300ml,Non-Alcoholic,WH04,East DC,40,4,0,0,640,1260,640,0
2025-12-07,101,SKU06,Malt Drink 300ml,Non-Alcoholic,WH04,East DC,40,4,0,0,757,1580,757,0
2025-12-14,102,SKU06,Malt Drink 300ml,Non-Alcoholic,WH04,East DC,40,4,0,1,804,823,804,0
2025-12-21,103,SKU06,Malt Drink 300ml,Non-Alcoholic,WH04,East DC,40,4,1,0,886,979,886,0
2025-12-28,104,SKU06,Malt Drink 300ml,Non-Alcoholic,WH04,East DC,40,4,1,0,1273,1053,1053,1
2024-01-07,1,SKU07,Soda Mixer 250ml,Non-Alcoholic,WH04,East DC,30,4,0,0,210,368,210,0
2024-01-14,2,SKU07,Soda Mixer 250ml,Non-Alcoholic,WH04,East DC,30,4,0,0,247,578,247,0
2024-01-21,3,SKU07,Soda Mixer 250ml,Non-Alcoholic,WH04,East DC,30,4,0,0,284,330,284,0
2024-01-28,4,SKU07,Soda Mixer 250ml,Non-Alcoholic,WH04,East DC,30,4,0,0,336,466,336,0
2024-02-04,5,SKU07,Soda Mixer 250ml,Non-Alcoholic,WH04,East DC,30,4,0,0,257,550,257,0
2024-02-11,6,SKU07,Soda Mixer 250ml,Non-Alcoholic,WH04,East DC,30,4,0,1,317,714,317,0
2024-02-18,7,SKU07,Soda Mixer 250ml,Non-Alcoholic,WH04,East DC,30,4,0,0,262,396,262,0
2024-02-25,8,SKU07,Soda Mixer 250ml,Non-Alcoholic,WH04,East DC,30,4,0,0,233,554,233,0
2024-03-03,9,SKU07,Soda Mixer 250ml,Non-Alcoholic,WH04,East DC,30,4,0,0,258,322,258,0
2024-03-10,10,SKU07,Soda Mixer 250ml,Non-Alcoholic,WH04,East DC,30,4,1,0,545,484,484,1
2024-03-17,11,SKU07,Soda Mixer 250ml,Non-Alcoholic,WH04,East DC,30,4,1,0,494,420,420,1
2024-03-24,12,SKU07,Soda Mixer 250ml,Non-Alcoholic,WH04,East DC,30,4,1,0,386,420,386,0
2024-03-31,13,SKU07,Soda Mixer 250ml,Non-Alcoholic,WH04,East DC,30,4,0,0,268,454,268,0
2024-04-07,14,SKU07,Soda Mixer 250ml,Non-Alcoholic,WH04,East DC,30,4,0,0,428,606,428,0
2024-04-14,15,SKU07,Soda Mixer 250ml,Non-Alcoholic,WH04,East DC,30,4,0,0,415,598,415,0
2024-04-21,16,SKU07,Soda Mixer 250ml,Non-Alcoholic,WH04,East DC,30,4,0,0,326,603,326,0
2024-04-28,17,SKU07,Soda Mixer 250ml,Non-Alcoholic,WH04,East DC,30,4,0,0,382,697,382,0
2024-05-05,18,SKU07,Soda Mixer 250ml,Non-Alcoholic,WH04,East DC,30,4,0,0,299,315,299,0
2024-05-12,19,SKU07,Soda Mixer 250ml,Non-Alcoholic,WH04,East DC,30,4,0,0,341,436,341,0
2024-05-19,20,SKU07,Soda Mixer 250ml,Non-Alcoholic,WH04,East DC,30,4,0,0,492,515,492,0
2024-05-26,21,SKU07,Soda Mixer 250ml,Non-Alcoholic,WH04,East DC,30,4,0,0,376,443,376,0
2024-06-02,22,SKU07,Soda Mixer 250ml,Non-Alcoholic,WH04,East DC,30,4,0,0,343,487,343,0
2024-06-09,23,SKU07,Soda Mixer 250ml,Non-Alcoholic,WH04,East DC,30,4,0,1,449,564,449,0
2024-06-16,24,SKU07,Soda Mixer 250ml,Non-Alcoholic,WH04,East DC,30,4,0,0,334,535,334,0
2024-06-23,25,SKU07,Soda Mixer 250ml,Non-Alcoholic,WH04,East DC,30,4,0,0,302,621,302,0
2024-06-30,26,SKU07,Soda Mixer 250ml,Non-Alcoholic,WH04,East DC,30,4,0,0,422,319,319,1
2024-07-07,27,SKU07,Soda Mixer 250ml,Non-Alcoholic,WH04,East DC,30,4,0,0,240,420,240,0
2024-07-14,28,SKU07,Soda Mixer 250ml,Non-Alcoholic,WH04,East DC,30,4,0,0,335,600,335,0
2024-07-21,29,SKU07,Soda Mixer 250ml,Non-Alcoholic,WH04,East DC,30,4,0,1,380,685,380,0
2024-07-28,30,SKU07,Soda Mixer 250ml,Non-Alcoholic,WH04,East DC,30,4,0,0,362,725,362,0
2024-08-04,31,SKU07,Soda Mixer 250ml,Non-Alcoholic,WH04,East DC,30,4,0,0,266,363,266,0
2024-08-11,32,SKU07,Soda Mixer 250ml,Non-Alcoholic,WH04,East DC,30,4,0,0,277,517,277,0
2024-08-18,33,SKU07,Soda Mixer 250ml,Non-Alcoholic,WH04,East DC,30,4,0,0,268,660,268,0
2024-08-25,34,SKU07,Soda Mixer 250ml,Non-Alcoholic,WH04,East DC,30,4,0,0,291,392,291,0
2024-09-01,35,SKU07,Soda Mixer 250ml,Non-Alcoholic,WH04,East DC,30,4,0,0,240,521,240,0
2024-09-08,36,SKU07,Soda Mixer 250ml,Non-Alcoholic,WH04,East DC,30,4,0,0,256,701,256,0
2024-09-15,37,SKU07,Soda Mixer 250ml,Non-Alcoholic,WH04,East DC,30,4,0,0,315,445,315,0
2024-09-22,38,SKU07,Soda Mixer 250ml,Non-Alcoholic,WH04,East DC,30,4,0,0,296,550,296,0
2024-09-29,39,SKU07,Soda Mixer 250ml,Non-Alcoholic,WH04,East DC,30,4,0,0,284,674,284,0
2024-10-06,40,SKU07,Soda Mixer 250ml,Non-Alcoholic,WH04,East DC,30,4,1,0,504,390,390,1
2024-10-13,41,SKU07,Soda Mixer 250ml,Non-Alcoholic,WH04,East DC,30,4,1,0,473,420,420,1
2024-10-20,42,SKU07,Soda Mixer 250ml,Non-Alcoholic,WH04,East DC,30,4,1,0,481,420,420,1
2024-10-27,43,SKU07,Soda Mixer 250ml,Non-Alcoholic,WH04,East DC,30,4,1,0,514,420,420,1
2024-11-03,44,SKU07,Soda Mixer 250ml,Non-Alcoholic,WH04,East DC,30,4,1,0,542,420,420,1
2024-11-10,45,SKU07,Soda Mixer 250ml,Non-Alcoholic,WH04,East DC,30,4,1,1,643,420,420,1
2024-11-17,46,SKU07,Soda Mixer 250ml,Non-Alcoholic,WH04,East DC,30,4,0,0,301,420,301,0
2024-11-24,47,SKU07,Soda Mixer 250ml,Non-Alcoholic,WH04,East DC,30,4,0,0,294,539,294,0
2024-12-01,48,SKU07,Soda Mixer 250ml,Non-Alcoholic,WH04,East DC,30,4,0,0,219,665,219,0
2024-12-08,49,SKU07,Soda Mixer 250ml,Non-Alcoholic,WH04,East DC,30,4,0,0,264,446,264,0
2024-12-15,50,SKU07,Soda Mixer 250ml,Non-Alcoholic,WH04,East DC,30,4,0,0,261,602,261,0
2024-12-22,51,SKU07,Soda Mixer 250ml,Non-Alcoholic,WH04,East DC,30,4,1,0,350,341,341,1
2024-12-29,52,SKU07,Soda Mixer 250ml,Non-Alcoholic,WH04,East DC,30,4,1,1,559,420,420,1
2025-01-05,53,SKU07,Soda Mixer 250ml,Non-Alcoholic,WH04,East DC,30,4,0,0,309,420,309,0
2025-01-12,54,SKU07,Soda Mixer 250ml,Non-Alcoholic,WH04,East DC,30,4,0,0,276,531,276,0
2025-01-19,55,SKU07,Soda Mixer 250ml,Non-Alcoholic,WH04,East DC,30,4,0,0,189,675,189,0
2025-01-26,56,SKU07,Soda Mixer 250ml,Non-Alcoholic,WH04,East DC,30,4,0,0,240,486,240,0
2025-02-02,57,SKU07,Soda Mixer 250ml,Non-Alcoholic,WH04,East DC,30,4,0,0,242,666,242,0
2025-02-09,58,SKU07,Soda Mixer 250ml,Non-Alcoholic,WH04,East DC,30,4,0,1,314,424,314,0
2025-02-16,59,SKU07,Soda Mixer 250ml,Non-Alcoholic,WH04,East DC,30,4,0,0,262,530,262,0
2025-02-23,60,SKU07,Soda Mixer 250ml,Non-Alcoholic,WH04,East DC,30,4,0,0,266,688,266,0
2025-03-02,61,SKU07,Soda Mixer 250ml,Non-Alcoholic,WH04,East DC,30,4,0,0,324,422,324,0
2025-03-09,62,SKU07,Soda Mixer 250ml,Non-Alcoholic,WH04,East DC,30,4,0,0,388,518,388,0
2025-03-16,63,SKU07,Soda Mixer 250ml,Non-Alcoholic,WH04,East DC,30,4,1,0,550,550,550,0
2025-03-23,64,SKU07,Soda Mixer 250ml,Non-Alcoholic,WH04,East DC,30,4,1,0,590,420,420,1
2025-03-30,65,SKU07,Soda Mixer 250ml,Non-Alcoholic,WH04,East DC,30,4,0,0,291,420,291,0
2025-04-06,66,SKU07,Soda Mixer 250ml,Non-Alcoholic,WH04,East DC,30,4,0,0,351,549,351,0
2025-04-13,67,SKU07,Soda Mixer 250ml,Non-Alcoholic,WH04,East DC,30,4,0,1,480,618,480,0
2025-04-20,68,SKU07,Soda Mixer 250ml,Non-Alcoholic,WH04,East DC,30,4,0,0,397,558,397,0
2025-04-27,69,SKU07,Soda Mixer 250ml,Non-Alcoholic,WH04,East DC,30,4,0,0,359,581,359,0
2025-05-04,70,SKU07,Soda Mixer 250ml,Non-Alcoholic,WH04,East DC,30,4,0,0,383,642,383,0
2025-05-11,71,SKU07,Soda Mixer 250ml,Non-Alcoholic,WH04,East DC,30,4,0,0,452,679,452,0
2025-05-18,72,SKU07,Soda Mixer 250ml,Non-Alcoholic,WH04,East DC,30,4,0,0,361,647,361,0
2025-05-25,73,SKU07,Soda Mixer 250ml,Non-Alcoholic,WH04,East DC,30,4,0,0,366,706,366,0
2025-06-01,74,SKU07,Soda Mixer 250ml,Non-Alcoholic,WH04,East DC,30,4,0,0,335,340,335,0
2025-06-08,75,SKU07,Soda Mixer 250ml,Non-Alcoholic,WH04,East DC,30,4,0,0,447,425,425,1
2025-06-15,76,SKU07,Soda Mixer 250ml,Non-Alcoholic,WH04,East DC,30,4,0,0,304,420,304,0
2025-06-22,77,SKU07,Soda Mixer 250ml,Non-Alcoholic,WH04,East DC,30,4,0,0,394,536,394,0
2025-06-29,78,SKU07,Soda Mixer 250ml,Non-Alcoholic,WH04,East DC,30,4,0,0,388,562,388,0
2025-07-06,79,SKU07,Soda Mixer 250ml,Non-Alcoholic,WH04,East DC,30,4,0,0,301,594,301,0
2025-07-13,80,SKU07,Soda Mixer 250ml,Non-Alcoholic,WH04,East DC,30,4,0,0,296,713,296,0
2025-07-20,81,SKU07,Soda Mixer 250ml,Non-Alcoholic,WH04,East DC,30,4,0,0,309,417,309,0
2025-07-27,82,SKU07,Soda Mixer 250ml,Non-Alcoholic,WH04,East DC,30,4,0,1,377,528,377,0
2025-08-03,83,SKU07,Soda Mixer 250ml,Non-Alcoholic,WH04,East DC,30,4,0,0,256,571,256,0
2025-08-10,84,SKU07,Soda Mixer 250ml,Non-Alcoholic,WH04,East DC,30,4,0,0,287,315,287,0
2025-08-17,85,SKU07,Soda Mixer 250ml,Non-Alcoholic,WH04,East DC,30,4,0,0,261,448,261,0
2025-08-24,86,SKU07,Soda Mixer 250ml,Non-Alcoholic,WH04,East DC,30,4,0,0,296,607,296,0
2025-08-31,87,SKU07,Soda Mixer 250ml,Non-Alcoholic,WH04,East DC,30,4,0,1,381,731,381,0
2025-09-07,88,SKU07,Soda Mixer 250ml,Non-Alcoholic,WH04,East DC,30,4,0,0,279,350,279,0
2025-09-14,89,SKU07,Soda Mixer 250ml,Non-Alcoholic,WH04,East DC,30,4,0,1,361,491,361,0
2025-09-21,90,SKU07,Soda Mixer 250ml,Non-Alcoholic,WH04,East DC,30,4,0,0,336,550,336,0
2025-09-28,91,SKU07,Soda Mixer 250ml,Non-Alcoholic,WH04,East DC,30,4,0,0,311,634,311,0
2025-10-05,92,SKU07,Soda Mixer 250ml,Non-Alcoholic,WH04,East DC,30,4,1,0,440,323,323,1
2025-10-12,93,SKU07,Soda Mixer 250ml,Non-Alcoholic,WH04,East DC,30,4,1,1,722,420,420,1
2025-10-19,94,SKU07,Soda Mixer 250ml,Non-Alcoholic,WH04,East DC,30,4,1,0,645,420,420,1
2025-10-26,95,SKU07,Soda Mixer 250ml,Non-Alcoholic,WH04,East DC,30,4,1,1,718,420,420,1
2025-11-02,96,SKU07,Soda Mixer 250ml,Non-Alcoholic,WH04,East DC,30,4,1,0,521,420,420,1
2025-11-09,97,SKU07,Soda Mixer 250ml,Non-Alcoholic,WH04,East DC,30,4,1,0,568,420,420,1
2025-11-16,98,SKU07,Soda Mixer 250ml,Non-Alcoholic,WH04,East DC,30,4,0,0,316,420,316,0
2025-11-23,99,SKU07,Soda Mixer 250ml,Non-Alcoholic,WH04,East DC,30,4,0,0,324,524,324,0
2025-11-30,100,SKU07,Soda Mixer 250ml,Non-Alcoholic,WH04,East DC,30,4,0,0,284,620,284,0
2025-12-07,101,SKU07,Soda Mixer 250ml,Non-Alcoholic,WH04,East DC,30,4,0,0,242,336,242,0
2025-12-14,102,SKU07,Soda Mixer 250ml,Non-Alcoholic,WH04,East DC,30,4,0,0,278,514,278,0
2025-12-21,103,SKU07,Soda Mixer 250ml,Non-Alcoholic,WH04,East DC,30,4,1,0,451,656,451,0
2025-12-28,104,SKU07,Soda Mixer 250ml,Non-Alcoholic,WH04,East DC,30,4,1,0,506,625,506,0
2024-01-07,1,SKU08,Lager Can 500ml,Beer,WH04,East DC,100,5,0,0,1145,1470,1145,0
2024-01-14,2,SKU08,Lager Can 500ml,Beer,WH04,East DC,100,5,0,0,1026,2005,1026,0
2024-01-21,3,SKU08,Lager Can 500ml,Beer,WH04,East DC,100,5,0,0,1049,2659,1049,0
2024-01-28,4,SKU08,Lager Can 500ml,Beer,WH04,East DC,100,5,0,0,780,1610,780,0
2024-02-04,5,SKU08,Lager Can 500ml,Beer,WH04,East DC,100,5,0,0,1060,2510,1060,0
2024-02-11,6,SKU08,Lager Can 500ml,Beer,WH04,East DC,100,5,0,0,911,1450,911,0
2024-02-18,7,SKU08,Lager Can 500ml,Beer,WH04,East DC,100,5,0,0,1302,2219,1302,0
2024-02-25,8,SKU08,Lager Can 500ml,Beer,WH04,East DC,100,5,0,0,918,2597,918,0
2024-03-03,9,SKU08,Lager Can 500ml,Beer,WH04,East DC,100,5,0,0,877,1679,877,0
2024-03-10,10,SKU08,Lager Can 500ml,Beer,WH04,East DC,100,5,1,0,1808,2482,1808,0
2024-03-17,11,SKU08,Lager Can 500ml,Beer,WH04,East DC,100,5,1,0,2236,2354,2236,0
2024-03-24,12,SKU08,Lager Can 500ml,Beer,WH04,East DC,100,5,1,0,1953,1798,1798,1
2024-03-31,13,SKU08,Lager Can 500ml,Beer,WH04,East DC,100,5,0,0,1275,1680,1275,0
2024-04-07,14,SKU08,Lager Can 500ml,Beer,WH04,East DC,100,5,0,0,1274,2085,1274,0
2024-04-14,15,SKU08,Lager Can 500ml,Beer,WH04,East DC,100,5,0,1,1745,2491,1745,0
2024-04-21,16,SKU08,Lager Can 500ml,Beer,WH04,East DC,100,5,0,0,1506,2426,1506,0
2024-04-28,17,SKU08,Lager Can 500ml,Beer,WH04,East DC,100,5,0,0,1319,2600,1319,0
2024-05-05,18,SKU08,Lager Can 500ml,Beer,WH04,East DC,100,5,0,0,1555,1281,1281,1
2024-05-12,19,SKU08,Lager Can 500ml,Beer,WH04,East DC,100,5,0,0,1355,1680,1355,0
2024-05-19,20,SKU08,Lager Can 500ml,Beer,WH04,East DC,100,5,0,0,1293,2005,1293,0
2024-05-26,21,SKU08,Lager Can 500ml,Beer,WH04,East DC,100,5,0,0,1557,2392,1557,0
2024-06-02,22,SKU08,Lager Can 500ml,Beer,WH04,East DC,100,5,0,0,1343,2515,1343,0
2024-06-09,23,SKU08,Lager Can 500ml,Beer,WH04,East DC,100,5,0,1,1866,2852,1866,0
2024-06-16,24,SKU08,Lager Can 500ml,Beer,WH04,East DC,100,5,0,0,1466,2666,1466,0
2024-06-23,25,SKU08,Lager Can 500ml,Beer,WH04,East DC,100,5,0,0,1608,2880,1608,0
2024-06-30,26,SKU08,Lager Can 500ml,Beer,WH04,East DC,100,5,0,0,1485,1272,1272,1
2024-07-07,27,SKU08,Lager Can 500ml,Beer,WH04,East DC,100,5,0,0,1309,1680,1309,0
2024-07-14,28,SKU08,Lager Can 500ml,Beer,WH04,East DC,100,5,0,0,958,2051,958,0
2024-07-21,29,SKU08,Lager Can 500ml,Beer,WH04,East DC,100,5,0,0,1518,2773,1518,0
2024-07-28,30,SKU08,Lager Can 500ml,Beer,WH04,East DC,100,5,0,0,1308,2935,1308,0
2024-08-04,31,SKU08,Lager Can 500ml,Beer,WH04,East DC,100,5,0,0,1099,1627,1099,0
2024-08-11,32,SKU08,Lager Can 500ml,Beer,WH04,East DC,100,5,0,0,864,2208,864,0
2024-08-18,33,SKU08,Lager Can 500ml,Beer,WH04,East DC,100,5,0,0,1275,1344,1275,0
2024-08-25,34,SKU08,Lager Can 500ml,Beer,WH04,East DC,100,5,0,0,1074,1749,1074,0
2024-09-01,35,SKU08,Lager Can 500ml,Beer,WH04,East DC,100,5,0,0,1219,2355,1219,0
2024-09-08,36,SKU08,Lager Can 500ml,Beer,WH04,East DC,100,5,0,0,1028,2816,1028,0
2024-09-15,37,SKU08,Lager Can 500ml,Beer,WH04,East DC,100,5,0,0,1077,1788,1077,0
2024-09-22,38,SKU08,Lager Can 500ml,Beer,WH04,East DC,100,5,0,0,900,2391,900,0
2024-09-29,39,SKU08,Lager Can 500ml,Beer,WH04,East DC,100,5,0,0,1183,1491,1183,0
2024-10-06,40,SKU08,Lager Can 500ml,Beer,WH04,East DC,100,5,1,1,2426,1988,1988,1
2024-10-13,41,SKU08,Lager Can 500ml,Beer,WH04,East DC,100,5,1,0,2235,1680,1680,1
2024-10-20,42,SKU08,Lager Can 500ml,Beer,WH04,East DC,100,5,1,0,1981,1680,1680,1
2024-10-27,43,SKU08,Lager Can 500ml,Beer,WH04,East DC,100,5,1,0,2256,1680,1680,1
2024-11-03,44,SKU08,Lager Can 500ml,Beer,WH04,East DC,100,5,1,0,2276,1680,1680,1
2024-11-10,45,SKU08,Lager Can 500ml,Beer,WH04,East DC,100,5,1,0,1978,1680,1680,1
2024-11-17,46,SKU08,Lager Can 500ml,Beer,WH04,East DC,100,5,0,0,1028,1680,1028,0
2024-11-24,47,SKU08,Lager Can 500ml,Beer,WH04,East DC,100,5,0,0,819,2332,819,0
2024-12-01,48,SKU08,Lager Can 500ml,Beer,WH04,East DC,100,5,0,0,986,1513,986,0
2024-12-08,49,SKU08,Lager Can 500ml,Beer,WH04,East DC,100,5,0,0,1418,2207,1418,0
2024-12-15,50,SKU08,Lager Can 500ml,Beer,WH04,East DC,100,5,0,0,1061,2469,1061,0
2024-12-22,51,SKU08,Lager Can 500ml,Beer,WH04,East DC,100,5,1,0,1281,1408,1281,0
2024-12-29,52,SKU08,Lager Can 500ml,Beer,WH04,East DC,100,5,1,0,1372,1807,1372,0
2025-01-05,53,SKU08,Lager Can 500ml,Beer,WH04,East DC,100,5,0,0,1091,2115,1091,0
2025-01-12,54,SKU08,Lager Can 500ml,Beer,WH04,East DC,100,5,0,0,989,2704,989,0
2025-01-19,55,SKU08,Lager Can 500ml,Beer,WH04,East DC,100,5,0,0,1126,1715,1126,0
2025-01-26,56,SKU08,Lager Can 500ml,Beer,WH04,East DC,100,5,0,1,1202,2269,1202,0
2025-02-02,57,SKU08,Lager Can 500ml,Beer,WH04,East DC,100,5,0,0,1094,2747,1094,0
2025-02-09,58,SKU08,Lager Can 500ml,Beer,WH04,East DC,100,5,0,0,1392,1653,1392,0
2025-02-16,59,SKU08,Lager Can 500ml,Beer,WH04,East DC,100,5,0,0,1064,1941,1064,0
2025-02-23,60,SKU08,Lager Can 500ml,Beer,WH04,East DC,100,5,0,0,1104,2557,1104,0
2025-03-02,61,SKU08,Lager Can 500ml,Beer,WH04,East DC,100,5,0,0,1261,1453,1261,0
2025-03-09,62,SKU08,Lager Can 500ml,Beer,WH04,East DC,100,5,0,0,1320,1872,1320,0
2025-03-16,63,SKU08,Lager Can 500ml,Beer,WH04,East DC,100,5,1,0,2188,2232,2188,0
2025-03-23,64,SKU08,Lager Can 500ml,Beer,WH04,East DC,100,5,1,0,2138,1724,1724,1
2025-03-30,65,SKU08,Lager Can 500ml,Beer,WH04,East DC,100,5,0,0,1313,1680,1313,0
2025-04-06,66,SKU08,Lager Can 500ml,Beer,WH04,East DC,100,5,0,0,1486,2047,1486,0
2025-04-13,67,SKU08,Lager Can 500ml,Beer,WH04,East DC,100,5,0,0,1660,2241,1660,0
2025-04-20,68,SKU08,Lager Can 500ml,Beer,WH04,East DC,100,5,0,0,1349,2261,1349,0
2025-04-27,69,SKU08,Lager Can 500ml,Beer,WH04,East DC,100,5,0,0,1439,2592,1439,0
2025-05-04,70,SKU08,Lager Can 500ml,Beer,WH04,East DC,100,5,0,0,1259,2833,1259,0
2025-05-11,71,SKU08,Lager Can 500ml,Beer,WH04,East DC,100,5,0,0,1605,1574,1574,1
2025-05-18,72,SKU08,Lager Can 500ml,Beer,WH04,East DC,100,5,0,0,1660,1680,1660,0
2025-05-25,73,SKU08,Lager Can 500ml,Beer,WH04,East DC,100,5,0,0,1374,1700,1374,0
2025-06-01,74,SKU08,Lager Can 500ml,Beer,WH04,East DC,100,5,0,0,1633,2006,1633,0
2025-06-08,75,SKU08,Lager Can 500ml,Beer,WH04,East DC,100,5,0,0,1205,2053,1205,0
2025-06-15,76,SKU08,Lager Can 500ml,Beer,WH04,East DC,100,5,0,0,1355,2528,1355,0
2025-06-22,77,SKU08,Lager Can 500ml,Beer,WH04,East DC,100,5,0,0,1338,2853,1338,0
2025-06-29,78,SKU08,Lager Can 500ml,Beer,WH04,East DC,100,5,0,0,1582,1515,1515,1
2025-07-06,79,SKU08,Lager Can 500ml,Beer,WH04,East DC,100,5,0,0,1237,1680,1237,0
2025-07-13,80,SKU08,Lager Can 500ml,Beer,WH04,East DC,100,5,0,0,876,2123,876,0
2025-07-20,81,SKU08,Lager Can 500ml,Beer,WH04,East DC,100,5,0,0,1745,2927,1745,0
2025-07-27,82,SKU08,Lager Can 500ml,Beer,WH04,East DC,100,5,0,0,1254,2862,1254,0
2025-08-03,83,SKU08,Lager Can 500ml,Beer,WH04,East DC,100,5,0,0,1115,1608,1115,0
2025-08-10,84,SKU08,Lager Can 500ml,Beer,WH04,East DC,100,5,0,1,1660,2173,1660,0
2025-08-17,85,SKU08,Lager Can 500ml,Beer,WH04,East DC,100,5,0,0,1041,2193,1041,0
2025-08-24,86,SKU08,Lager Can 500ml,Beer,WH04,East DC,100,5,0,0,1120,2832,1120,0
2025-08-31,87,SKU08,Lager Can 500ml,Beer,WH04,East DC,100,5,0,0,1316,1712,1316,0
2025-09-07,88,SKU08,Lager Can 500ml,Beer,WH04,East DC,100,5,0,0,1096,2076,1096,0
2025-09-14,89,SKU08,Lager Can 500ml,Beer,WH04,East DC,100,5,0,0,932,2660,932,0
2025-09-21,90,SKU08,Lager Can 500ml,Beer,WH04,East DC,100,5,0,0,1337,1728,1337,0
2025-09-28,91,SKU08,Lager Can 500ml,Beer,WH04,East DC,100,5,0,0,1174,2071,1174,0
2025-10-05,92,SKU08,Lager Can 500ml,Beer,WH04,East DC,100,5,1,0,2089,2577,2089,0
2025-10-12,93,SKU08,Lager Can 500ml,Beer,WH04,East DC,100,5,1,0,2434,2168,2168,1
2025-10-19,94,SKU08,Lager Can 500ml,Beer,WH04,East DC,100,5,1,0,2109,1680,1680,1
2025-10-26,95,SKU08,Lager Can 500ml,Beer,WH04,East DC,100,5,1,0,1842,1680,1680,1
2025-11-02,96,SKU08,Lager Can 500ml,Beer,WH04,East DC,100,5,1,0,2315,1680,1680,1
2025-11-09,97,SKU08,Lager Can 500ml,Beer,WH04,East DC,100,5,1,0,2022,1680,1680,1
2025-11-16,98,SKU08,Lager Can 500ml,Beer,WH04,East DC,100,5,0,0,1132,1680,1132,0
2025-11-23,99,SKU08,Lager Can 500ml,Beer,WH04,East DC,100,5,0,0,1464,2228,1464,0
2025-11-30,100,SKU08,Lager Can 500ml,Beer,WH04,East DC,100,5,0,0,1255,2444,1255,0
2025-12-07,101,SKU08,Lager Can 500ml,Beer,WH04,East DC,100,5,0,1,1472,2869,1472,0
2025-12-14,102,SKU08,Lager Can 500ml,Beer,WH04,East DC,100,5,0,0,1411,1397,1397,1
2025-12-21,103,SKU08,Lager Can 500ml,Beer,WH04,East DC,100,5,1,0,1488,1680,1488,0
2025-12-28,104,SKU08,Lager Can 500ml,Beer,WH04,East DC,100,5,1,0,1757,1872,1757,0
2024-01-07,1,SKU09,Wheat Beer 650ml,Beer,WH04,East DC,160,9,0,0,248,368,248,0
2024-01-14,2,SKU09,Wheat Beer 650ml,Beer,WH04,East DC,160,9,0,0,240,540,240,0
2024-01-21,3,SKU09,Wheat Beer 650ml,Beer,WH04,East DC,160,9,0,0,276,720,276,0
2024-01-28,4,SKU09,Wheat Beer 650ml,Beer,WH04,East DC,160,9,0,0,248,444,248,0
2024-02-04,5,SKU09,Wheat Beer 650ml,Beer,WH04,East DC,160,9,0,0,273,616,273,0
2024-02-11,6,SKU09,Wheat Beer 650ml,Beer,WH04,East DC,160,9,0,0,259,342,259,0
2024-02-18,7,SKU09,Wheat Beer 650ml,Beer,WH04,East DC,160,9,0,0,259,504,259,0
2024-02-25,8,SKU09,Wheat Beer 650ml,Beer,WH04,East DC,160,9,0,0,240,664,240,0
2024-03-03,9,SKU09,Wheat Beer 650ml,Beer,WH04,East DC,160,9,0,0,384,424,384,0
2024-03-10,10,SKU09,Wheat Beer 650ml,Beer,WH04,East DC,160,9,1,0,423,460,423,0
2024-03-17,11,SKU09,Wheat Beer 650ml,Beer,WH04,East DC,160,9,1,0,461,458,458,1
2024-03-24,12,SKU09,Wheat Beer 650ml,Beer,WH04,East DC,160,9,1,0,543,420,420,1
2024-03-31,13,SKU09,Wheat Beer 650ml,Beer,WH04,East DC,160,9,0,0,297,420,297,0
2024-04-07,14,SKU09,Wheat Beer 650ml,Beer,WH04,East DC,160,9,0,0,370,543,370,0
2024-04-14,15,SKU09,Wheat Beer 650ml,Beer,WH04,East DC,160,9,0,0,399,593,399,0
2024-04-21,16,SKU09,Wheat Beer 650ml,Beer,WH04,East DC,160,9,0,0,358,614,358,0
2024-04-28,17,SKU09,Wheat Beer 650ml,Beer,WH04,East DC,160,9,0,0,226,676,226,0
2024-05-05,18,SKU09,Wheat Beer 650ml,Beer,WH04,East DC,160,9,0,0,364,450,364,0
2024-05-12,19,SKU09,Wheat Beer 650ml,Beer,WH04,East DC,160,9,0,0,387,506,387,0
2024-05-19,20,SKU09,Wheat Beer 650ml,Beer,WH04,East DC,160,9,0,0,381,539,381,0
2024-05-26,21,SKU09,Wheat Beer 650ml,Beer,WH04,East DC,160,9,0,0,330,578,330,0
2024-06-02,22,SKU09,Wheat Beer 650ml,Beer,WH04,East DC,160,9,0,0,430,668,430,0
2024-06-09,23,SKU09,Wheat Beer 650ml,Beer,WH04,East DC,160,9,0,0,292,658,292,0
2024-06-16,24,SKU09,Wheat Beer 650ml,Beer,WH04,East DC,160,9,0,0,352,366,352,0
2024-06-23,25,SKU09,Wheat Beer 650ml,Beer,WH04,East DC,160,9,0,1,494,434,434,1
2024-06-30,26,SKU09,Wheat Beer 650ml,Beer,WH04,East DC,160,9,0,0,513,420,420,1
2024-07-07,27,SKU09,Wheat Beer 650ml,Beer,WH04,East DC,160,9,0,0,270,420,270,0
2024-07-14,28,SKU09,Wheat Beer 650ml,Beer,WH04,East DC,160,9,0,0,241,570,241,0
2024-07-21,29,SKU09,Wheat Beer 650ml,Beer,WH04,East DC,160,9,0,0,409,329,329,1
2024-07-28,30,SKU09,Wheat Beer 650ml,Beer,WH04,East DC,160,9,0,0,345,420,345,0
2024-08-04,31,SKU09,Wheat Beer 650ml,Beer,WH04,East DC,160,9,0,0,285,495,285,0
2024-08-11,32,SKU09,Wheat Beer 650ml,Beer,WH04,East DC,160,9,0,0,249,630,249,0
2024-08-18,33,SKU09,Wheat Beer 650ml,Beer,WH04,East DC,160,9,0,0,272,381,272,0
2024-08-25,34,SKU09,Wheat Beer 650ml,Beer,WH04,East DC,160,9,0,0,251,529,251,0
2024-09-01,35,SKU09,Wheat Beer 650ml,Beer,WH04,East DC,160,9,0,0,307,698,307,0
2024-09-08,36,SKU09,Wheat Beer 650ml,Beer,WH04,East DC,160,9,0,0,298,391,298,0
2024-09-15,37,SKU09,Wheat Beer 650ml,Beer,WH04,East DC,160,9,0,1,349,513,349,0
2024-09-22,38,SKU09,Wheat Beer 650ml,Beer,WH04,East DC,160,9,0,0,293,584,293,0
2024-09-29,39,SKU09,Wheat Beer 650ml,Beer,WH04,East DC,160,9,0,0,284,711,284,0
2024-10-06,40,SKU09,Wheat Beer 650ml,Beer,WH04,East DC,160,9,1,0,434,427,427,1
2024-10-13,41,SKU09,Wheat Beer 650ml,Beer,WH04,East DC,160,9,1,0,397,420,397,0
2024-10-20,42,SKU09,Wheat Beer 650ml,Beer,WH04,East DC,160,9,1,1,673,443,443,1
2024-10-27,43,SKU09,Wheat Beer 650ml,Beer,WH04,East DC,160,9,1,1,696,420,420,1
2024-11-03,44,SKU09,Wheat Beer 650ml,Beer,WH04,East DC,160,9,1,0,459,420,420,1
2024-11-10,45,SKU09,Wheat Beer 650ml,Beer,WH04,East DC,160,9,1,0,607,420,420,1
2024-11-17,46,SKU09,Wheat Beer 650ml,Beer,WH04,East DC,160,9,0,0,280,420,280,0
2024-11-24,47,SKU09,Wheat Beer 650ml,Beer,WH04,East DC,160,9,0,0,213,560,213,0
2024-12-01,48,SKU09,Wheat Beer 650ml,Beer,WH04,East DC,160,9,0,0,297,347,297,0
2024-12-08,49,SKU09,Wheat Beer 650ml,Beer,WH04,East DC,160,9,0,0,356,470,356,0
2024-12-15,50,SKU09,Wheat Beer 650ml,Beer,WH04,East DC,160,9,0,0,274,534,274,0
2024-12-22,51,SKU09,Wheat Beer 650ml,Beer,WH04,East DC,160,9,1,0,432,680,432,0
2024-12-29,52,SKU09,Wheat Beer 650ml,Beer,WH04,East DC,160,9,1,0,509,668,509,0
2025-01-05,53,SKU09,Wheat Beer 650ml,Beer,WH04,East DC,160,9,0,0,214,579,214,0
2025-01-12,54,SKU09,Wheat Beer 650ml,Beer,WH04,East DC,160,9,0,0,228,365,228,0
2025-01-19,55,SKU09,Wheat Beer 650ml,Beer,WH04,East DC,160,9,0,0,283,557,283,0
2025-01-26,56,SKU09,Wheat Beer 650ml,Beer,WH04,East DC,160,9,0,0,260,694,260,0
2025-02-02,57,SKU09,Wheat Beer 650ml,Beer,WH04,East DC,160,9,0,0,284,434,284,0
2025-02-09,58,SKU09,Wheat Beer 650ml,Beer,WH04,East DC,160,9,0,0,251,570,251,0
2025-02-16,59,SKU09,Wheat Beer 650ml,Beer,WH04,East DC,160,9,0,0,329,319,319,1
2025-02-23,60,SKU09,Wheat Beer 650ml,Beer,WH04,East DC,160,9,0,0,304,420,304,0
2025-03-02,61,SKU09,Wheat Beer 650ml,Beer,WH04,East DC,160,9,0,0,344,536,344,0
2025-03-09,62,SKU09,Wheat Beer 650ml,Beer,WH04,East DC,160,9,0,0,319,612,319,0
2025-03-16,63,SKU09,Wheat Beer 650ml,Beer,WH04,East DC,160,9,1,0,504,713,504,0
2025-03-23,64,SKU09,Wheat Beer 650ml,Beer,WH04,East DC,160,9,1,0,445,629,445,0
2025-03-30,65,SKU09,Wheat Beer 650ml,Beer,WH04,East DC,160,9,0,0,383,604,383,0
2025-04-06,66,SKU09,Wheat Beer 650ml,Beer,WH04,East DC,160,9,0,0,404,641,404,0
2025-04-13,67,SKU09,Wheat Beer 650ml,Beer,WH04,East DC,160,9,0,0,362,657,362,0
2025-04-20,68,SKU09,Wheat Beer 650ml,Beer,WH04,East DC,160,9,0,0,419,715,419,0
2025-04-27,69,SKU09,Wheat Beer 650ml,Beer,WH04,East DC,160,9,0,0,419,716,419,0
2025-05-04,70,SKU09,Wheat Beer 650ml,Beer,WH04,East DC,160,9,0,0,404,717,404,0
2025-05-11,71,SKU09,Wheat Beer 650ml,Beer,WH04,East DC,160,9,0,0,464,733,464,0
2025-05-18,72,SKU09,Wheat Beer 650ml,Beer,WH04,East DC,160,9,0,0,440,689,440,0
2025-05-25,73,SKU09,Wheat Beer 650ml,Beer,WH04,East DC,160,9,0,0,417,669,417,0
2025-06-01,74,SKU09,Wheat Beer 650ml,Beer,WH04,East DC,160,9,0,0,373,672,373,0
2025-06-08,75,SKU09,Wheat Beer 650ml,Beer,WH04,East DC,160,9,0,0,369,719,369,0
2025-06-15,76,SKU09,Wheat Beer 650ml,Beer,WH04,East DC,160,9,0,0,441,350,350,1
2025-06-22,77,SKU09,Wheat Beer 650ml,Beer,WH04,East DC,160,9,0,0,451,420,420,1
2025-06-29,78,SKU09,Wheat Beer 650ml,Beer,WH04,East DC,160,9,0,0,504,420,420,1
2025-07-06,79,SKU09,Wheat Beer 650ml,Beer,WH04,East DC,160,9,0,1,415,420,415,0
2025-07-13,80,SKU09,Wheat Beer 650ml,Beer,WH04,East DC,160,9,0,0,333,425,333,0
2025-07-20,81,SKU09,Wheat Beer 650ml,Beer,WH04,East DC,160,9,0,0,280,512,280,0
2025-07-27,82,SKU09,Wheat Beer 650ml,Beer,WH04,East DC,160,9,0,0,400,652,400,0
2025-08-03,83,SKU09,Wheat Beer 650ml,Beer,WH04,East DC,160,9,0,0,303,672,303,0
2025-08-10,84,SKU09,Wheat Beer 650ml,Beer,WH04,East DC,160,9,0,0,351,369,351,0
2025-08-17,85,SKU09,Wheat Beer 650ml,Beer,WH04,East DC,160,9,0,0,240,438,240,0
2025-08-24,86,SKU09,Wheat Beer 650ml,Beer,WH04,East DC,160,9,0,0,284,618,284,0
2025-08-31,87,SKU09,Wheat Beer 650ml,Beer,WH04,East DC,160,9,0,0,282,334,282,0
2025-09-07,88,SKU09,Wheat Beer 650ml,Beer,WH04,East DC,160,9,0,0,317,472,317,0
2025-09-14,89,SKU09,Wheat Beer 650ml,Beer,WH04,East DC,160,9,0,0,302,575,302,0
2025-09-21,90,SKU09,Wheat Beer 650ml,Beer,WH04,East DC,160,9,0,0,309,693,309,0
2025-09-28,91,SKU09,Wheat Beer 650ml,Beer,WH04,East DC,160,9,0,0,270,384,270,0
2025-10-05,92,SKU09,Wheat Beer 650ml,Beer,WH04,East DC,160,9,1,0,548,534,534,1
2025-10-12,93,SKU09,Wheat Beer 650ml,Beer,WH04,East DC,160,9,1,0,572,420,420,1
2025-10-19,94,SKU09,Wheat Beer 650ml,Beer,WH04,East DC,160,9,1,0,525,420,420,1
2025-10-26,95,SKU09,Wheat Beer 650ml,Beer,WH04,East DC,160,9,1,0,495,420,420,1
2025-11-02,96,SKU09,Wheat Beer 650ml,Beer,WH04,East DC,160,9,1,0,458,420,420,1
2025-11-09,97,SKU09,Wheat Beer 650ml,Beer,WH04,East DC,160,9,1,0,588,420,420,1
2025-11-16,98,SKU09,Wheat Beer 650ml,Beer,WH04,East DC,160,9,0,0,308,420,308,0
2025-11-23,99,SKU09,Wheat Beer 650ml,Beer,WH04,East DC,160,9,0,0,386,532,386,0
2025-11-30,100,SKU09,Wheat Beer 650ml,Beer,WH04,East DC,160,9,0,0,335,566,335,0
2025-12-07,101,SKU09,Wheat Beer 650ml,Beer,WH04,East DC,160,9,0,0,243,651,243,0
2025-12-14,102,SKU09,Wheat Beer 650ml,Beer,WH04,East DC,160,9,0,0,245,408,245,0
2025-12-21,103,SKU09,Wheat Beer 650ml,Beer,WH04,East DC,160,9,1,0,483,583,483,0
2025-12-28,104,SKU09,Wheat Beer 650ml,Beer,WH04,East DC,160,9,1,0,485,520,485,0
2024-01-07,1,SKU10,Light Beer 330ml,Beer,WH04,East DC,90,6,0,0,596,840,596,0
2024-01-14,2,SKU10,Light Beer 330ml,Beer,WH04,East DC,90,6,0,0,671,1204,671,0
2024-01-21,3,SKU10,Light Beer 330ml,Beer,WH04,East DC,90,6,0,0,633,1493,633,0
2024-01-28,4,SKU10,Light Beer 330ml,Beer,WH04,East DC,90,6,0,0,615,860,615,0
2024-02-04,5,SKU10,Light Beer 330ml,Beer,WH04,East DC,90,6,0,0,461,1205,461,0
2024-02-11,6,SKU10,Light Beer 330ml,Beer,WH04,East DC,90,6,0,0,687,744,687,0
2024-02-18,7,SKU10,Light Beer 330ml,Beer,WH04,East DC,90,6,0,0,437,1017,437,0
2024-02-25,8,SKU10,Light Beer 330ml,Beer,WH04,East DC,90,6,0,0,725,1540,725,0
2024-03-03,9,SKU10,Light Beer 330ml,Beer,WH04,East DC,90,6,0,0,874,815,815,1
2024-03-10,10,SKU10,Light Beer 330ml,Beer,WH04,East DC,90,6,1,0,938,960,938,0
2024-03-17,11,SKU10,Light Beer 330ml,Beer,WH04,East DC,90,6,1,1,1533,982,982,1
2024-03-24,12,SKU10,Light Beer 330ml,Beer,WH04,East DC,90,6,1,0,982,960,960,1
2024-03-31,13,SKU10,Light Beer 330ml,Beer,WH04,East DC,90,6,0,0,646,960,646,0
2024-04-07,14,SKU10,Light Beer 330ml,Beer,WH04,East DC,90,6,0,0,761,1274,761,0
2024-04-14,15,SKU10,Light Beer 330ml,Beer,WH04,East DC,90,6,0,1,1084,1473,1084,0
2024-04-21,16,SKU10,Light Beer 330ml,Beer,WH04,East DC,90,6,0,0,856,1349,856,0
2024-04-28,17,SKU10,Light Beer 330ml,Beer,WH04,East DC,90,6,0,0,805,1453,805,0
2024-05-05,18,SKU10,Light Beer 330ml,Beer,WH04,East DC,90,6,0,0,646,1608,646,0
2024-05-12,19,SKU10,Light Beer 330ml,Beer,WH04,East DC,90,6,0,0,784,962,784,0
2024-05-19,20,SKU10,Light Beer 330ml,Beer,WH04,East DC,90,6,0,0,993,1138,993,0
2024-05-26,21,SKU10,Light Beer 330ml,Beer,WH04,East DC,90,6,0,0,910,1105,910,0
2024-06-02,22,SKU10,Light Beer 330ml,Beer,WH04,East DC,90,6,0,1,922,1155,922,0
2024-06-09,23,SKU10,Light Beer 330ml,Beer,WH04,East DC,90,6,0,0,852,1193,852,0
2024-06-16,24,SKU10,Light Beer 330ml,Beer,WH04,East DC,90,6,0,0,815,1301,815,0
2024-06-23,25,SKU10,Light Beer 330ml,Beer,WH04,East DC,90,6,0,0,1009,1446,1009,0
2024-06-30,26,SKU10,Light Beer 330ml,Beer,WH04,East DC,90,6,0,0,816,1397,816,0
2024-07-07,27,SKU10,Light Beer 330ml,Beer,WH04,East DC,90,6,0,0,606,1541,606,0
2024-07-14,28,SKU10,Light Beer 330ml,Beer,WH04,East DC,90,6,0,0,694,935,694,0
2024-07-21,29,SKU10,Light Beer 330ml,Beer,WH04,East DC,90,6,0,0,864,1201,864,0
2024-07-28,30,SKU10,Light Beer 330ml,Beer,WH04,East DC,90,6,0,0,820,1297,820,0
2024-08-04,31,SKU10,Light Beer 330ml,Beer,WH04,East DC,90,6,0,0,632,1437,632,0
2024-08-11,32,SKU10,Light Beer 330ml,Beer,WH04,East DC,90,6,0,0,547,805,547,0
2024-08-18,33,SKU10,Light Beer 330ml,Beer,WH04,East DC,90,6,0,0,681,1218,681,0
2024-08-25,34,SKU10,Light Beer 330ml,Beer,WH04,East DC,90,6,0,0,539,1497,539,0
2024-09-01,35,SKU10,Light Beer 330ml,Beer,WH04,East DC,90,6,0,0,649,958,649,0
2024-09-08,36,SKU10,Light Beer 330ml,Beer,WH04,East DC,90,6,0,0,675,1269,675,0
2024-09-15,37,SKU10,Light Beer 330ml,Beer,WH04,East DC,90,6,0,0,528,1554,528,0
2024-09-22,38,SKU10,Light Beer 330ml,Beer,WH04,East DC,90,6,0,0,613,1026,613,0
2024-09-29,39,SKU10,Light Beer 330ml,Beer,WH04,East DC,90,6,0,0,659,1373,659,0
2024-10-06,40,SKU10,Light Beer 330ml,Beer,WH04,East DC,90,6,1,0,1210,1674,1210,0
2024-10-13,41,SKU10,Light Beer 330ml,Beer,WH04,East DC,90,6,1,0,1218,1424,1218,0
2024-10-20,42,SKU10,Light Beer 330ml,Beer,WH04,East DC,90,6,1,0,1039,1166,1039,0
2024-10-27,43,SKU10,Light Beer 330ml,Beer,WH04,East DC,90,6,1,0,1069,1087,1069,0
2024-11-03,44,SKU10,Light Beer 330ml,Beer,WH04,East DC,90,6,1,0,1076,978,978,1
2024-11-10,45,SKU10,Light Beer 330ml,Beer,WH04,East DC,90,6,1,0,781,960,781,0
2024-11-17,46,SKU10,Light Beer 330ml,Beer,WH04,East DC,90,6,0,0,740,1139,740,0
2024-11-24,47,SKU10,Light Beer 330ml,Beer,WH04,East DC,90,6,0,0,621,1359,621,0
2024-12-01,48,SKU10,Light Beer 330ml,Beer,WH04,East DC,90,6,0,1,894,738,738,1
2024-12-08,49,SKU10,Light Beer 330ml,Beer,WH04,East DC,90,6,0,0,720,960,720,0
2024-12-15,50,SKU10,Light Beer 330ml,Beer,WH04,East DC,90,6,0,0,794,1200,794,0
2024-12-22,51,SKU10,Light Beer 330ml,Beer,WH04,East DC,90,6,1,0,828,1366,828,0
2024-12-29,52,SKU10,Light Beer 330ml,Beer,WH04,East DC,90,6,1,0,1011,1498,1011,0
2025-01-05,53,SKU10,Light Beer 330ml,Beer,WH04,East DC,90,6,0,0,629,1447,629,0
2025-01-12,54,SKU10,Light Beer 330ml,Beer,WH04,East DC,90,6,0,0,641,818,641,0
2025-01-19,55,SKU10,Light Beer 330ml,Beer,WH04,East DC,90,6,0,0,690,1137,690,0
2025-01-26,56,SKU10,Light Beer 330ml,Beer,WH04,East DC,90,6,0,0,590,1407,590,0
2025-02-02,57,SKU10,Light Beer 330ml,Beer,WH04,East DC,90,6,0,0,619,817,619,0
2025-02-09,58,SKU10,Light Beer 330ml,Beer,WH04,East DC,90,6,0,0,471,1158,471,0
2025-02-16,59,SKU10,Light Beer 330ml,Beer,WH04,East DC,90,6,0,0,595,1647,595,0
2025-02-23,60,SKU10,Light Beer 330ml,Beer,WH04,East DC,90,6,0,0,778,1052,778,0
2025-03-02,61,SKU10,Light Beer 330ml,Beer,WH04,East DC,90,6,0,0,807,1234,807,0
2025-03-09,62,SKU10,Light Beer 330ml,Beer,WH04,East DC,90,6,0,0,798,1387,798,0
2025-03-16,63,SKU10,Light Beer 330ml,Beer,WH04,East DC,90,6,1,0,1305,1549,1305,0
2025-03-23,64,SKU10,Light Beer 330ml,Beer,WH04,East DC,90,6,1,0,1186,1204,1186,0
2025-03-30,65,SKU10,Light Beer 330ml,Beer,WH04,East DC,90,6,0,0,844,978,844,0
2025-04-06,66,SKU10,Light Beer 330ml,Beer,WH04,East DC,90,6,0,0,806,1094,806,0
2025-04-13,67,SKU10,Light Beer 330ml,Beer,WH04,East DC,90,6,0,0,856,1248,856,0
2025-04-20,68,SKU10,Light Beer 330ml,Beer,WH04,East DC,90,6,0,0,855,1352,855,0
2025-04-27,69,SKU10,Light Beer 330ml,Beer,WH04,East DC,90,6,0,0,1003,1457,1003,0
2025-05-04,70,SKU10,Light Beer 330ml,Beer,WH04,East DC,90,6,0,0,801,1414,801,0
2025-05-11,71,SKU10,Light Beer 330ml,Beer,WH04,East DC,90,6,0,0,849,1573,849,0
2025-05-18,72,SKU10,Light Beer 330ml,Beer,WH04,East DC,90,6,0,0,824,724,724,1
2025-05-25,73,SKU10,Light Beer 330ml,Beer,WH04,East DC,90,6,0,0,1059,960,960,1
2025-06-01,74,SKU10,Light Beer 330ml,Beer,WH04,East DC,90,6,0,0,999,960,960,1
2025-06-08,75,SKU10,Light Beer 330ml,Beer,WH04,East DC,90,6,0,0,935,960,935,0
2025-06-15,76,SKU10,Light Beer 330ml,Beer,WH04,East DC,90,6,0,0,970,985,970,0
2025-06-22,77,SKU10,Light Beer 330ml,Beer,WH04,East DC,90,6,0,0,781,975,781,0
2025-06-29,78,SKU10,Light Beer 330ml,Beer,WH04,East DC,90,6,0,0,951,1154,951,0
2025-07-06,79,SKU10,Light Beer 330ml,Beer,WH04,East DC,90,6,0,0,788,1163,788,0
2025-07-13,80,SKU10,Light Beer 330ml,Beer,WH04,East DC,90,6,0,0,687,1335,687,0
2025-07-20,81,SKU10,Light Beer 330ml,Beer,WH04,East DC,90,6,0,1,767,1608,767,0
2025-07-27,82,SKU10,Light Beer 330ml,Beer,WH04,East DC,90,6,0,0,768,841,768,0
2025-08-03,83,SKU10,Light Beer 330ml,Beer,WH04,East DC,90,6,0,0,661,1033,661,0
2025-08-10,84,SKU10,Light Beer 330ml,Beer,WH04,East DC,90,6,0,0,525,1332,525,0
2025-08-17,85,SKU10,Light Beer 330ml,Beer,WH04,East DC,90,6,0,0,683,807,683,0
2025-08-24,86,SKU10,Light Beer 330ml,Beer,WH04,East DC,90,6,0,0,722,1084,722,0
2025-08-31,87,SKU10,Light Beer 330ml,Beer,WH04,East DC,90,6,0,0,747,1322,747,0
2025-09-07,88,SKU10,Light Beer 330ml,Beer,WH04,East DC,90,6,0,0,654,1535,654,0
2025-09-14,89,SKU10,Light Beer 330ml,Beer,WH04,East DC,90,6,0,0,683,881,683,0
2025-09-21,90,SKU10,Light Beer 330ml,Beer,WH04,East DC,90,6,0,0,748,1158,748,0
2025-09-28,91,SKU10,Light Beer 330ml,Beer,WH04,East DC,90,6,0,0,663,1370,663,0
2025-10-05,92,SKU10,Light Beer 330ml,Beer,WH04,East DC,90,6,1,0,1098,1667,1098,0
2025-10-12,93,SKU10,Light Beer 330ml,Beer,WH04,East DC,90,6,1,0,1100,1529,1100,0
2025-10-19,94,SKU10,Light Beer 330ml,Beer,WH04,East DC,90,6,1,0,1325,1389,1325,0
2025-10-26,95,SKU10,Light Beer 330ml,Beer,WH04,East DC,90,6,1,0,1234,1024,1024,1
2025-11-02,96,SKU10,Light Beer 330ml,Beer,WH04,East DC,90,6,1,0,1158,960,960,1
2025-11-09,97,SKU10,Light Beer 330ml,Beer,WH04,East DC,90,6,1,0,1092,960,960,1
2025-11-16,98,SKU10,Light Beer 330ml,Beer,WH04,East DC,90,6,0,0,643,960,643,0
2025-11-23,99,SKU10,Light Beer 330ml,Beer,WH04,East DC,90,6,0,0,681,1277,681,0
2025-11-30,100,SKU10,Light Beer 330ml,Beer,WH04,East DC,90,6,0,0,800,1556,800,0
2025-12-07,101,SKU10,Light Beer 330ml,Beer,WH04,East DC,90,6,0,1,964,756,756,1
2025-12-14,102,SKU10,Light Beer 330ml,Beer,WH04,East DC,90,6,0,0,816,960,816,0
2025-12-21,103,SKU10,Light Beer 330ml,Beer,WH04,East DC,90,6,1,0,950,1104,950,0
2025-12-28,104,SKU10,Light Beer 330ml,Beer,WH04,East DC,90,6,1,0,785,1114,785,0
2024-01-07,1,SKU11,Premium Can 330ml,Beer,WH04,East DC,110,6,0,0,587,840,587,0
2024-01-14,2,SKU11,Premium Can 330ml,Beer,WH04,East DC,110,6,0,0,646,1213,646,0
2024-01-21,3,SKU11,Premium Can 330ml,Beer,WH04,East DC,110,6,0,0,626,1527,626,0
2024-01-28,4,SKU11,Premium Can 330ml,Beer,WH04,East DC,110,6,0,0,783,901,783,0
2024-02-04,5,SKU11,Premium Can 330ml,Beer,WH04,East DC,110,6,0,1,830,1078,830,0
2024-02-11,6,SKU11,Premium Can 330ml,Beer,WH04,East DC,110,6,0,1,703,1208,703,0
2024-02-18,7,SKU11,Premium Can 330ml,Beer,WH04,East DC,110,6,0,0,696,1465,696,0
2024-02-25,8,SKU11,Premium Can 330ml,Beer,WH04,East DC,110,6,0,0,490,769,490,0
2024-03-03,9,SKU11,Premium Can 330ml,Beer,WH04,East DC,110,6,0,1,828,1239,828,0
2024-03-10,10,SKU11,Premium Can 330ml,Beer,WH04,East DC,110,6,1,0,1074,1371,1074,0
2024-03-17,11,SKU11,Premium Can 330ml,Beer,WH04,East DC,110,6,1,0,1298,1257,1257,1
2024-03-24,12,SKU11,Premium Can 330ml,Beer,WH04,East DC,110,6,1,0,1174,960,960,1
2024-03-31,13,SKU11,Premium Can 330ml,Beer,WH04,East DC,110,6,0,0,637,960,637,0
2024-04-07,14,SKU11,Premium Can 330ml,Beer,WH04,East DC,110,6,0,0,576,1283,576,0
2024-04-14,15,SKU11,Premium Can 330ml,Beer,WH04,East DC,110,6,0,0,711,1667,711,0
2024-04-21,16,SKU11,Premium Can 330ml,Beer,WH04,East DC,110,6,0,0,881,956,881,0
2024-04-28,17,SKU11,Premium Can 330ml,Beer,WH04,East DC,110,6,0,0,1069,1035,1035,1
2024-05-05,18,SKU11,Premium Can 330ml,Beer,WH04,East DC,110,6,0,0,815,960,815,0
2024-05-12,19,SKU11,Premium Can 330ml,Beer,WH04,East DC,110,6,0,0,660,1105,660,0
2024-05-19,20,SKU11,Premium Can 330ml,Beer,WH04,East DC,110,6,0,1,1148,1405,1148,0
2024-05-26,21,SKU11,Premium Can 330ml,Beer,WH04,East DC,110,6,0,0,883,1217,883,0
2024-06-02,22,SKU11,Premium Can 330ml,Beer,WH04,East DC,110,6,0,0,783,1294,783,0
2024-06-09,23,SKU11,Premium Can 330ml,Beer,WH04,East DC,110,6,0,0,708,1471,708,0
2024-06-16,24,SKU11,Premium Can 330ml,Beer,WH04,East DC,110,6,0,0,778,763,763,1
2024-06-23,25,SKU11,Premium Can 330ml,Beer,WH04,East DC,110,6,0,0,838,960,838,0
2024-06-30,26,SKU11,Premium Can 330ml,Beer,WH04,East DC,110,6,0,0,814,1082,814,0
2024-07-07,27,SKU11,Premium Can 330ml,Beer,WH04,East DC,110,6,0,0,614,1228,614,0
2024-07-14,28,SKU11,Premium Can 330ml,Beer,WH04,East DC,110,6,0,0,603,1574,603,0
2024-07-21,29,SKU11,Premium Can 330ml,Beer,WH04,East DC,110,6,0,1,814,971,814,0
2024-07-28,30,SKU11,Premium Can 330ml,Beer,WH04,East DC,110,6,0,0,774,1117,774,0
2024-08-04,31,SKU11,Premium Can 330ml,Beer,WH04,East DC,110,6,0,0,600,1303,600,0
2024-08-11,32,SKU11,Premium Can 330ml,Beer,WH04,East DC,110,6,0,0,700,1663,700,0
2024-08-18,33,SKU11,Premium Can 330ml,Beer,WH04,East DC,110,6,0,0,589,963,589,0
2024-08-25,34,SKU11,Premium Can 330ml,Beer,WH04,East DC,110,6,0,0,686,1334,686,0
2024-09-01,35,SKU11,Premium Can 330ml,Beer,WH04,East DC,110,6,0,0,683,1608,683,0
2024-09-08,36,SKU11,Premium Can 330ml,Beer,WH04,East DC,110,6,0,0,602,925,602,0
2024-09-15,37,SKU11,Premium Can 330ml,Beer,WH04,East DC,110,6,0,0,763,1283,763,0
2024-09-22,38,SKU11,Premium Can 330ml,Beer,WH04,East DC,110,6,0,0,693,1480,693,0
2024-09-29,39,SKU11,Premium Can 330ml,Beer,WH04,East DC,110,6,0,0,716,787,716,0
2024-10-06,40,SKU11,Premium Can 330ml,Beer,WH04,East DC,110,6,1,0,1243,1031,1031,1
2024-10-13,41,SKU11,Premium Can 330ml,Beer,WH04,East DC,110,6,1,0,1090,960,960,1
2024-10-20,42,SKU11,Premium Can 330ml,Beer,WH04,East DC,110,6,1,0,1360,960,960,1
2024-10-27,43,SKU11,Premium Can 330ml,Beer,WH04,East DC,110,6,1,0,1265,960,960,1
2024-11-03,44,SKU11,Premium Can 330ml,Beer,WH04,East DC,110,6,1,0,1166,960,960,1
2024-11-10,45,SKU11,Premium Can 330ml,Beer,WH04,East DC,110,6,1,0,1292,960,960,1
2024-11-17,46,SKU11,Premium Can 330ml,Beer,WH04,East DC,110,6,0,0,728,960,728,0
2024-11-24,47,SKU11,Premium Can 330ml,Beer,WH04,East DC,110,6,0,0,715,1192,715,0
2024-12-01,48,SKU11,Premium Can 330ml,Beer,WH04,East DC,110,6,0,0,628,1437,628,0
2024-12-08,49,SKU11,Premium Can 330ml,Beer,WH04,East DC,110,6,0,0,553,809,553,0
2024-12-15,50,SKU11,Premium Can 330ml,Beer,WH04,East DC,110,6,0,0,700,1216,700,0
2024-12-22,51,SKU11,Premium Can 330ml,Beer,WH04,East DC,110,6,1,0,983,1476,983,0
2024-12-29,52,SKU11,Premium Can 330ml,Beer,WH04,East DC,110,6,1,0,834,1453,834,0
2025-01-05,53,SKU11,Premium Can 330ml,Beer,WH04,East DC,110,6,0,1,810,1579,810,0
2025-01-12,54,SKU11,Premium Can 330ml,Beer,WH04,East DC,110,6,0,0,673,769,673,0
2025-01-19,55,SKU11,Premium Can 330ml,Beer,WH04,East DC,110,6,0,0,653,1056,653,0
2025-01-26,56,SKU11,Premium Can 330ml,Beer,WH04,East DC,110,6,0,0,468,1363,468,0
2025-02-02,57,SKU11,Premium Can 330ml,Beer,WH04,East DC,110,6,0,0,681,895,681,0
2025-02-09,58,SKU11,Premium Can 330ml,Beer,WH04,East DC,110,6,0,0,612,1174,612,0
2025-02-16,59,SKU11,Premium Can 330ml,Beer,WH04,East DC,110,6,0,0,628,1522,628,0
2025-02-23,60,SKU11,Premium Can 330ml,Beer,WH04,East DC,110,6,0,0,693,894,693,0
2025-03-02,61,SKU11,Premium Can 330ml,Beer,WH04,East DC,110,6,0,0,479,1161,479,0
2025-03-09,62,SKU11,Premium Can 330ml,Beer,WH04,East DC,110,6,0,0,638,1642,638,0
2025-03-16,63,SKU11,Premium Can 330ml,Beer,WH04,East DC,110,6,1,0,1364,1004,1004,1
2025-03-23,64,SKU11,Premium Can 330ml,Beer,WH04,East DC,110,6,1,1,1460,960,960,1
2025-03-30,65,SKU11,Premium Can 330ml,Beer,WH04,East DC,110,6,0,0,817,960,817,0
2025-04-06,66,SKU11,Premium Can 330ml,Beer,WH04,East DC,110,6,0,0,939,1103,939,0
2025-04-13,67,SKU11,Premium Can 330ml,Beer,WH04,East DC,110,6,0,0,898,1124,898,0
2025-04-20,68,SKU11,Premium Can 330ml,Beer,WH04,East DC,110,6,0,0,858,1186,858,0
2025-04-27,69,SKU11,Premium Can 330ml,Beer,WH04,East DC,110,6,0,0,924,1288,924,0
2025-05-04,70,SKU11,Premium Can 330ml,Beer,WH04,East DC,110,6,0,0,898,1324,898,0
2025-05-11,71,SKU11,Premium Can 330ml,Beer,WH04,East DC,110,6,0,0,728,1386,728,0
2025-05-18,72,SKU11,Premium Can 330ml,Beer,WH04,East DC,110,6,0,0,697,1618,697,0
2025-05-25,73,SKU11,Premium Can 330ml,Beer,WH04,East DC,110,6,0,1,1146,921,921,1
2025-06-01,74,SKU11,Premium Can 330ml,Beer,WH04,East DC,110,6,0,0,786,960,786,0
2025-06-08,75,SKU11,Premium Can 330ml,Beer,WH04,East DC,110,6,0,0,995,1134,995,0
2025-06-15,76,SKU11,Premium Can 330ml,Beer,WH04,East DC,110,6,0,0,703,1099,703,0
2025-06-22,77,SKU11,Premium Can 330ml,Beer,WH04,East DC,110,6,0,0,983,1356,983,0
2025-06-29,78,SKU11,Premium Can 330ml,Beer,WH04,East DC,110,6,0,0,970,1333,970,0
2025-07-06,79,SKU11,Premium Can 330ml,Beer,WH04,East DC,110,6,0,0,763,1323,763,0
2025-07-13,80,SKU11,Premium Can 330ml,Beer,WH04,East DC,110,6,0,0,564,1520,564,0
2025-07-20,81,SKU11,Premium Can 330ml,Beer,WH04,East DC,110,6,0,0,733,956,733,0
2025-07-27,82,SKU11,Premium Can 330ml,Beer,WH04,East DC,110,6,0,1,1026,1183,1026,0
2025-08-03,83,SKU11,Premium Can 330ml,Beer,WH04,East DC,110,6,0,0,466,1117,466,0
2025-08-10,84,SKU11,Premium Can 330ml,Beer,WH04,East DC,110,6,0,0,723,1611,723,0
2025-08-17,85,SKU11,Premium Can 330ml,Beer,WH04,East DC,110,6,0,0,574,888,574,0
2025-08-24,86,SKU11,Premium Can 330ml,Beer,WH04,East DC,110,6,0,0,538,1274,538,0
2025-08-31,87,SKU11,Premium Can 330ml,Beer,WH04,East DC,110,6,0,0,724,736,724,0
2025-09-07,88,SKU11,Premium Can 330ml,Beer,WH04,East DC,110,6,0,0,644,972,644,0
2025-09-14,89,SKU11,Premium Can 330ml,Beer,WH04,East DC,110,6,0,0,695,1288,695,0
2025-09-21,90,SKU11,Premium Can 330ml,Beer,WH04,East DC,110,6,0,0,673,1553,673,0
2025-09-28,91,SKU11,Premium Can 330ml,Beer,WH04,East DC,110,6,0,1,793,880,793,0
2025-10-05,92,SKU11,Premium Can 330ml,Beer,WH04,East DC,110,6,1,0,901,1047,901,0
2025-10-12,93,SKU11,Premium Can 330ml,Beer,WH04,East DC,110,6,1,0,1274,1106,1106,1
2025-10-19,94,SKU11,Premium Can 330ml,Beer,WH04,East DC,110,6,1,0,1308,960,960,1
2025-10-26,95,SKU11,Premium Can 330ml,Beer,WH04,East DC,110,6,1,0,1246,960,960,1
2025-11-02,96,SKU11,Premium Can 330ml,Beer,WH04,East DC,110,6,1,0,1267,960,960,1
2025-11-09,97,SKU11,Premium Can 330ml,Beer,WH04,East DC,110,6,1,0,1224,960,960,1
2025-11-16,98,SKU11,Premium Can 330ml,Beer,WH04,East DC,110,6,0,0,650,960,650,0
2025-11-23,99,SKU11,Premium Can 330ml,Beer,WH04,East DC,110,6,0,0,769,1270,769,0
2025-11-30,100,SKU11,Premium Can 330ml,Beer,WH04,East DC,110,6,0,0,780,1461,780,0
2025-12-07,101,SKU11,Premium Can 330ml,Beer,WH04,East DC,110,6,0,1,1024,1641,1024,0
2025-12-14,102,SKU11,Premium Can 330ml,Beer,WH04,East DC,110,6,0,0,528,1577,528,0
2025-12-21,103,SKU11,Premium Can 330ml,Beer,WH04,East DC,110,6,1,0,1204,1049,1049,1
2025-12-28,104,SKU11,Premium Can 330ml,Beer,WH04,East DC,110,6,1,0,1030,960,960,1
2024-01-07,1,SKU12,Cider 500ml,Non-Alcoholic,WH04,East DC,130,10,0,0,246,368,246,0
2024-01-14,2,SKU12,Cider 500ml,Non-Alcoholic,WH04,East DC,130,10,0,0,224,542,224,0
2024-01-21,3,SKU12,Cider 500ml,Non-Alcoholic,WH04,East DC,130,10,0,1,360,318,318,1
2024-01-28,4,SKU12,Cider 500ml,Non-Alcoholic,WH04,East DC,130,10,0,0,280,420,280,0
2024-02-04,5,SKU12,Cider 500ml,Non-Alcoholic,WH04,East DC,130,10,0,0,277,560,277,0
2024-02-11,6,SKU12,Cider 500ml,Non-Alcoholic,WH04,East DC,130,10,0,0,281,703,281,0
2024-02-18,7,SKU12,Cider 500ml,Non-Alcoholic,WH04,East DC,130,10,0,0,285,422,285,0
2024-02-25,8,SKU12,Cider 500ml,Non-Alcoholic,WH04,East DC,130,10,0,0,324,557,324,0
2024-03-03,9,SKU12,Cider 500ml,Non-Alcoholic,WH04,East DC,130,10,0,0,316,653,316,0
2024-03-10,10,SKU12,Cider 500ml,Non-Alcoholic,WH04,East DC,130,10,1,0,525,337,337,1
2024-03-17,11,SKU12,Cider 500ml,Non-Alcoholic,WH04,East DC,130,10,1,0,467,420,420,1
2024-03-24,12,SKU12,Cider 500ml,Non-Alcoholic,WH04,East DC,130,10,1,0,608,420,420,1
2024-03-31,13,SKU12,Cider 500ml,Non-Alcoholic,WH04,East DC,130,10,0,0,248,420,248,0
2024-04-07,14,SKU12,Cider 500ml,Non-Alcoholic,WH04,East DC,130,10,0,0,417,592,417,0
2024-04-14,15,SKU12,Cider 500ml,Non-Alcoholic,WH04,East DC,130,10,0,0,375,595,375,0
2024-04-21,16,SKU12,Cider 500ml,Non-Alcoholic,WH04,East DC,130,10,0,0,354,640,354,0
2024-04-28,17,SKU12,Cider 500ml,Non-Alcoholic,WH04,East DC,130,10,0,0,310,706,310,0
2024-05-05,18,SKU12,Cider 500ml,Non-Alcoholic,WH04,East DC,130,10,0,0,397,396,396,1
2024-05-12,19,SKU12,Cider 500ml,Non-Alcoholic,WH04,East DC,130,10,0,0,329,420,329,0
2024-05-19,20,SKU12,Cider 500ml,Non-Alcoholic,WH04,East DC,130,10,0,0,412,511,412,0
2024-05-26,21,SKU12,Cider 500ml,Non-Alcoholic,WH04,East DC,130,10,0,1,449,519,449,0
2024-06-02,22,SKU12,Cider 500ml,Non-Alcoholic,WH04,East DC,130,10,0,0,299,490,299,0
2024-06-09,23,SKU12,Cider 500ml,Non-Alcoholic,WH04,East DC,130,10,0,0,372,611,372,0
2024-06-16,24,SKU12,Cider 500ml,Non-Alcoholic,WH04,East DC,130,10,0,0,368,659,368,0
2024-06-23,25,SKU12,Cider 500ml,Non-Alcoholic,WH04,East DC,130,10,0,0,458,711,458,0
2024-06-30,26,SKU12,Cider 500ml,Non-Alcoholic,WH04,East DC,130,10,0,0,416,673,416,0
2024-07-07,27,SKU12,Cider 500ml,Non-Alcoholic,WH04,East DC,130,10,0,0,377,677,377,0
2024-07-14,28,SKU12,Cider 500ml,Non-Alcoholic,WH04,East DC,130,10,0,0,344,720,344,0
2024-07-21,29,SKU12,Cider 500ml,Non-Alcoholic,WH04,East DC,130,10,0,0,266,376,266,0
2024-07-28,30,SKU12,Cider 500ml,Non-Alcoholic,WH04,East DC,130,10,0,0,348,530,348,0
2024-08-04,31,SKU12,Cider 500ml,Non-Alcoholic,WH04,East DC,130,10,0,0,259,602,259,0
2024-08-11,32,SKU12,Cider 500ml,Non-Alcoholic,WH04,East DC,130,10,0,0,256,343,256,0
2024-08-18,33,SKU12,Cider 500ml,Non-Alcoholic,WH04,East DC,130,10,0,0,296,507,296,0
2024-08-25,34,SKU12,Cider 500ml,Non-Alcoholic,WH04,East DC,130,10,0,0,256,631,256,0
2024-09-01,35,SKU12,Cider 500ml,Non-Alcoholic,WH04,East DC,130,10,0,0,322,375,322,0
2024-09-08,36,SKU12,Cider 500ml,Non-Alcoholic,WH04,East DC,130,10,0,0,222,473,222,0
2024-09-15,37,SKU12,Cider 500ml,Non-Alcoholic,WH04,East DC,130,10,0,0,275,671,275,0
2024-09-22,38,SKU12,Cider 500ml,Non-Alcoholic,WH04,East DC,130,10,0,0,276,396,276,0
2024-09-29,39,SKU12,Cider 500ml,Non-Alcoholic,WH04,East DC,130,10,0,1,301,540,301,0
2024-10-06,40,SKU12,Cider 500ml,Non-Alcoholic,WH04,East DC,130,10,1,0,475,659,475,0
2024-10-13,41,SKU12,Cider 500ml,Non-Alcoholic,WH04,East DC,130,10,1,0,470,604,470,0
2024-10-20,42,SKU12,Cider 500ml,Non-Alcoholic,WH04,East DC,130,10,1,0,402,554,402,0
2024-10-27,43,SKU12,Cider 500ml,Non-Alcoholic,WH04,East DC,130,10,1,0,453,572,453,0
2024-11-03,44,SKU12,Cider 500ml,Non-Alcoholic,WH04,East DC,130,10,1,0,490,539,490,0
2024-11-10,45,SKU12,Cider 500ml,Non-Alcoholic,WH04,East DC,130,10,1,0,487,469,469,1
2024-11-17,46,SKU12,Cider 500ml,Non-Alcoholic,WH04,East DC,130,10,0,0,303,420,303,0
2024-11-24,47,SKU12,Cider 500ml,Non-Alcoholic,WH04,East DC,130,10,0,0,323,537,323,0
2024-12-01,48,SKU12,Cider 500ml,Non-Alcoholic,WH04,East DC,130,10,0,0,268,634,268,0
2024-12-08,49,SKU12,Cider 500ml,Non-Alcoholic,WH04,East DC,130,10,0,0,239,366,239,0
2024-12-15,50,SKU12,Cider 500ml,Non-Alcoholic,WH04,East DC,130,10,0,0,293,547,293,0
2024-12-22,51,SKU12,Cider 500ml,Non-Alcoholic,WH04,East DC,130,10,1,0,411,674,411,0
2024-12-29,52,SKU12,Cider 500ml,Non-Alcoholic,WH04,East DC,130,10,1,0,470,683,470,0
2025-01-05,53,SKU12,Cider 500ml,Non-Alcoholic,WH04,East DC,130,10,0,0,276,633,276,0
2025-01-12,54,SKU12,Cider 500ml,Non-Alcoholic,WH04,East DC,130,10,0,0,282,357,282,0
2025-01-19,55,SKU12,Cider 500ml,Non-Alcoholic,WH04,East DC,130,10,0,0,274,495,274,0
2025-01-26,56,SKU12,Cider 500ml,Non-Alcoholic,WH04,East DC,130,10,0,0,331,641,331,0
2025-02-02,57,SKU12,Cider 500ml,Non-Alcoholic,WH04,East DC,130,10,0,0,286,730,286,0
2025-02-09,58,SKU12,Cider 500ml,Non-Alcoholic,WH04,East DC,130,10,0,0,319,444,319,0
2025-02-16,59,SKU12,Cider 500ml,Non-Alcoholic,WH04,East DC,130,10,0,0,271,545,271,0
2025-02-23,60,SKU12,Cider 500ml,Non-Alcoholic,WH04,East DC,130,10,0,0,303,694,303,0
2025-03-02,61,SKU12,Cider 500ml,Non-Alcoholic,WH04,East DC,130,10,0,1,444,391,391,1
2025-03-09,62,SKU12,Cider 500ml,Non-Alcoholic,WH04,East DC,130,10,0,0,313,420,313,0
2025-03-16,63,SKU12,Cider 500ml,Non-Alcoholic,WH04,East DC,130,10,1,0,572,527,527,1
2025-03-23,64,SKU12,Cider 500ml,Non-Alcoholic,WH04,East DC,130,10,1,0,422,420,420,1
2025-03-30,65,SKU12,Cider 500ml,Non-Alcoholic,WH04,East DC,130,10,0,0,336,420,336,0
2025-04-06,66,SKU12,Cider 500ml,Non-Alcoholic,WH04,East DC,130,10,0,0,413,504,413,0
2025-04-13,67,SKU12,Cider 500ml,Non-Alcoholic,WH04,East DC,130,10,0,0,350,511,350,0
2025-04-20,68,SKU12,Cider 500ml,Non-Alcoholic,WH04,East DC,130,10,0,0,361,581,361,0
2025-04-27,69,SKU12,Cider 500ml,Non-Alcoholic,WH04,East DC,130,10,0,0,333,640,333,0
2025-05-04,70,SKU12,Cider 500ml,Non-Alcoholic,WH04,East DC,130,10,0,0,338,727,338,0
2025-05-11,71,SKU12,Cider 500ml,Non-Alcoholic,WH04,East DC,130,10,0,0,347,389,347,0
2025-05-18,72,SKU12,Cider 500ml,Non-Alcoholic,WH04,East DC,130,10,0,0,424,462,424,0
2025-05-25,73,SKU12,Cider 500ml,Non-Alcoholic,WH04,East DC,130,10,0,0,350,458,350,0
2025-06-01,74,SKU12,Cider 500ml,Non-Alcoholic,WH04,East DC,130,10,0,0,295,528,295,0
2025-06-08,75,SKU12,Cider 500ml,Non-Alcoholic,WH04,East DC,130,10,0,0,411,653,411,0
2025-06-15,76,SKU12,Cider 500ml,Non-Alcoholic,WH04,East DC,130,10,0,0,298,662,298,0
2025-06-22,77,SKU12,Cider 500ml,Non-Alcoholic,WH04,East DC,130,10,0,1,481,364,364,1
2025-06-29,78,SKU12,Cider 500ml,Non-Alcoholic,WH04,East DC,130,10,0,0,373,420,373,0
2025-07-06,79,SKU12,Cider 500ml,Non-Alcoholic,WH04,East DC,130,10,0,0,316,467,316,0
2025-07-13,80,SKU12,Cider 500ml,Non-Alcoholic,WH04,East DC,130,10,0,0,273,571,273,0
2025-07-20,81,SKU12,Cider 500ml,Non-Alcoholic,WH04,East DC,130,10,0,0,347,718,347,0
2025-07-27,82,SKU12,Cider 500ml,Non-Alcoholic,WH04,East DC,130,10,0,1,376,371,371,1
2025-08-03,83,SKU12,Cider 500ml,Non-Alcoholic,WH04,East DC,130,10,0,0,179,420,179,0
2025-08-10,84,SKU12,Cider 500ml,Non-Alcoholic,WH04,East DC,130,10,0,0,315,661,315,0
2025-08-17,85,SKU12,Cider 500ml,Non-Alcoholic,WH04,East DC,130,10,0,0,305,346,305,0
2025-08-24,86,SKU12,Cider 500ml,Non-Alcoholic,WH04,East DC,130,10,0,0,335,461,335,0
2025-08-31,87,SKU12,Cider 500ml,Non-Alcoholic,WH04,East DC,130,10,0,0,293,546,293,0
2025-09-07,88,SKU12,Cider 500ml,Non-Alcoholic,WH04,East DC,130,10,0,0,309,673,309,0
2025-09-14,89,SKU12,Cider 500ml,Non-Alcoholic,WH04,East DC,130,10,0,0,270,364,270,0
2025-09-21,90,SKU12,Cider 500ml,Non-Alcoholic,WH04,East DC,130,10,0,0,225,514,225,0
2025-09-28,91,SKU12,Cider 500ml,Non-Alcoholic,WH04,East DC,130,10,0,0,264,709,264,0
2025-10-05,92,SKU12,Cider 500ml,Non-Alcoholic,WH04,East DC,130,10,1,0,555,445,445,1
2025-10-12,93,SKU12,Cider 500ml,Non-Alcoholic,WH04,East DC,130,10,1,0,541,420,420,1
2025-10-19,94,SKU12,Cider 500ml,Non-Alcoholic,WH04,East DC,130,10,1,0,508,420,420,1
2025-10-26,95,SKU12,Cider 500ml,Non-Alcoholic,WH04,East DC,130,10,1,0,499,420,420,1
2025-11-02,96,SKU12,Cider 500ml,Non-Alcoholic,WH04,East DC,130,10,1,0,454,420,420,1
2025-11-09,97,SKU12,Cider 500ml,Non-Alcoholic,WH04,East DC,130,10,1,0,508,420,420,1
2025-11-16,98,SKU12,Cider 500ml,Non-Alcoholic,WH04,East DC,130,10,0,0,282,420,282,0
2025-11-23,99,SKU12,Cider 500ml,Non-Alcoholic,WH04,East DC,130,10,0,0,338,558,338,0
2025-11-30,100,SKU12,Cider 500ml,Non-Alcoholic,WH04,East DC,130,10,0,0,308,640,308,0
2025-12-07,101,SKU12,Cider 500ml,Non-Alcoholic,WH04,East DC,130,10,0,0,298,332,298,0
2025-12-14,102,SKU12,Cider 500ml,Non-Alcoholic,WH04,East DC,130,10,0,0,301,454,301,0
2025-12-21,103,SKU12,Cider 500ml,Non-Alcoholic,WH04,East DC,130,10,1,0,521,573,521,0
2025-12-28,104,SKU12,Cider 500ml,Non-Alcoholic,WH04,East DC,130,10,1,0,419,472,419,0
